time,ballX,ballY,shoulderLangle,shoulderRangle,shoulderLTransv,shoulderRTransv,elbowLangle,elbowRangle,hipLangle,hipRangle,kneeLangle,kneeRangle,l_shoulderX,l_shoulderY,l_shoulderZ,r_shoulderX,r_shoulderY,r_shoulderZ,l_elbowX,l_elbowY,l_elbowZ,r_elbowX,r_elbowY,r_elbowZ,l_wristX,l_wristY,l_wristZ,r_wristX,r_wristY,r_wristZ,l_hipX,l_hipY,l_hipZ,r_hipX,r_hipY,r_hipZ,l_kneeX,l_kneeY,l_kneeZ,r_kneeX,r_kneeY,r_kneeZ,l_ankleX,l_ankleY,l_ankleZ,r_ankleX,r_ankleY,r_ankleZ
193158,11.861, -12.000,18,18,13,50,31,46,14,13,30,18,-0.093, 0.514, 0.096,0.216, 0.441, 0.065,-0.170, 0.297, 0.085,0.238, 0.202, 0.032,-0.220, 0.100, 0.197,0.311, 0.046, 0.150,-0.111, 0.006, 0.010,0.112, -0.006, -0.011,-0.096, -0.384, 0.037,0.086, -0.389, -0.011,-0.138, -0.712, -0.117,0.045, -0.739, -0.128
193158,12.375, -12.000,18,18,18,62,31,47,16,15,29,18,-0.093, 0.506, 0.120,0.221, 0.440, 0.100,-0.171, 0.289, 0.100,0.242, 0.202, 0.051,-0.220, 0.082, 0.204,0.320, 0.046, 0.158,-0.111, 0.007, 0.009,0.112, -0.006, -0.011,-0.097, -0.384, 0.036,0.073, -0.389, -0.008,-0.136, -0.714, -0.112,0.025, -0.740, -0.125
193158,12.511, -12.000,19,18,19,63,31,47,17,16,28,18,-0.093, 0.504, 0.126,0.222, 0.439, 0.109,-0.171, 0.286, 0.104,0.244, 0.202, 0.059,-0.220, 0.078, 0.206,0.322, 0.045, 0.162,-0.111, 0.007, 0.009,0.112, -0.006, -0.010,-0.097, -0.384, 0.035,0.070, -0.389, -0.007,-0.135, -0.714, -0.110,0.022, -0.741, -0.123
193158,12.646, -12.000,20,19,18,59,28,49,17,14,31,22,-0.091, 0.504, 0.148,0.225, 0.437, 0.118,-0.171, 0.285, 0.130,0.244, 0.196, 0.076,-0.220, 0.076, 0.223,0.325, 0.042, 0.199,-0.111, 0.007, 0.010,0.112, -0.006, -0.012,-0.097, -0.387, 0.023,0.055, -0.383, -0.030,-0.138, -0.714, -0.153,-0.019, -0.707, -0.184
193158,13.012, -12.000,21,18,17,64,28,50,17,11,32,22,-0.086, 0.508, 0.150,0.230, 0.437, 0.115,-0.171, 0.286, 0.134,0.244, 0.193, 0.073,-0.219, 0.077, 0.228,0.331, 0.039, 0.195,-0.111, 0.007, 0.012,0.112, -0.007, -0.013,-0.097, -0.389, 0.018,0.051, -0.381, -0.050,-0.139, -0.714, -0.172,-0.027, -0.696, -0.217
193158,13.014, -12.000,21,20,14,68,28,52,14,13,28,20,-0.082, 0.508, 0.154,0.237, 0.425, 0.135,-0.170, 0.285, 0.136,0.248, 0.182, 0.104,-0.217, 0.074, 0.228,0.331, 0.035, 0.237,-0.111, 0.009, 0.009,0.112, -0.008, -0.011,-0.097, -0.391, -0.010,0.035, -0.381, -0.047,-0.140, -0.714, -0.195,-0.029, -0.700, -0.206
193158,13.035, -12.000,21,21,14,72,29,52,14,13,27,20,-0.078, 0.508, 0.152,0.242, 0.421, 0.140,-0.169, 0.285, 0.132,0.251, 0.179, 0.109,-0.216, 0.073, 0.227,0.332, 0.033, 0.242,-0.111, 0.010, 0.007,0.112, -0.009, -0.008,-0.098, -0.392, -0.012,0.032, -0.384, -0.044,-0.140, -0.716, -0.189,-0.027, -0.702, -0.198
193158,12.759, -12.000,22,23,13,69,29,51,14,15,29,19,-0.075, 0.508, 0.160,0.243, 0.411, 0.149,-0.168, 0.284, 0.140,0.251, 0.168, 0.125,-0.213, 0.070, 0.233,0.327, 0.022, 0.267,-0.111, 0.012, 0.006,0.111, -0.011, -0.007,-0.084, -0.392, -0.033,0.031, -0.392, -0.043,-0.092, -0.702, -0.242,-0.023, -0.721, -0.196
193158,12.619, -12.000,21,24,14,64,29,51,14,17,29,18,-0.073, 0.507, 0.162,0.242, 0.403, 0.154,-0.166, 0.282, 0.140,0.251, 0.161, 0.135,-0.210, 0.067, 0.231,0.324, 0.018, 0.279,-0.110, 0.013, 0.003,0.111, -0.012, -0.005,-0.083, -0.393, -0.039,0.030, -0.393, -0.030,-0.085, -0.699, -0.253,-0.021, -0.726, -0.169
193158,12.473, -12.000,21,23,16,64,31,52,15,16,27,19,-0.070, 0.507, 0.161,0.243, 0.403, 0.149,-0.162, 0.281, 0.137,0.253, 0.157, 0.126,-0.198, 0.065, 0.230,0.322, 0.016, 0.269,-0.110, 0.013, 0.003,0.111, -0.012, -0.004,-0.079, -0.397, -0.036,0.031, -0.395, -0.029,-0.069, -0.705, -0.233,-0.008, -0.728, -0.169
193158,12.317, -12.000,20,23,16,61,31,50,15,15,27,19,-0.069, 0.506, 0.157,0.243, 0.404, 0.142,-0.162, 0.281, 0.134,0.253, 0.158, 0.121,-0.196, 0.065, 0.230,0.319, 0.014, 0.263,-0.110, 0.013, 0.003,0.110, -0.012, -0.004,-0.077, -0.401, -0.030,0.032, -0.397, -0.030,-0.070, -0.712, -0.223,-0.005, -0.732, -0.171
193158,12.279, -12.000,20,23,17,59,32,52,15,13,27,19,-0.070, 0.506, 0.152,0.243, 0.405, 0.128,-0.162, 0.281, 0.131,0.253, 0.160, 0.108,-0.196, 0.066, 0.230,0.318, 0.015, 0.261,-0.110, 0.013, 0.004,0.110, -0.012, -0.005,-0.075, -0.404, -0.028,0.032, -0.399, -0.036,-0.073, -0.716, -0.219,-0.005, -0.735, -0.183
193158,11.898, -12.000,20,22,15,61,33,53,15,13,28,20,-0.069, 0.506, 0.146,0.244, 0.407, 0.126,-0.158, 0.280, 0.129,0.253, 0.160, 0.108,-0.178, 0.065, 0.230,0.312, 0.016, 0.271,-0.110, 0.013, 0.004,0.110, -0.012, -0.005,-0.074, -0.405, -0.026,0.032, -0.399, -0.039,-0.065, -0.716, -0.222,-0.005, -0.734, -0.199
193158,11.809, -12.000,20,23,13,51,32,54,15,12,28,20,-0.069, 0.506, 0.143,0.245, 0.408, 0.123,-0.157, 0.279, 0.127,0.253, 0.161, 0.112,-0.177, 0.065, 0.230,0.310, 0.021, 0.286,-0.110, 0.012, 0.003,0.110, -0.012, -0.005,-0.072, -0.406, -0.025,0.033, -0.398, -0.040,-0.058, -0.720, -0.221,-0.004, -0.733, -0.198
193158,9.457, -12.000,19,22,15,6,32,49,20,5,22,18,-0.073, 0.505, 0.142,0.242, 0.430, 0.105,-0.157, 0.275, 0.129,0.247, 0.189, 0.103,-0.171, 0.059, 0.229,0.268, 0.039, 0.280,-0.110, 0.010, 0.009,0.110, -0.010, -0.010,-0.082, -0.406, 0.039,0.037, -0.397, -0.100,-0.101, -0.735, -0.060,-0.007, -0.728, -0.298
193158,8.972, -12.000,19,22,12,14,30,48,21,6,23,16,-0.074, 0.504, 0.143,0.242, 0.434, 0.106,-0.155, 0.272, 0.134,0.246, 0.195, 0.104,-0.168, 0.053, 0.234,0.260, 0.042, 0.276,-0.110, 0.009, 0.012,0.110, -0.009, -0.013,-0.085, -0.406, 0.054,0.039, -0.396, -0.097,-0.111, -0.740, -0.046,-0.007, -0.728, -0.280
193158,7.956, -12.000,18,21,13,0,29,47,19,6,27,22,-0.095, 0.502, 0.141,0.235, 0.448, 0.099,-0.159, 0.271, 0.134,0.244, 0.210, 0.098,-0.168, 0.053, 0.234,0.241, 0.047, 0.274,-0.111, 0.009, 0.012,0.111, -0.008, -0.014,-0.119, -0.403, 0.046,0.049, -0.395, -0.118,-0.192, -0.731, -0.079,-0.004, -0.699, -0.350
193158,7.684, -12.000,19,22,9,13,28,45,20,7,26,19,-0.106, 0.500, 0.143,0.231, 0.453, 0.100,-0.165, 0.269, 0.141,0.244, 0.216, 0.101,-0.170, 0.048, 0.243,0.237, 0.047, 0.273,-0.112, 0.008, 0.014,0.112, -0.007, -0.015,-0.125, -0.402, 0.054,0.062, -0.393, -0.138,-0.204, -0.730, -0.058,0.007, -0.694, -0.372
193159,8.083, -12.000,22,21,6,26,27,47,22,7,29,21,-0.122, 0.491, 0.163,0.213, 0.466, 0.097,-0.175, 0.263, 0.168,0.244, 0.240, 0.073,-0.170, 0.039, 0.271,0.244, 0.070, 0.222,-0.112, 0.007, 0.022,0.112, -0.007, -0.023,-0.137, -0.398, 0.063,0.065, -0.387, -0.159,-0.238, -0.720, -0.062,0.008, -0.679, -0.415
193159,8.097, -12.000,23,22,4,18,27,48,25,6,29,22,-0.131, 0.486, 0.169,0.205, 0.475, 0.098,-0.183, 0.258, 0.175,0.244, 0.253, 0.075,-0.171, 0.033, 0.276,0.244, 0.084, 0.226,-0.112, 0.006, 0.025,0.113, -0.006, -0.026,-0.140, -0.393, 0.080,0.069, -0.388, -0.161,-0.241, -0.718, -0.033,0.015, -0.676, -0.426
193159,8.142, -12.000,24,22,2,15,26,45,25,6,29,21,-0.133, 0.486, 0.173,0.204, 0.477, 0.106,-0.186, 0.256, 0.181,0.244, 0.250, 0.086,-0.171, 0.027, 0.281,0.245, 0.079, 0.229,-0.113, 0.005, 0.026,0.113, -0.005, -0.027,-0.139, -0.391, 0.079,0.068, -0.388, -0.173,-0.235, -0.716, -0.040,0.015, -0.675, -0.437
193159,8.281, -12.000,24,23,0,16,26,46,25,6,30,23,-0.155, 0.484, 0.171,0.177, 0.489, 0.096,-0.196, 0.251, 0.180,0.239, 0.267, 0.062,-0.171, 0.024, 0.281,0.247, 0.090, 0.192,-0.113, 0.003, 0.026,0.113, -0.003, -0.027,-0.136, -0.390, 0.079,0.074, -0.381, -0.165,-0.221, -0.713, -0.048,0.020, -0.655, -0.428
193159,8.358, -12.000,23,23,0,13,26,45,28,6,30,24,-0.163, 0.482, 0.171,0.169, 0.492, 0.094,-0.199, 0.247, 0.179,0.235, 0.271, 0.061,-0.171, 0.018, 0.282,0.249, 0.094, 0.190,-0.113, 0.001, 0.026,0.113, -0.001, -0.027,-0.135, -0.389, 0.097,0.081, -0.379, -0.164,-0.215, -0.715, -0.016,0.024, -0.654, -0.428
193159,8.773, -12.000,22,23,3,11,25,42,30,7,34,32,-0.172, 0.473, 0.167,0.166, 0.489, 0.118,-0.197, 0.238, 0.172,0.228, 0.266, 0.096,-0.186, 0.013, 0.280,0.256, 0.091, 0.225,-0.114, -0.002, 0.020,0.114, 0.003, -0.021,-0.129, -0.386, 0.101,0.123, -0.370, -0.118,-0.183, -0.703, -0.027,0.102, -0.633, -0.404
193159,8.851, -12.000,22,19,4,28,25,42,33,5,36,31,-0.186, 0.466, 0.166,0.154, 0.490, 0.117,-0.207, 0.230, 0.171,0.215, 0.264, 0.072,-0.192, 0.003, 0.278,0.257, 0.091, 0.182,-0.114, -0.005, 0.019,0.114, 0.006, -0.021,-0.130, -0.381, 0.116,0.123, -0.367, -0.120,-0.182, -0.697, -0.008,0.104, -0.635, -0.400
193159,9.153, -12.000,26,22,2,22,27,38,33,10,37,35,-0.202, 0.466, 0.167,0.147, 0.488, 0.148,-0.240, 0.232, 0.171,0.216, 0.261, 0.115,-0.239, 0.007, 0.282,0.263, 0.076, 0.228,-0.115, -0.008, 0.015,0.116, 0.008, -0.017,-0.109, -0.383, 0.112,0.152, -0.361, -0.106,-0.154, -0.698, -0.014,0.131, -0.620, -0.397
193159,9.527, -12.000,25,23,4,21,26,32,36,9,38,34,-0.209, 0.464, 0.167,0.140, 0.487, 0.148,-0.238, 0.232, 0.170,0.216, 0.260, 0.113,-0.231, 0.006, 0.281,0.269, 0.070, 0.202,-0.116, -0.011, 0.013,0.116, 0.011, -0.014,-0.103, -0.383, 0.129,0.154, -0.360, -0.109,-0.143, -0.704, 0.009,0.140, -0.619, -0.397
193159,9.520, -12.000,24,24,14,19,35,33,23,10,35,24,-0.227, 0.459, 0.148,0.121, 0.488, 0.144,-0.256, 0.232, 0.140,0.213, 0.260, 0.110,-0.255, 0.030, 0.269,0.269, 0.068, 0.203,-0.116, -0.011, 0.009,0.117, 0.011, -0.010,-0.096, -0.387, 0.041,0.152, -0.361, -0.068,-0.140, -0.702, -0.135,0.155, -0.669, -0.264
193159,9.701, -12.000,24,23,5,22,36,32,19,14,33,22,-0.225, 0.458, 0.130,0.120, 0.487, 0.143,-0.255, 0.233, 0.126,0.214, 0.260, 0.108,-0.264, 0.033, 0.265,0.272, 0.067, 0.199,-0.117, -0.011, 0.005,0.118, 0.011, -0.006,-0.097, -0.388, 0.019,0.148, -0.363, -0.030,-0.139, -0.702, -0.160,0.158, -0.689, -0.193
193159,9.704, -12.000,24,23,3,22,36,32,19,14,34,24,-0.224, 0.458, 0.128,0.122, 0.486, 0.141,-0.255, 0.233, 0.125,0.212, 0.259, 0.107,-0.261, 0.036, 0.265,0.273, 0.067, 0.198,-0.118, -0.011, 0.003,0.118, 0.011, -0.005,-0.093, -0.391, 0.021,0.153, -0.363, -0.026,-0.132, -0.702, -0.160,0.169, -0.690, -0.196
193159,9.711, -12.000,27,24,12,21,32,31,15,12,26,19,-0.234, 0.451, 0.130,0.114, 0.486, 0.140,-0.276, 0.222, 0.120,0.213, 0.261, 0.105,-0.311, 0.014, 0.241,0.273, 0.063, 0.189,-0.118, -0.011, 0.003,0.118, 0.012, -0.005,-0.076, -0.392, -0.008,0.144, -0.367, -0.040,-0.102, -0.717, -0.168,0.167, -0.707, -0.197
193159,9.741, -12.000,26,24,10,10,33,32,11,8,25,16,-0.237, 0.452, 0.110,0.113, 0.487, 0.106,-0.276, 0.223, 0.103,0.213, 0.264, 0.086,-0.313, 0.014, 0.236,0.273, 0.066, 0.191,-0.118, -0.011, 0.004,0.118, 0.012, -0.005,-0.064, -0.392, -0.019,0.143, -0.367, -0.042,-0.090, -0.718, -0.181,0.157, -0.711, -0.180
193159,9.727, -12.000,24,26,35,15,34,32,10,10,25,19,-0.242, 0.450, 0.111,0.103, 0.487, 0.121,-0.278, 0.219, 0.083,0.214, 0.270, 0.094,-0.338, 0.008, 0.196,0.273, 0.066, 0.190,-0.118, -0.012, -0.002,0.118, 0.012, 0.001,-0.062, -0.397, -0.039,0.127, -0.372, -0.024,-0.082, -0.720, -0.216,0.130, -0.713, -0.169
193159,9.758, -12.000,24,26,37,18,36,32,8,11,25,19,-0.242, 0.449, 0.112,0.105, 0.486, 0.131,-0.278, 0.218, 0.081,0.218, 0.270, 0.101,-0.338, 0.006, 0.198,0.273, 0.065, 0.191,-0.118, -0.012, -0.006,0.118, 0.012, 0.004,-0.056, -0.397, -0.054,0.120, -0.373, -0.023,-0.073, -0.719, -0.242,0.116, -0.714, -0.173
193159,9.574, -12.000,24,27,24,17,35,33,8,12,24,16,-0.241, 0.449, 0.100,0.104, 0.486, 0.129,-0.277, 0.215, 0.079,0.221, 0.270, 0.103,-0.330, 0.007, 0.202,0.270, 0.064, 0.198,-0.117, -0.012, -0.007,0.118, 0.013, 0.006,-0.039, -0.398, -0.041,0.097, -0.380, -0.017,-0.054, -0.735, -0.203,0.062, -0.725, -0.143
193159,9.500, -12.000,24,28,24,14,35,34,9,12,24,16,-0.241, 0.448, 0.103,0.105, 0.486, 0.132,-0.275, 0.212, 0.084,0.225, 0.270, 0.111,-0.327, 0.006, 0.207,0.269, 0.062, 0.212,-0.117, -0.012, -0.009,0.118, 0.013, 0.007,-0.033, -0.399, -0.039,0.096, -0.384, -0.013,-0.041, -0.741, -0.196,0.057, -0.729, -0.133
193159,9.542, -12.000,23,31,34,17,36,35,13,16,21,16,-0.236, 0.444, 0.125,0.112, 0.479, 0.167,-0.262, 0.210, 0.102,0.234, 0.263, 0.144,-0.320, 0.000, 0.229,0.270, 0.044, 0.244,-0.117, -0.012, -0.013,0.117, 0.013, 0.012,-0.016, -0.399, -0.035,0.083, -0.388, -0.010,0.004, -0.738, -0.167,0.048, -0.734, -0.133
193159,9.551, -12.000,22,32,39,15,37,35,13,15,21,15,-0.231, 0.443, 0.125,0.119, 0.476, 0.172,-0.252, 0.209, 0.102,0.241, 0.256, 0.154,-0.316, -0.002, 0.229,0.270, 0.033, 0.259,-0.116, -0.012, -0.018,0.117, 0.012, 0.017,-0.011, -0.399, -0.039,0.084, -0.388, -0.010,0.013, -0.736, -0.171,0.046, -0.733, -0.132
193159,9.926, -12.000,18,32,53,18,40,35,8,15,20,10,-0.206, 0.445, 0.120,0.140, 0.473, 0.174,-0.225, 0.214, 0.085,0.258, 0.246, 0.154,-0.273, 0.002, 0.218,0.276, 0.019, 0.254,-0.114, -0.008, -0.030,0.115, 0.009, 0.029,-0.008, -0.380, -0.105,0.065, -0.393, 0.013,0.061, -0.657, -0.275,0.030, -0.747, -0.064
193159,10.677, -12.000,16,34,55,19,41,34,11,18,21,11,-0.195, 0.445, 0.124,0.153, 0.466, 0.188,-0.212, 0.214, 0.086,0.271, 0.236, 0.170,-0.254, 0.002, 0.219,0.290, 0.004, 0.268,-0.114, -0.006, -0.033,0.114, 0.007, 0.032,-0.009, -0.378, -0.093,0.056, -0.394, 0.025,0.068, -0.659, -0.267,0.020, -0.747, -0.054
193200,10.806, -12.000,16,34,50,22,40,35,12,17,23,14,-0.192, 0.446, 0.115,0.158, 0.466, 0.187,-0.212, 0.215, 0.079,0.273, 0.236, 0.165,-0.249, 0.002, 0.212,0.292, 0.006, 0.264,-0.113, -0.006, -0.033,0.114, 0.007, 0.031,-0.010, -0.379, -0.077,0.059, -0.393, 0.026,0.069, -0.670, -0.248,0.022, -0.745, -0.071
193200,10.871, -12.000,13,32,53,27,39,34,21,17,38,16,-0.167, 0.452, 0.120,0.175, 0.463, 0.192,-0.187, 0.226, 0.076,0.276, 0.227, 0.162,-0.229, 0.012, 0.192,0.293, -0.003, 0.260,-0.113, -0.003, -0.032,0.114, 0.004, 0.030,-0.043, -0.368, -0.013,0.061, -0.393, 0.021,0.052, -0.652, -0.226,0.028, -0.737, -0.093
193200,10.846, -12.000,10,32,61,28,40,34,27,18,43,18,-0.160, 0.455, 0.120,0.177, 0.461, 0.189,-0.175, 0.231, 0.069,0.275, 0.227, 0.160,-0.219, 0.015, 0.181,0.293, -0.005, 0.257,-0.113, -0.002, -0.031,0.114, 0.003, 0.030,-0.058, -0.361, 0.029,0.063, -0.393, 0.029,0.043, -0.642, -0.166,0.030, -0.737, -0.090
193200,10.874, -12.000,11,31,56,30,41,29,20,20,43,25,-0.148, 0.470, 0.137,0.194, 0.457, 0.209,-0.172, 0.243, 0.077,0.276, 0.214, 0.182,-0.228, 0.026, 0.185,0.293, -0.022, 0.269,-0.113, 0.002, -0.032,0.114, -0.001, 0.030,-0.112, -0.360, -0.028,0.073, -0.389, 0.021,-0.029, -0.647, -0.284,0.059, -0.714, -0.139
193200,10.852, -12.000,10,31,57,29,41,29,23,19,46,26,-0.143, 0.474, 0.137,0.196, 0.453, 0.204,-0.166, 0.245, 0.075,0.277, 0.208, 0.177,-0.231, 0.032, 0.178,0.293, -0.026, 0.265,-0.113, 0.003, -0.031,0.114, -0.002, 0.030,-0.128, -0.362, -0.009,0.076, -0.388, 0.020,-0.041, -0.649, -0.260,0.060, -0.707, -0.151
193200,11.113, -12.000,12,32,47,28,37,27,17,21,34,24,-0.136, 0.480, 0.146,0.208, 0.441, 0.222,-0.171, 0.249, 0.087,0.281, 0.193, 0.200,-0.238, 0.036, 0.181,0.298, -0.035, 0.285,-0.113, 0.007, -0.033,0.114, -0.006, 0.032,-0.142, -0.353, -0.062,0.083, -0.387, 0.018,-0.098, -0.652, -0.293,0.071, -0.708, -0.140
193200,11.178, -12.000,14,33,40,25,35,27,15,20,30,21,-0.135, 0.483, 0.152,0.210, 0.440, 0.224,-0.174, 0.253, 0.101,0.283, 0.194, 0.205,-0.242, 0.041, 0.194,0.299, -0.037, 0.292,-0.113, 0.009, -0.034,0.114, -0.008, 0.032,-0.141, -0.355, -0.079,0.085, -0.387, 0.009,-0.114, -0.661, -0.304,0.072, -0.709, -0.140
193200,11.487, -12.000,15,30,36,27,34,29,14,17,27,21,-0.135, 0.484, 0.130,0.212, 0.442, 0.172,-0.176, 0.256, 0.092,0.284, 0.195, 0.145,-0.245, 0.044, 0.193,0.304, -0.034, 0.238,-0.114, 0.009, -0.028,0.115, -0.008, 0.026,-0.149, -0.359, -0.066,0.096, -0.387, 0.008,-0.195, -0.663, -0.270,0.091, -0.711, -0.135
193200,11.659, -12.000,15,29,30,25,34,29,13,17,27,20,-0.132, 0.486, 0.125,0.217, 0.442, 0.161,-0.177, 0.257, 0.092,0.285, 0.197, 0.136,-0.245, 0.046, 0.200,0.307, -0.033, 0.233,-0.116, 0.010, -0.024,0.116, -0.009, 0.023,-0.147, -0.361, -0.064,0.100, -0.388, 0.007,-0.189, -0.664, -0.267,0.097, -0.715, -0.134
193200,11.625, -12.000,15,29,30,22,35,29,11,16,31,20,-0.134, 0.488, 0.125,0.214, 0.443, 0.161,-0.178, 0.259, 0.093,0.283, 0.197, 0.140,-0.248, 0.048, 0.205,0.307, -0.026, 0.234,-0.116, 0.010, -0.022,0.117, -0.009, 0.021,-0.147, -0.362, -0.078,0.104, -0.387, -0.004,-0.184, -0.658, -0.327,0.102, -0.714, -0.152
193200,11.602, -12.000,18,31,22,9,34,36,10,16,28,17,-0.141, 0.487, 0.135,0.213, 0.443, 0.164,-0.190, 0.258, 0.109,0.280, 0.202, 0.158,-0.259, 0.049, 0.225,0.306, -0.004, 0.300,-0.117, 0.010, -0.019,0.118, -0.009, 0.018,-0.143, -0.363, -0.084,0.112, -0.383, -0.015,-0.169, -0.663, -0.324,0.120, -0.713, -0.154
193200,11.583, -12.000,18,30,23,4,34,34,10,15,27,16,-0.146, 0.488, 0.135,0.209, 0.446, 0.156,-0.195, 0.258, 0.110,0.273, 0.205, 0.155,-0.262, 0.050, 0.226,0.306, 0.003, 0.292,-0.117, 0.010, -0.017,0.118, -0.009, 0.015,-0.140, -0.364, -0.081,0.114, -0.379, -0.024,-0.166, -0.666, -0.315,0.120, -0.711, -0.164
193200,11.565, -12.000,20,26,25,19,32,33,10,14,26,15,-0.163, 0.487, 0.134,0.190, 0.452, 0.148,-0.214, 0.258, 0.108,0.256, 0.217, 0.128,-0.272, 0.049, 0.213,0.306, 0.013, 0.242,-0.118, 0.009, -0.015,0.118, -0.008, 0.014,-0.126, -0.369, -0.077,0.114, -0.378, -0.016,-0.163, -0.675, -0.298,0.119, -0.714, -0.139
193200,11.686, -12.000,20,25,25,24,32,32,9,13,24,14,-0.167, 0.487, 0.128,0.185, 0.455, 0.140,-0.214, 0.258, 0.104,0.252, 0.222, 0.112,-0.272, 0.049, 0.210,0.308, 0.019, 0.215,-0.118, 0.008, -0.015,0.119, -0.007, 0.013,-0.118, -0.375, -0.072,0.115, -0.378, -0.014,-0.159, -0.686, -0.267,0.123, -0.718, -0.128
193200,11.359, -12.000,21,25,23,22,31,32,10,12,20,11,-0.180, 0.482, 0.128,0.168, 0.460, 0.134,-0.227, 0.254, 0.107,0.243, 0.233, 0.105,-0.273, 0.047, 0.211,0.302, 0.028, 0.204,-0.118, 0.005, -0.011,0.119, -0.004, 0.010,-0.100, -0.383, -0.055,0.120, -0.378, -0.013,-0.144, -0.711, -0.203,0.131, -0.730, -0.111
193200,11.322, -12.000,21,25,27,18,31,30,11,13,21,9,-0.178, 0.475, 0.136,0.169, 0.459, 0.135,-0.224, 0.245, 0.113,0.243, 0.233, 0.110,-0.270, 0.036, 0.218,0.301, 0.026, 0.208,-0.118, 0.004, -0.010,0.119, -0.004, 0.009,-0.096, -0.383, -0.053,0.126, -0.379, -0.012,-0.142, -0.707, -0.204,0.139, -0.736, -0.094
193200,10.204, -12.000,22,23,27,23,32,32,9,13,22,11,-0.194, 0.473, 0.136,0.154, 0.463, 0.136,-0.233, 0.243, 0.116,0.229, 0.233, 0.104,-0.270, 0.034, 0.227,0.281, 0.029, 0.203,-0.118, 0.003, -0.008,0.119, -0.002, 0.007,-0.078, -0.385, -0.059,0.126, -0.379, -0.012,-0.117, -0.704, -0.219,0.138, -0.736, -0.100
193200,9.291, -12.000,22,22,24,19,33,33,8,12,23,11,-0.202, 0.473, 0.132,0.147, 0.470, 0.129,-0.237, 0.243, 0.116,0.220, 0.239, 0.103,-0.269, 0.034, 0.237,0.265, 0.034, 0.207,-0.118, 0.001, -0.006,0.119, 0.000, 0.005,-0.067, -0.385, -0.061,0.128, -0.378, -0.019,-0.104, -0.702, -0.224,0.143, -0.735, -0.115
193200,9.434, -12.000,21,22,22,19,34,32,7,12,24,11,-0.200, 0.473, 0.132,0.150, 0.470, 0.131,-0.235, 0.243, 0.117,0.223, 0.238, 0.105,-0.267, 0.034, 0.243,0.268, 0.033, 0.209,-0.118, 0.000, -0.006,0.119, 0.001, 0.005,-0.065, -0.386, -0.069,0.133, -0.378, -0.021,-0.098, -0.701, -0.251,0.150, -0.735, -0.121
193200,9.167, -12.000,21,21,30,20,33,33,8,13,24,11,-0.211, 0.470, 0.140,0.140, 0.471, 0.136,-0.239, 0.236, 0.125,0.215, 0.237, 0.106,-0.268, 0.027, 0.243,0.263, 0.032, 0.210,-0.118, -0.001, -0.004,0.119, 0.002, 0.002,-0.064, -0.385, -0.063,0.138, -0.377, -0.021,-0.101, -0.700, -0.236,0.154, -0.734, -0.116
193200,9.020, -12.000,21,20,30,22,31,33,8,13,23,10,-0.215, 0.469, 0.145,0.138, 0.472, 0.139,-0.240, 0.232, 0.131,0.209, 0.237, 0.107,-0.269, 0.019, 0.246,0.260, 0.029, 0.211,-0.118, -0.002, -0.002,0.119, 0.003, 0.000,-0.063, -0.386, -0.060,0.141, -0.377, -0.025,-0.098, -0.707, -0.230,0.160, -0.734, -0.119
193200,9.086, -12.000,23,20,17,20,30,33,11,14,25,10,-0.219, 0.466, 0.151,0.133, 0.476, 0.139,-0.245, 0.228, 0.143,0.207, 0.237, 0.108,-0.270, 0.013, 0.261,0.262, 0.029, 0.212,-0.118, -0.004, 0.002,0.119, 0.005, -0.004,-0.060, -0.386, -0.039,0.147, -0.377, -0.031,-0.098, -0.708, -0.199,0.162, -0.735, -0.124
193201,9.146, -12.000,23,20,19,21,30,33,11,14,24,10,-0.221, 0.466, 0.150,0.130, 0.477, 0.139,-0.245, 0.226, 0.142,0.205, 0.237, 0.107,-0.271, 0.009, 0.261,0.263, 0.028, 0.212,-0.118, -0.005, 0.004,0.119, 0.005, -0.005,-0.061, -0.386, -0.037,0.149, -0.378, -0.031,-0.099, -0.707, -0.195,0.164, -0.738, -0.124
193201,9.181, -12.000,23,21,12,18,29,34,11,12,25,11,-0.225, 0.466, 0.153,0.128, 0.482, 0.139,-0.247, 0.226, 0.149,0.205, 0.242, 0.109,-0.275, 0.010, 0.267,0.263, 0.032, 0.222,-0.118, -0.006, 0.008,0.119, 0.007, -0.009,-0.058, -0.387, -0.028,0.151, -0.377, -0.052,-0.099, -0.717, -0.186,0.164, -0.733, -0.163
193201,9.196, -12.000,23,21,6,16,29,33,11,12,26,11,-0.225, 0.467, 0.153,0.128, 0.485, 0.136,-0.246, 0.227, 0.151,0.206, 0.245, 0.109,-0.276, 0.011, 0.272,0.263, 0.034, 0.223,-0.118, -0.007, 0.011,0.119, 0.008, -0.012,-0.056, -0.387, -0.022,0.152, -0.377, -0.057,-0.099, -0.717, -0.180,0.164, -0.731, -0.168
193201,9.292, -12.000,23,21,10,16,29,33,11,8,26,11,-0.224, 0.468, 0.158,0.129, 0.486, 0.139,-0.246, 0.228, 0.156,0.207, 0.244, 0.111,-0.278, 0.010, 0.274,0.265, 0.032, 0.222,-0.118, -0.008, 0.012,0.119, 0.009, -0.013,-0.055, -0.388, -0.023,0.151, -0.377, -0.089,-0.100, -0.720, -0.184,0.156, -0.725, -0.231
193201,9.398, -12.000,23,21,14,18,29,33,11,8,26,11,-0.223, 0.469, 0.162,0.129, 0.486, 0.143,-0.246, 0.228, 0.158,0.207, 0.244, 0.112,-0.279, 0.010, 0.275,0.267, 0.030, 0.222,-0.118, -0.008, 0.013,0.119, 0.009, -0.014,-0.054, -0.388, -0.025,0.149, -0.377, -0.096,-0.100, -0.722, -0.187,0.150, -0.723, -0.239
193201,9.450, -12.000,23,21,15,19,28,32,11,8,26,11,-0.223, 0.469, 0.165,0.130, 0.486, 0.146,-0.245, 0.229, 0.160,0.207, 0.244, 0.115,-0.280, 0.009, 0.276,0.268, 0.028, 0.222,-0.118, -0.008, 0.013,0.119, 0.009, -0.014,-0.054, -0.389, -0.025,0.149, -0.377, -0.098,-0.100, -0.723, -0.188,0.148, -0.722, -0.243
193201,9.942, -12.000,23,22,14,20,28,32,11,8,26,10,-0.215, 0.471, 0.165,0.137, 0.487, 0.147,-0.244, 0.234, 0.159,0.213, 0.244, 0.115,-0.278, 0.012, 0.275,0.277, 0.028, 0.219,-0.118, -0.009, 0.013,0.119, 0.009, -0.014,-0.054, -0.390, -0.027,0.144, -0.377, -0.098,-0.102, -0.727, -0.194,0.144, -0.721, -0.240
193201,10.047, -12.000,23,22,14,23,28,31,10,9,26,11,-0.210, 0.474, 0.165,0.143, 0.487, 0.153,-0.240, 0.238, 0.159,0.215, 0.244, 0.119,-0.277, 0.014, 0.272,0.279, 0.028, 0.220,-0.118, -0.009, 0.012,0.119, 0.009, -0.013,-0.054, -0.391, -0.036,0.142, -0.377, -0.098,-0.102, -0.728, -0.211,0.144, -0.721, -0.244
193201,10.185, -12.000,22,21,28,27,27,30,10,10,24,10,-0.196, 0.474, 0.163,0.152, 0.486, 0.152,-0.236, 0.238, 0.143,0.222, 0.241, 0.112,-0.277, 0.010, 0.239,0.281, 0.019, 0.205,-0.118, -0.008, 0.012,0.119, 0.009, -0.013,-0.062, -0.396, -0.036,0.124, -0.383, -0.081,-0.111, -0.740, -0.205,0.134, -0.730, -0.207
193201,10.435, -12.000,21,22,32,28,27,30,10,10,24,10,-0.189, 0.474, 0.163,0.158, 0.483, 0.152,-0.231, 0.238, 0.138,0.228, 0.239, 0.111,-0.276, 0.010, 0.232,0.286, 0.016, 0.201,-0.118, -0.008, 0.011,0.119, 0.009, -0.013,-0.065, -0.398, -0.037,0.117, -0.387, -0.075,-0.117, -0.742, -0.204,0.124, -0.734, -0.196
193201,10.446, -12.000,19,22,37,31,29,30,9,10,23,11,-0.187, 0.476, 0.152,0.161, 0.482, 0.149,-0.226, 0.241, 0.122,0.230, 0.238, 0.105,-0.273, 0.012, 0.217,0.286, 0.009, 0.194,-0.118, -0.007, 0.010,0.119, 0.008, -0.011,-0.073, -0.400, -0.037,0.100, -0.389, -0.067,-0.127, -0.744, -0.201,0.102, -0.737, -0.185
193201,10.453, -12.000,19,21,35,33,28,30,9,10,22,11,-0.182, 0.477, 0.152,0.165, 0.481, 0.149,-0.223, 0.243, 0.124,0.231, 0.236, 0.104,-0.272, 0.013, 0.219,0.286, 0.005, 0.193,-0.118, -0.007, 0.010,0.119, 0.007, -0.011,-0.079, -0.400, -0.037,0.096, -0.389, -0.066,-0.134, -0.744, -0.198,0.093, -0.737, -0.186
193201,10.495, -12.000,18,21,31,37,29,31,9,10,22,11,-0.165, 0.481, 0.146,0.182, 0.480, 0.138,-0.211, 0.246, 0.119,0.240, 0.232, 0.092,-0.257, 0.017, 0.217,0.287, 0.000, 0.182,-0.118, -0.005, 0.010,0.119, 0.006, -0.012,-0.085, -0.405, -0.030,0.092, -0.394, -0.065,-0.149, -0.750, -0.179,0.082, -0.741, -0.182
193201,10.494, -12.000,18,21,31,37,28,30,11,10,22,11,-0.162, 0.481, 0.147,0.186, 0.478, 0.138,-0.207, 0.247, 0.121,0.243, 0.231, 0.091,-0.251, 0.017, 0.218,0.287, -0.007, 0.179,-0.118, -0.004, 0.011,0.118, 0.005, -0.012,-0.091, -0.405, -0.021,0.085, -0.395, -0.063,-0.154, -0.750, -0.165,0.075, -0.743, -0.178
193201,10.565, -12.000,18,21,31,37,28,30,10,10,22,11,-0.161, 0.484, 0.146,0.187, 0.476, 0.138,-0.205, 0.251, 0.121,0.244, 0.229, 0.092,-0.248, 0.021, 0.218,0.288, -0.010, 0.180,-0.118, -0.003, 0.011,0.118, 0.004, -0.012,-0.093, -0.404, -0.022,0.082, -0.395, -0.062,-0.158, -0.749, -0.168,0.068, -0.743, -0.178
193201,10.563, -12.000,18,21,27,41,29,30,10,10,22,11,-0.148, 0.489, 0.146,0.199, 0.473, 0.138,-0.199, 0.260, 0.121,0.249, 0.225, 0.092,-0.234, 0.033, 0.217,0.288, -0.015, 0.180,-0.118, -0.002, 0.010,0.118, 0.002, -0.011,-0.098, -0.405, -0.022,0.080, -0.395, -0.061,-0.167, -0.749, -0.165,0.055, -0.742, -0.179
193201,10.683, -12.000,18,21,23,41,28,29,11,11,21,11,-0.142, 0.495, 0.142,0.204, 0.471, 0.136,-0.195, 0.267, 0.121,0.252, 0.223, 0.092,-0.229, 0.042, 0.218,0.290, -0.018, 0.181,-0.118, -0.001, 0.009,0.118, 0.001, -0.010,-0.099, -0.406, -0.019,0.080, -0.395, -0.059,-0.167, -0.749, -0.155,0.052, -0.742, -0.178
193201,10.784, -12.000,18,22,21,41,29,29,11,11,22,11,-0.134, 0.500, 0.142,0.213, 0.468, 0.134,-0.189, 0.272, 0.122,0.257, 0.220, 0.092,-0.216, 0.048, 0.223,0.292, -0.020, 0.181,-0.118, 0.001, 0.008,0.118, 0.000, -0.009,-0.101, -0.407, -0.019,0.080, -0.395, -0.058,-0.171, -0.749, -0.157,0.052, -0.742, -0.176
193201,10.941, -12.000,18,22,17,39,29,29,10,10,22,12,-0.132, 0.505, 0.138,0.218, 0.467, 0.130,-0.186, 0.277, 0.122,0.263, 0.220, 0.091,-0.211, 0.053, 0.227,0.295, -0.019, 0.182,-0.118, 0.002, 0.007,0.118, -0.001, -0.008,-0.102, -0.407, -0.022,0.081, -0.394, -0.061,-0.172, -0.749, -0.161,0.051, -0.738, -0.188
193201,11.255, -12.000,18,23,13,34,29,29,10,9,22,12,-0.133, 0.508, 0.137,0.215, 0.468, 0.121,-0.186, 0.278, 0.127,0.262, 0.220, 0.086,-0.211, 0.055, 0.238,0.300, -0.017, 0.180,-0.118, 0.002, 0.007,0.118, -0.002, -0.009,-0.104, -0.407, -0.020,0.079, -0.394, -0.063,-0.180, -0.749, -0.160,0.042, -0.737, -0.191
193201,11.377, -12.000,18,22,9,34,28,30,9,8,22,11,-0.134, 0.509, 0.132,0.214, 0.468, 0.112,-0.184, 0.277, 0.126,0.261, 0.220, 0.076,-0.209, 0.055, 0.237,0.302, -0.015, 0.172,-0.117, 0.002, 0.007,0.118, -0.002, -0.009,-0.107, -0.407, -0.021,0.077, -0.394, -0.060,-0.183, -0.749, -0.160,0.040, -0.737, -0.180
193201,11.642, -12.000,18,22,9,34,27,30,9,8,22,12,-0.135, 0.511, 0.132,0.213, 0.469, 0.112,-0.185, 0.278, 0.126,0.261, 0.224, 0.076,-0.211, 0.055, 0.237,0.307, -0.010, 0.172,-0.117, 0.003, 0.007,0.118, -0.002, -0.008,-0.107, -0.407, -0.023,0.077, -0.393, -0.058,-0.182, -0.749, -0.166,0.042, -0.735, -0.179
193201,11.758, -12.000,18,22,9,34,27,30,9,8,22,12,-0.136, 0.512, 0.132,0.212, 0.470, 0.112,-0.185, 0.278, 0.126,0.260, 0.227, 0.075,-0.211, 0.054, 0.237,0.309, -0.007, 0.172,-0.117, 0.003, 0.006,0.118, -0.002, -0.007,-0.108, -0.407, -0.026,0.077, -0.392, -0.057,-0.181, -0.749, -0.170,0.043, -0.734, -0.179
193202,11.811, -12.000,18,22,8,34,27,30,9,8,22,12,-0.136, 0.513, 0.131,0.212, 0.471, 0.112,-0.185, 0.278, 0.126,0.260, 0.228, 0.075,-0.212, 0.054, 0.237,0.310, -0.006, 0.172,-0.117, 0.003, 0.006,0.118, -0.002, -0.007,-0.108, -0.407, -0.028,0.078, -0.391, -0.057,-0.180, -0.749, -0.175,0.044, -0.734, -0.179
193202,11.792, -12.000,18,22,15,38,27,30,9,9,22,13,-0.138, 0.512, 0.146,0.212, 0.470, 0.135,-0.185, 0.276, 0.134,0.258, 0.228, 0.097,-0.217, 0.054, 0.238,0.310, -0.005, 0.193,-0.117, 0.003, 0.005,0.118, -0.002, -0.006,-0.106, -0.406, -0.038,0.082, -0.390, -0.068,-0.179, -0.742, -0.197,0.050, -0.730, -0.209
193202,11.779, -12.000,18,22,15,37,27,30,9,9,22,13,-0.138, 0.512, 0.146,0.211, 0.470, 0.137,-0.184, 0.276, 0.135,0.257, 0.228, 0.099,-0.219, 0.054, 0.237,0.309, -0.005, 0.196,-0.117, 0.003, 0.005,0.118, -0.003, -0.006,-0.105, -0.404, -0.039,0.085, -0.390, -0.070,-0.177, -0.740, -0.197,0.055, -0.728, -0.211
193202,10.939, -12.000,19,22,13,31,28,29,9,7,23,12,-0.154, 0.512, 0.144,0.199, 0.471, 0.130,-0.195, 0.273, 0.136,0.246, 0.227, 0.099,-0.239, 0.055, 0.249,0.294, -0.002, 0.195,-0.117, 0.003, 0.005,0.118, -0.003, -0.006,-0.103, -0.401, -0.040,0.085, -0.388, -0.075,-0.174, -0.737, -0.201,0.055, -0.725, -0.216
193202,10.755, -12.000,19,21,13,30,28,30,7,7,22,12,-0.156, 0.511, 0.144,0.197, 0.470, 0.131,-0.195, 0.272, 0.136,0.243, 0.225, 0.102,-0.241, 0.055, 0.249,0.291, -0.002, 0.203,-0.117, 0.003, 0.004,0.118, -0.003, -0.005,-0.099, -0.401, -0.051,0.086, -0.387, -0.075,-0.165, -0.735, -0.220,0.063, -0.725, -0.213
193202,9.913, -12.000,21,21,1,23,28,32,8,7,23,11,-0.170, 0.507, 0.144,0.187, 0.471, 0.131,-0.211, 0.266, 0.144,0.236, 0.225, 0.108,-0.254, 0.052, 0.264,0.276, 0.003, 0.222,-0.117, 0.003, 0.004,0.118, -0.003, -0.005,-0.095, -0.400, -0.045,0.085, -0.387, -0.068,-0.158, -0.735, -0.209,0.062, -0.727, -0.193
193202,9.777, -12.000,21,21,1,23,28,31,8,7,23,10,-0.171, 0.507, 0.144,0.183, 0.472, 0.131,-0.213, 0.265, 0.144,0.233, 0.226, 0.107,-0.258, 0.048, 0.263,0.274, 0.003, 0.218,-0.117, 0.003, 0.004,0.118, -0.002, -0.005,-0.093, -0.399, -0.044,0.086, -0.387, -0.068,-0.156, -0.735, -0.208,0.066, -0.728, -0.192
193202,9.307, -12.000,21,21,5,25,28,31,8,8,23,11,-0.172, 0.504, 0.148,0.182, 0.472, 0.141,-0.213, 0.264, 0.144,0.233, 0.225, 0.115,-0.256, 0.046, 0.261,0.265, 0.002, 0.221,-0.117, 0.002, 0.004,0.118, -0.002, -0.005,-0.088, -0.399, -0.047,0.089, -0.387, -0.068,-0.148, -0.735, -0.213,0.078, -0.728, -0.194
193202,9.319, -12.000,21,22,10,27,28,31,9,8,23,11,-0.172, 0.500, 0.151,0.181, 0.473, 0.144,-0.213, 0.262, 0.144,0.234, 0.225, 0.116,-0.256, 0.043, 0.258,0.266, 0.001, 0.219,-0.117, 0.002, 0.004,0.118, -0.002, -0.005,-0.086, -0.399, -0.048,0.093, -0.388, -0.068,-0.146, -0.735, -0.213,0.083, -0.729, -0.194
193202,9.323, -12.000,21,22,11,27,28,31,9,9,23,11,-0.173, 0.499, 0.153,0.181, 0.473, 0.145,-0.213, 0.260, 0.146,0.234, 0.225, 0.116,-0.256, 0.040, 0.259,0.266, 0.000, 0.218,-0.118, 0.002, 0.004,0.118, -0.001, -0.006,-0.085, -0.399, -0.047,0.095, -0.388, -0.068,-0.145, -0.735, -0.212,0.086, -0.729, -0.194
193202,9.348, -12.000,21,22,15,26,28,31,9,9,23,10,-0.175, 0.498, 0.153,0.180, 0.473, 0.144,-0.214, 0.260, 0.144,0.234, 0.226, 0.115,-0.256, 0.039, 0.255,0.266, 0.000, 0.217,-0.118, 0.002, 0.004,0.118, -0.001, -0.006,-0.083, -0.399, -0.047,0.099, -0.388, -0.068,-0.144, -0.735, -0.212,0.092, -0.730, -0.193
193202,9.379, -12.000,21,22,14,27,28,31,9,9,23,10,-0.174, 0.497, 0.153,0.180, 0.473, 0.146,-0.214, 0.259, 0.144,0.235, 0.226, 0.116,-0.256, 0.039, 0.255,0.267, 0.000, 0.217,-0.118, 0.002, 0.004,0.118, -0.001, -0.006,-0.082, -0.399, -0.047,0.102, -0.388, -0.068,-0.143, -0.735, -0.212,0.094, -0.730, -0.193
193202,9.402, -12.000,21,22,12,26,28,31,9,9,23,10,-0.175, 0.496, 0.155,0.179, 0.475, 0.146,-0.214, 0.259, 0.147,0.236, 0.228, 0.116,-0.256, 0.038, 0.259,0.267, 0.002, 0.217,-0.118, 0.001, 0.005,0.118, -0.001, -0.006,-0.082, -0.399, -0.045,0.103, -0.389, -0.068,-0.144, -0.736, -0.210,0.095, -0.730, -0.192
193202,9.418, -12.000,21,22,12,25,28,31,9,9,23,10,-0.175, 0.496, 0.154,0.179, 0.476, 0.145,-0.214, 0.259, 0.147,0.237, 0.229, 0.115,-0.256, 0.038, 0.260,0.267, 0.003, 0.216,-0.118, 0.001, 0.005,0.118, 0.000, -0.006,-0.082, -0.399, -0.045,0.104, -0.389, -0.068,-0.143, -0.736, -0.211,0.096, -0.730, -0.193
193202,9.432, -12.000,21,22,11,23,28,30,9,9,23,10,-0.179, 0.496, 0.154,0.176, 0.478, 0.144,-0.216, 0.258, 0.147,0.237, 0.230, 0.115,-0.256, 0.038, 0.260,0.268, 0.005, 0.216,-0.118, 0.001, 0.005,0.118, 0.000, -0.006,-0.081, -0.400, -0.045,0.104, -0.389, -0.068,-0.142, -0.736, -0.210,0.099, -0.730, -0.191
193202,9.455, -12.000,22,23,8,22,28,30,9,9,24,11,-0.179, 0.496, 0.154,0.176, 0.478, 0.143,-0.216, 0.259, 0.150,0.237, 0.232, 0.115,-0.255, 0.038, 0.266,0.268, 0.007, 0.216,-0.118, 0.000, 0.005,0.118, 0.000, -0.006,-0.079, -0.400, -0.045,0.105, -0.389, -0.070,-0.141, -0.736, -0.211,0.102, -0.730, -0.196
193202,9.539, -12.000,22,23,7,22,28,31,9,8,24,11,-0.179, 0.496, 0.154,0.176, 0.479, 0.143,-0.216, 0.259, 0.150,0.239, 0.232, 0.115,-0.255, 0.038, 0.267,0.270, 0.007, 0.217,-0.118, 0.000, 0.005,0.118, 0.001, -0.006,-0.077, -0.400, -0.047,0.106, -0.388, -0.074,-0.140, -0.736, -0.216,0.103, -0.728, -0.204
193202,9.600, -12.000,22,23,1,20,27,31,8,9,24,11,-0.180, 0.496, 0.149,0.176, 0.479, 0.137,-0.219, 0.258, 0.149,0.239, 0.232, 0.111,-0.254, 0.037, 0.267,0.271, 0.008, 0.216,-0.118, 0.000, 0.005,0.118, 0.001, -0.006,-0.077, -0.399, -0.046,0.106, -0.388, -0.065,-0.137, -0.736, -0.211,0.103, -0.729, -0.187
193202,9.626, -12.000,23,23,0,19,27,31,8,9,23,11,-0.180, 0.495, 0.149,0.176, 0.479, 0.136,-0.219, 0.258, 0.150,0.239, 0.232, 0.111,-0.254, 0.037, 0.269,0.271, 0.008, 0.216,-0.118, 0.000, 0.005,0.118, 0.001, -0.006,-0.076, -0.399, -0.047,0.106, -0.388, -0.063,-0.136, -0.736, -0.212,0.104, -0.729, -0.184
193202,9.536, -12.000,22,23,2,19,27,31,8,9,23,12,-0.181, 0.495, 0.150,0.175, 0.479, 0.139,-0.220, 0.257, 0.150,0.238, 0.232, 0.114,-0.255, 0.035, 0.269,0.270, 0.009, 0.220,-0.118, 0.000, 0.005,0.118, 0.001, -0.006,-0.075, -0.398, -0.051,0.107, -0.388, -0.067,-0.131, -0.735, -0.221,0.104, -0.727, -0.197
193202,9.481, -12.000,22,23,2,19,28,31,8,9,23,12,-0.182, 0.494, 0.151,0.175, 0.479, 0.140,-0.220, 0.256, 0.150,0.238, 0.232, 0.115,-0.255, 0.034, 0.268,0.269, 0.009, 0.222,-0.118, 0.000, 0.005,0.118, 0.001, -0.006,-0.074, -0.398, -0.052,0.108, -0.387, -0.068,-0.128, -0.735, -0.222,0.104, -0.726, -0.200
193202,9.493, -12.000,22,23,2,19,28,30,7,8,23,12,-0.182, 0.495, 0.147,0.174, 0.481, 0.135,-0.220, 0.256, 0.147,0.238, 0.234, 0.111,-0.255, 0.034, 0.266,0.269, 0.009, 0.215,-0.118, -0.001, 0.005,0.118, 0.001, -0.006,-0.072, -0.398, -0.052,0.108, -0.387, -0.069,-0.128, -0.735, -0.222,0.105, -0.726, -0.200
193203,9.506, -12.000,22,23,2,19,28,30,7,8,24,11,-0.182, 0.495, 0.144,0.173, 0.482, 0.133,-0.220, 0.256, 0.144,0.237, 0.235, 0.108,-0.256, 0.035, 0.263,0.269, 0.010, 0.212,-0.118, -0.001, 0.005,0.118, 0.001, -0.006,-0.071, -0.398, -0.052,0.109, -0.387, -0.069,-0.128, -0.735, -0.222,0.106, -0.726, -0.199
193203,9.512, -12.000,22,22,3,20,28,30,7,8,23,11,-0.182, 0.495, 0.145,0.173, 0.482, 0.135,-0.219, 0.256, 0.144,0.236, 0.234, 0.109,-0.256, 0.034, 0.261,0.269, 0.009, 0.212,-0.118, -0.001, 0.005,0.118, 0.002, -0.006,-0.070, -0.398, -0.051,0.109, -0.387, -0.069,-0.125, -0.736, -0.220,0.106, -0.727, -0.198
193203,9.517, -12.000,22,22,4,21,28,30,7,8,23,11,-0.182, 0.494, 0.146,0.173, 0.481, 0.136,-0.219, 0.256, 0.144,0.236, 0.234, 0.109,-0.256, 0.034, 0.261,0.269, 0.009, 0.212,-0.118, -0.001, 0.005,0.118, 0.002, -0.006,-0.069, -0.399, -0.050,0.109, -0.387, -0.068,-0.124, -0.737, -0.216,0.106, -0.728, -0.196
193203,9.520, -12.000,21,22,5,22,28,30,8,9,23,11,-0.182, 0.494, 0.146,0.173, 0.481, 0.137,-0.219, 0.256, 0.144,0.235, 0.233, 0.109,-0.256, 0.034, 0.261,0.269, 0.009, 0.212,-0.118, -0.001, 0.005,0.118, 0.002, -0.006,-0.068, -0.399, -0.049,0.110, -0.388, -0.068,-0.123, -0.738, -0.214,0.105, -0.729, -0.194
193203,9.531, -12.000,21,22,4,21,27,30,8,8,23,11,-0.182, 0.496, 0.146,0.173, 0.481, 0.134,-0.218, 0.258, 0.144,0.235, 0.234, 0.107,-0.254, 0.035, 0.261,0.269, 0.009, 0.207,-0.118, -0.001, 0.005,0.118, 0.002, -0.006,-0.069, -0.399, -0.049,0.110, -0.388, -0.069,-0.125, -0.739, -0.214,0.105, -0.729, -0.196
193203,9.540, -12.000,21,22,4,21,27,29,7,8,23,11,-0.181, 0.498, 0.145,0.173, 0.481, 0.133,-0.218, 0.260, 0.144,0.235, 0.234, 0.106,-0.253, 0.035, 0.261,0.270, 0.009, 0.205,-0.118, -0.001, 0.005,0.118, 0.002, -0.006,-0.069, -0.399, -0.049,0.110, -0.388, -0.070,-0.126, -0.739, -0.214,0.105, -0.729, -0.198
193203,9.598, -12.000,21,23,4,20,27,29,8,9,23,11,-0.180, 0.498, 0.145,0.173, 0.481, 0.133,-0.218, 0.261, 0.143,0.237, 0.234, 0.108,-0.252, 0.036, 0.260,0.271, 0.009, 0.206,-0.118, -0.001, 0.004,0.118, 0.002, -0.006,-0.068, -0.399, -0.049,0.110, -0.388, -0.063,-0.124, -0.739, -0.214,0.106, -0.729, -0.187
193203,9.640, -12.000,22,23,4,19,27,29,8,9,23,11,-0.180, 0.498, 0.145,0.174, 0.480, 0.134,-0.217, 0.262, 0.143,0.238, 0.234, 0.109,-0.252, 0.037, 0.260,0.271, 0.008, 0.206,-0.118, -0.001, 0.004,0.118, 0.002, -0.005,-0.068, -0.399, -0.049,0.109, -0.388, -0.060,-0.123, -0.739, -0.213,0.106, -0.729, -0.183
193203,9.636, -12.000,21,23,4,19,27,29,8,8,23,11,-0.180, 0.498, 0.145,0.174, 0.481, 0.132,-0.217, 0.262, 0.143,0.239, 0.235, 0.106,-0.250, 0.036, 0.259,0.271, 0.009, 0.203,-0.118, -0.001, 0.004,0.118, 0.002, -0.006,-0.068, -0.400, -0.048,0.109, -0.388, -0.069,-0.121, -0.742, -0.211,0.105, -0.729, -0.197
193203,9.638, -12.000,21,23,4,19,27,29,8,8,23,11,-0.180, 0.497, 0.145,0.174, 0.481, 0.131,-0.216, 0.262, 0.143,0.239, 0.236, 0.105,-0.249, 0.036, 0.259,0.271, 0.010, 0.202,-0.118, -0.002, 0.005,0.118, 0.002, -0.006,-0.068, -0.400, -0.048,0.109, -0.388, -0.073,-0.119, -0.743, -0.211,0.104, -0.729, -0.204
193203,9.638, -12.000,21,23,4,19,27,29,7,7,23,11,-0.180, 0.497, 0.144,0.174, 0.481, 0.131,-0.216, 0.262, 0.143,0.240, 0.237, 0.104,-0.249, 0.036, 0.259,0.271, 0.010, 0.201,-0.118, -0.002, 0.005,0.118, 0.002, -0.006,-0.068, -0.400, -0.048,0.109, -0.388, -0.075,-0.119, -0.744, -0.211,0.103, -0.728, -0.208
193203,9.674, -12.000,21,23,3,18,26,29,8,8,23,11,-0.178, 0.498, 0.146,0.175, 0.481, 0.133,-0.214, 0.262, 0.145,0.240, 0.235, 0.108,-0.248, 0.036, 0.260,0.272, 0.009, 0.206,-0.118, -0.002, 0.005,0.118, 0.002, -0.006,-0.068, -0.400, -0.043,0.112, -0.388, -0.077,-0.120, -0.744, -0.201,0.105, -0.728, -0.210
193203,9.713, -12.000,21,23,3,18,26,29,9,8,23,11,-0.178, 0.498, 0.147,0.176, 0.480, 0.134,-0.213, 0.262, 0.147,0.240, 0.235, 0.110,-0.247, 0.036, 0.260,0.273, 0.009, 0.209,-0.118, -0.002, 0.005,0.118, 0.002, -0.007,-0.068, -0.400, -0.040,0.113, -0.388, -0.077,-0.121, -0.744, -0.197,0.105, -0.727, -0.210
193203,9.707, -12.000,21,23,4,19,26,29,9,9,23,10,-0.176, 0.498, 0.147,0.177, 0.479, 0.135,-0.212, 0.262, 0.146,0.241, 0.234, 0.110,-0.247, 0.036, 0.259,0.273, 0.007, 0.208,-0.118, -0.002, 0.005,0.118, 0.002, -0.006,-0.068, -0.400, -0.041,0.113, -0.388, -0.073,-0.122, -0.744, -0.200,0.106, -0.728, -0.200
193203,9.703, -12.000,21,23,5,20,26,29,9,9,23,10,-0.176, 0.498, 0.148,0.177, 0.479, 0.136,-0.212, 0.262, 0.146,0.241, 0.233, 0.110,-0.246, 0.036, 0.259,0.273, 0.006, 0.208,-0.118, -0.002, 0.005,0.118, 0.002, -0.006,-0.069, -0.401, -0.042,0.113, -0.389, -0.071,-0.122, -0.744, -0.201,0.106, -0.728, -0.196
193203,9.694, -12.000,21,23,4,20,27,29,9,9,23,10,-0.175, 0.498, 0.148,0.177, 0.479, 0.132,-0.212, 0.262, 0.147,0.241, 0.233, 0.105,-0.246, 0.036, 0.262,0.272, 0.006, 0.203,-0.118, -0.002, 0.006,0.118, 0.002, -0.007,-0.069, -0.400, -0.039,0.112, -0.389, -0.067,-0.124, -0.744, -0.198,0.105, -0.731, -0.187
193203,9.691, -12.000,21,23,3,20,27,30,9,9,23,10,-0.175, 0.498, 0.147,0.178, 0.479, 0.130,-0.213, 0.262, 0.147,0.241, 0.233, 0.103,-0.247, 0.037, 0.263,0.272, 0.006, 0.201,-0.118, -0.002, 0.006,0.118, 0.002, -0.007,-0.070, -0.400, -0.039,0.111, -0.390, -0.066,-0.125, -0.742, -0.198,0.104, -0.732, -0.184
193203,9.929, -12.000,22,23,3,20,27,30,9,10,23,11,-0.173, 0.498, 0.147,0.180, 0.477, 0.133,-0.213, 0.263, 0.146,0.245, 0.231, 0.105,-0.247, 0.037, 0.263,0.277, 0.005, 0.204,-0.118, -0.002, 0.006,0.118, 0.002, -0.007,-0.069, -0.400, -0.039,0.111, -0.390, -0.062,-0.125, -0.742, -0.198,0.103, -0.732, -0.182
193203,10.079, -12.000,22,24,3,20,27,30,9,10,23,11,-0.171, 0.498, 0.147,0.182, 0.476, 0.136,-0.213, 0.263, 0.146,0.246, 0.230, 0.109,-0.247, 0.036, 0.263,0.279, 0.004, 0.208,-0.118, -0.002, 0.005,0.118, 0.002, -0.007,-0.069, -0.401, -0.039,0.111, -0.390, -0.060,-0.123, -0.742, -0.198,0.103, -0.732, -0.180
193203,10.182, -12.000,22,24,3,20,27,30,9,11,23,11,-0.170, 0.498, 0.147,0.183, 0.475, 0.137,-0.212, 0.263, 0.146,0.248, 0.229, 0.110,-0.247, 0.036, 0.263,0.281, 0.003, 0.209,-0.118, -0.001, 0.005,0.118, 0.002, -0.006,-0.069, -0.401, -0.039,0.110, -0.390, -0.056,-0.121, -0.743, -0.198,0.102, -0.732, -0.175
193203,10.175, -12.000,21,24,5,21,27,29,9,11,23,12,-0.169, 0.498, 0.147,0.183, 0.474, 0.137,-0.210, 0.263, 0.144,0.248, 0.228, 0.110,-0.246, 0.036, 0.257,0.281, 0.001, 0.206,-0.118, -0.001, 0.005,0.118, 0.002, -0.006,-0.069, -0.400, -0.043,0.110, -0.390, -0.057,-0.121, -0.742, -0.203,0.101, -0.732, -0.178
193203,10.171, -12.000,21,24,6,21,27,29,8,11,23,12,-0.169, 0.498, 0.147,0.183, 0.473, 0.137,-0.208, 0.263, 0.143,0.247, 0.227, 0.110,-0.245, 0.036, 0.256,0.281, 0.000, 0.204,-0.118, -0.001, 0.005,0.118, 0.002, -0.006,-0.069, -0.400, -0.044,0.110, -0.390, -0.058,-0.121, -0.742, -0.204,0.101, -0.732, -0.179
193203,10.131, -12.000,21,24,7,22,27,29,9,11,23,11,-0.167, 0.496, 0.147,0.184, 0.473, 0.138,-0.206, 0.262, 0.143,0.248, 0.226, 0.110,-0.245, 0.036, 0.255,0.280, -0.003, 0.204,-0.118, -0.001, 0.005,0.118, 0.002, -0.006,-0.069, -0.401, -0.044,0.110, -0.390, -0.056,-0.120, -0.743, -0.202,0.101, -0.733, -0.176
193204,10.081, -12.000,21,24,8,23,27,29,9,11,22,11,-0.165, 0.496, 0.147,0.185, 0.472, 0.139,-0.206, 0.262, 0.143,0.249, 0.226, 0.110,-0.244, 0.035, 0.255,0.279, -0.004, 0.204,-0.118, -0.001, 0.004,0.118, 0.002, -0.006,-0.069, -0.401, -0.043,0.110, -0.390, -0.054,-0.119, -0.743, -0.200,0.101, -0.734, -0.172
193204,9.929, -12.000,20,23,11,26,27,29,9,11,23,11,-0.166, 0.495, 0.147,0.185, 0.472, 0.137,-0.207, 0.261, 0.140,0.246, 0.226, 0.105,-0.246, 0.034, 0.248,0.277, -0.005, 0.198,-0.118, -0.001, 0.005,0.118, 0.002, -0.006,-0.072, -0.401, -0.041,0.109, -0.391, -0.056,-0.126, -0.744, -0.196,0.095, -0.736, -0.173
193204,9.817, -12.000,20,22,14,27,27,29,9,11,22,11,-0.167, 0.495, 0.145,0.184, 0.473, 0.136,-0.207, 0.261, 0.136,0.244, 0.226, 0.103,-0.247, 0.033, 0.243,0.275, -0.005, 0.195,-0.118, -0.001, 0.005,0.118, 0.002, -0.006,-0.074, -0.401, -0.041,0.109, -0.391, -0.058,-0.129, -0.744, -0.196,0.092, -0.737, -0.176
193204,9.720, -12.000,19,22,16,29,27,29,9,10,22,11,-0.167, 0.495, 0.144,0.184, 0.473, 0.135,-0.207, 0.261, 0.133,0.242, 0.226, 0.101,-0.248, 0.033, 0.239,0.273, -0.005, 0.192,-0.118, -0.001, 0.005,0.118, 0.002, -0.006,-0.075, -0.401, -0.041,0.108, -0.391, -0.061,-0.131, -0.744, -0.197,0.090, -0.737, -0.183
193204,9.542, -12.000,19,21,19,31,27,29,8,10,22,11,-0.167, 0.495, 0.143,0.184, 0.473, 0.136,-0.208, 0.261, 0.129,0.239, 0.223, 0.102,-0.250, 0.033, 0.234,0.270, -0.009, 0.193,-0.118, -0.001, 0.004,0.118, 0.001, -0.005,-0.080, -0.401, -0.047,0.102, -0.391, -0.062,-0.142, -0.743, -0.203,0.083, -0.737, -0.186
193204,9.206, -12.000,19,21,19,32,27,29,7,9,22,11,-0.167, 0.495, 0.141,0.183, 0.472, 0.136,-0.208, 0.261, 0.127,0.235, 0.222, 0.102,-0.251, 0.033, 0.233,0.264, -0.009, 0.193,-0.118, -0.001, 0.004,0.118, 0.001, -0.005,-0.083, -0.401, -0.053,0.100, -0.391, -0.065,-0.146, -0.741, -0.213,0.080, -0.737, -0.193
193204,9.211, -12.000,19,20,22,35,26,28,8,9,21,12,-0.167, 0.492, 0.142,0.183, 0.470, 0.138,-0.208, 0.261, 0.125,0.234, 0.219, 0.101,-0.252, 0.032, 0.223,0.264, -0.016, 0.186,-0.118, 0.000, 0.003,0.118, 0.001, -0.005,-0.096, -0.402, -0.052,0.090, -0.392, -0.063,-0.169, -0.742, -0.201,0.066, -0.737, -0.192
193204,9.143, -12.000,19,20,24,37,27,28,8,9,20,12,-0.167, 0.490, 0.142,0.183, 0.469, 0.140,-0.209, 0.260, 0.124,0.233, 0.218, 0.101,-0.253, 0.032, 0.220,0.263, -0.018, 0.186,-0.118, 0.000, 0.003,0.118, 0.001, -0.004,-0.102, -0.402, -0.052,0.087, -0.393, -0.062,-0.174, -0.742, -0.201,0.063, -0.737, -0.192
193204,9.567, -12.000,19,20,24,39,27,28,8,8,19,12,-0.163, 0.489, 0.140,0.185, 0.468, 0.140,-0.208, 0.259, 0.120,0.234, 0.216, 0.099,-0.254, 0.031, 0.213,0.270, -0.019, 0.184,-0.117, 0.000, 0.001,0.118, 0.000, -0.003,-0.111, -0.402, -0.055,0.081, -0.393, -0.061,-0.178, -0.741, -0.203,0.050, -0.736, -0.192
193204,9.594, -12.000,19,20,23,41,27,28,8,8,19,12,-0.161, 0.489, 0.140,0.187, 0.468, 0.139,-0.208, 0.260, 0.119,0.235, 0.215, 0.097,-0.253, 0.033, 0.214,0.271, -0.022, 0.180,-0.117, 0.001, 0.001,0.118, 0.000, -0.002,-0.113, -0.402, -0.055,0.075, -0.392, -0.062,-0.184, -0.739, -0.203,0.041, -0.735, -0.196
193204,10.240, -12.000,19,22,27,43,29,29,8,8,20,13,-0.149, 0.486, 0.148,0.202, 0.463, 0.152,-0.203, 0.259, 0.120,0.252, 0.214, 0.105,-0.253, 0.032, 0.214,0.282, -0.026, 0.187,-0.117, 0.001, 0.001,0.118, -0.001, -0.002,-0.111, -0.402, -0.062,0.066, -0.393, -0.071,-0.180, -0.739, -0.223,0.022, -0.732, -0.219
193204,10.391, -12.000,19,23,28,41,29,29,8,8,20,13,-0.147, 0.486, 0.150,0.204, 0.461, 0.153,-0.200, 0.259, 0.121,0.256, 0.213, 0.109,-0.253, 0.033, 0.215,0.285, -0.027, 0.192,-0.117, 0.002, 0.001,0.118, -0.001, -0.002,-0.110, -0.402, -0.063,0.066, -0.393, -0.074,-0.178, -0.738, -0.226,0.022, -0.730, -0.222
193204,10.419, -12.000,19,23,25,41,28,29,14,8,22,15,-0.143, 0.485, 0.150,0.210, 0.459, 0.152,-0.198, 0.257, 0.123,0.259, 0.211, 0.109,-0.249, 0.034, 0.218,0.285, -0.030, 0.196,-0.117, 0.002, 0.002,0.118, -0.001, -0.003,-0.103, -0.402, -0.015,0.064, -0.391, -0.076,-0.161, -0.736, -0.154,0.017, -0.718, -0.236
193204,10.396, -12.000,19,24,25,38,28,29,16,8,23,15,-0.144, 0.485, 0.150,0.210, 0.458, 0.151,-0.198, 0.257, 0.123,0.261, 0.210, 0.111,-0.248, 0.034, 0.216,0.285, -0.031, 0.200,-0.117, 0.002, 0.003,0.118, -0.001, -0.004,-0.099, -0.402, 0.001,0.064, -0.390, -0.076,-0.153, -0.736, -0.125,0.017, -0.716, -0.237
193204,10.440, -12.000,19,25,20,31,27,29,15,7,24,15,-0.144, 0.486, 0.140,0.209, 0.458, 0.141,-0.197, 0.257, 0.121,0.265, 0.211, 0.107,-0.245, 0.035, 0.216,0.286, -0.031, 0.199,-0.117, 0.002, 0.003,0.118, -0.001, -0.005,-0.094, -0.402, 0.003,0.064, -0.390, -0.078,-0.148, -0.735, -0.127,0.014, -0.713, -0.241
193204,10.681, -12.000,19,26,19,30,27,28,17,8,25,17,-0.139, 0.483, 0.147,0.215, 0.455, 0.148,-0.194, 0.256, 0.128,0.270, 0.209, 0.116,-0.245, 0.035, 0.224,0.290, -0.036, 0.207,-0.117, 0.002, 0.004,0.118, -0.001, -0.005,-0.089, -0.402, 0.007,0.062, -0.389, -0.081,-0.141, -0.735, -0.128,0.008, -0.709, -0.256
193204,10.838, -12.000,20,27,19,30,28,29,18,9,26,18,-0.136, 0.481, 0.160,0.217, 0.450, 0.162,-0.191, 0.255, 0.140,0.274, 0.205, 0.129,-0.246, 0.035, 0.237,0.293, -0.040, 0.220,-0.117, 0.002, 0.004,0.118, -0.001, -0.005,-0.085, -0.402, 0.005,0.062, -0.388, -0.086,-0.131, -0.732, -0.136,0.006, -0.704, -0.272
193204,10.687, -12.000,20,27,23,32,30,30,19,6,28,19,-0.137, 0.480, 0.171,0.216, 0.449, 0.167,-0.194, 0.256, 0.146,0.273, 0.204, 0.130,-0.263, 0.039, 0.250,0.290, -0.042, 0.222,-0.117, 0.002, 0.006,0.118, -0.001, -0.007,-0.084, -0.400, 0.010,0.058, -0.385, -0.113,-0.127, -0.723, -0.141,0.004, -0.695, -0.333
193204,10.348, -12.000,20,27,25,34,31,31,21,6,30,20,-0.137, 0.478, 0.173,0.212, 0.449, 0.171,-0.195, 0.256, 0.146,0.270, 0.203, 0.130,-0.266, 0.039, 0.248,0.284, -0.044, 0.221,-0.117, 0.002, 0.006,0.118, -0.001, -0.008,-0.083, -0.399, 0.023,0.058, -0.385, -0.111,-0.126, -0.722, -0.129,0.004, -0.693, -0.330
193204,9.446, -12.000,23,23,26,44,33,31,19,1,38,22,-0.147, 0.478, 0.181,0.205, 0.445, 0.176,-0.215, 0.259, 0.148,0.250, 0.197, 0.130,-0.286, 0.042, 0.254,0.268, -0.045, 0.222,-0.117, 0.002, 0.007,0.118, -0.001, -0.008,-0.079, -0.399, 0.005,0.061, -0.369, -0.157,-0.103, -0.705, -0.234,0.008, -0.654, -0.438
193204,8.175, -12.000,23,23,28,45,33,32,20,1,37,19,-0.155, 0.477, 0.188,0.195, 0.444, 0.186,-0.217, 0.259, 0.155,0.239, 0.196, 0.141,-0.288, 0.045, 0.261,0.245, -0.045, 0.235,-0.118, 0.002, 0.007,0.118, -0.001, -0.008,-0.077, -0.399, 0.008,0.062, -0.363, -0.163,-0.100, -0.703, -0.217,0.008, -0.649, -0.432
193204,7.516, -12.000,23,20,30,48,34,35,21,1,39,26,-0.166, 0.476, 0.183,0.181, 0.447, 0.173,-0.226, 0.259, 0.149,0.226, 0.199, 0.120,-0.292, 0.046, 0.260,0.234, -0.035, 0.216,-0.118, 0.000, 0.009,0.118, 0.000, -0.010,-0.072, -0.399, 0.018,0.065, -0.355, -0.164,-0.094, -0.694, -0.208,0.014, -0.619, -0.481
193204,7.300, -12.000,23,20,32,44,35,35,24,1,38,25,-0.171, 0.475, 0.182,0.174, 0.447, 0.173,-0.226, 0.258, 0.149,0.223, 0.199, 0.123,-0.290, 0.046, 0.262,0.230, -0.035, 0.225,-0.118, -0.001, 0.009,0.118, 0.002, -0.010,-0.071, -0.398, 0.043,0.067, -0.351, -0.156,-0.092, -0.696, -0.142,0.018, -0.616, -0.449
193205,7.406, -12.000,22,21,31,41,36,35,24,1,37,25,-0.170, 0.474, 0.181,0.175, 0.445, 0.177,-0.225, 0.256, 0.147,0.224, 0.194, 0.133,-0.282, 0.046, 0.262,0.232, -0.038, 0.236,-0.118, -0.002, 0.007,0.118, 0.003, -0.008,-0.067, -0.398, 0.038,0.072, -0.353, -0.143,-0.082, -0.698, -0.148,0.025, -0.623, -0.427
193205,7.504, -12.000,20,21,45,40,32,34,24,9,40,37,-0.183, 0.471, 0.180,0.166, 0.445, 0.179,-0.227, 0.249, 0.136,0.219, 0.195, 0.134,-0.283, 0.039, 0.221,0.233, -0.038, 0.235,-0.118, -0.002, 0.007,0.119, 0.003, -0.008,-0.067, -0.396, 0.035,0.082, -0.358, -0.097,-0.086, -0.689, -0.169,0.037, -0.608, -0.413
193205,7.431, -12.000,19,21,47,39,33,34,22,11,41,42,-0.186, 0.470, 0.171,0.163, 0.446, 0.176,-0.226, 0.244, 0.125,0.218, 0.195, 0.132,-0.281, 0.039, 0.209,0.232, -0.035, 0.231,-0.119, -0.003, 0.006,0.119, 0.004, -0.007,-0.068, -0.394, 0.033,0.095, -0.360, -0.080,-0.089, -0.682, -0.178,0.061, -0.590, -0.400
193205,7.679, -12.000,18,21,47,35,32,32,23,20,40,47,-0.193, 0.464, 0.150,0.157, 0.446, 0.165,-0.227, 0.239, 0.110,0.219, 0.198, 0.124,-0.281, 0.035, 0.196,0.237, -0.030, 0.215,-0.119, -0.003, 0.003,0.120, 0.004, -0.005,-0.065, -0.392, 0.044,0.103, -0.370, -0.009,-0.091, -0.684, -0.142,0.068, -0.594, -0.263
193205,8.052, -12.000,18,21,45,33,31,30,22,20,40,43,-0.193, 0.463, 0.142,0.157, 0.446, 0.157,-0.227, 0.236, 0.105,0.220, 0.198, 0.120,-0.278, 0.031, 0.191,0.243, -0.028, 0.209,-0.119, -0.004, 0.002,0.120, 0.004, -0.003,-0.064, -0.389, 0.042,0.106, -0.372, -0.001,-0.091, -0.681, -0.143,0.073, -0.612, -0.230
193205,8.377, -12.000,21,21,34,31,29,30,20,19,40,47,-0.199, 0.462, 0.126,0.153, 0.449, 0.138,-0.242, 0.236, 0.094,0.221, 0.204, 0.098,-0.298, 0.024, 0.181,0.249, -0.021, 0.186,-0.119, -0.004, 0.001,0.120, 0.005, -0.002,-0.054, -0.383, 0.042,0.115, -0.378, 0.012,-0.082, -0.680, -0.146,0.075, -0.619, -0.227
193205,8.844, -12.000,21,21,37,31,30,30,20,17,48,43,-0.200, 0.461, 0.130,0.153, 0.449, 0.140,-0.245, 0.237, 0.092,0.223, 0.204, 0.100,-0.296, 0.021, 0.178,0.257, -0.018, 0.186,-0.119, -0.005, 0.001,0.120, 0.005, -0.002,-0.054, -0.378, 0.039,0.113, -0.377, -0.003,-0.077, -0.661, -0.205,0.072, -0.623, -0.238
193205,8.994, -12.000,22,21,35,31,30,30,20,17,47,42,-0.201, 0.462, 0.129,0.153, 0.450, 0.139,-0.250, 0.238, 0.091,0.225, 0.205, 0.098,-0.297, 0.021, 0.177,0.260, -0.018, 0.184,-0.119, -0.005, 0.001,0.120, 0.006, -0.002,-0.050, -0.375, 0.039,0.113, -0.376, -0.008,-0.070, -0.661, -0.203,0.071, -0.625, -0.238
193205,9.135, -12.000,23,23,30,30,28,30,22,21,47,45,-0.202, 0.460, 0.123,0.151, 0.440, 0.141,-0.250, 0.236, 0.092,0.230, 0.202, 0.099,-0.297, 0.012, 0.179,0.262, -0.018, 0.178,-0.119, -0.006, -0.006,0.120, 0.006, 0.005,-0.045, -0.360, 0.037,0.126, -0.369, 0.026,-0.038, -0.650, -0.205,0.102, -0.608, -0.186
193205,9.390, -12.000,23,23,30,30,29,30,21,19,48,43,-0.201, 0.457, 0.123,0.151, 0.434, 0.141,-0.249, 0.236, 0.091,0.232, 0.198, 0.099,-0.297, 0.010, 0.181,0.267, -0.021, 0.177,-0.119, -0.006, -0.010,0.120, 0.006, 0.009,-0.039, -0.357, 0.027,0.126, -0.362, 0.022,-0.029, -0.642, -0.225,0.104, -0.602, -0.189
193205,9.495, -12.000,23,23,25,33,27,30,20,20,49,46,-0.196, 0.458, 0.121,0.156, 0.430, 0.138,-0.248, 0.236, 0.093,0.234, 0.197, 0.091,-0.296, 0.004, 0.181,0.269, -0.020, 0.163,-0.119, -0.006, -0.010,0.119, 0.006, 0.009,-0.039, -0.330, 0.016,0.143, -0.321, 0.019,-0.017, -0.600, -0.251,0.105, -0.534, -0.181
193205,9.607, -12.000,23,23,21,33,25,29,19,20,46,39,-0.195, 0.458, 0.122,0.159, 0.429, 0.140,-0.245, 0.234, 0.099,0.234, 0.195, 0.095,-0.292, 0.000, 0.184,0.271, -0.020, 0.164,-0.118, -0.006, -0.009,0.119, 0.007, 0.008,-0.039, -0.334, 0.012,0.139, -0.313, 0.014,-0.020, -0.610, -0.240,0.104, -0.547, -0.163
193205,9.589, -12.000,22,22,22,41,25,32,18,21,48,43,-0.189, 0.460, 0.108,0.165, 0.429, 0.131,-0.240, 0.235, 0.084,0.235, 0.195, 0.076,-0.284, -0.001, 0.168,0.270, -0.021, 0.151,-0.119, -0.006, -0.009,0.120, 0.007, 0.008,-0.034, -0.306, 0.008,0.152, -0.282, 0.013,-0.013, -0.579, -0.261,0.112, -0.511, -0.179
193205,9.258, -12.000,19,23,33,34,26,29,17,17,43,35,-0.184, 0.463, 0.110,0.171, 0.429, 0.140,-0.232, 0.236, 0.072,0.235, 0.192, 0.103,-0.280, -0.003, 0.147,0.265, -0.028, 0.185,-0.119, -0.006, -0.011,0.120, 0.006, 0.010,-0.032, -0.306, -0.006,0.151, -0.278, -0.017,-0.018, -0.593, -0.252,0.109, -0.517, -0.204
193205,9.264, -12.000,18,24,34,34,27,30,22,21,44,37,-0.174, 0.464, 0.109,0.188, 0.426, 0.141,-0.222, 0.234, 0.069,0.254, 0.170, 0.104,-0.277, -0.004, 0.147,0.265, -0.044, 0.185,-0.122, -0.005, -0.012,0.123, 0.005, 0.011,-0.024, -0.242, -0.003,0.162, -0.208, -0.014,-0.019, -0.556, -0.247,0.112, -0.446, -0.205
193205,9.036, -12.000,17,24,28,34,26,30,21,20,41,35,-0.166, 0.474, 0.104,0.195, 0.427, 0.137,-0.216, 0.237, 0.069,0.256, 0.167, 0.103,-0.272, 0.005, 0.151,0.261, -0.048, 0.183,-0.122, -0.004, -0.013,0.123, 0.004, 0.011,-0.025, -0.258, -0.006,0.158, -0.227, -0.014,-0.020, -0.571, -0.234,0.111, -0.471, -0.203
193205,8.834, -12.000,15,25,33,30,27,29,20,18,36,31,-0.162, 0.476, 0.105,0.193, 0.427, 0.140,-0.204, 0.243, 0.071,0.258, 0.169, 0.111,-0.260, 0.018, 0.153,0.257, -0.046, 0.188,-0.122, -0.004, -0.013,0.123, 0.004, 0.011,-0.026, -0.271, -0.014,0.156, -0.238, -0.027,-0.020, -0.590, -0.217,0.110, -0.483, -0.203
193205,9.215, -12.000,13,26,36,26,28,27,19,19,35,34,-0.153, 0.476, 0.106,0.192, 0.419, 0.141,-0.190, 0.244, 0.072,0.257, 0.166, 0.117,-0.246, 0.021, 0.155,0.264, -0.055, 0.192,-0.121, -0.001, -0.010,0.122, 0.001, 0.008,-0.027, -0.274, -0.016,0.155, -0.244, -0.026,-0.021, -0.584, -0.217,0.090, -0.481, -0.200
193205,9.306, -12.000,13,28,40,18,31,25,19,16,33,29,-0.151, 0.477, 0.119,0.192, 0.418, 0.149,-0.184, 0.248, 0.086,0.260, 0.165, 0.133,-0.242, 0.028, 0.181,0.265, -0.057, 0.207,-0.120, -0.001, -0.009,0.121, 0.001, 0.007,-0.029, -0.279, -0.017,0.143, -0.248, -0.036,-0.031, -0.604, -0.212,0.082, -0.486, -0.200
193205,10.504, -12.000,13,28,54,35,36,24,24,20,37,33,-0.149, 0.460, 0.173,0.193, 0.400, 0.193,-0.179, 0.235, 0.124,0.262, 0.143, 0.150,-0.243, 0.005, 0.227,0.287, -0.079, 0.205,-0.121, 0.002, -0.003,0.121, -0.002, 0.000,-0.030, -0.255, -0.010,0.136, -0.202, -0.035,-0.048, -0.562, -0.206,0.069, -0.441, -0.227
193205,10.564, -12.000,14,29,55,34,36,22,25,21,37,32,-0.149, 0.458, 0.177,0.193, 0.397, 0.198,-0.177, 0.232, 0.131,0.262, 0.137, 0.156,-0.244, 0.004, 0.236,0.288, -0.086, 0.205,-0.121, 0.004, -0.001,0.121, -0.004, -0.002,-0.030, -0.252, -0.009,0.134, -0.196, -0.033,-0.061, -0.563, -0.198,0.059, -0.443, -0.219
193205,12.614, -12.000,12,31,60,29,35,17,22,21,35,27,-0.140, 0.458, 0.170,0.199, 0.399, 0.191,-0.161, 0.231, 0.126,0.277, 0.138, 0.153,-0.230, 0.003, 0.226,0.324, -0.071, 0.187,-0.120, 0.004, 0.002,0.121, -0.004, -0.005,-0.045, -0.255, -0.009,0.121, -0.164, -0.023,-0.081, -0.556, -0.181,0.050, -0.399, -0.160
193206,13.022, -12.000,11,31,66,30,35,17,23,21,38,29,-0.137, 0.459, 0.165,0.201, 0.400, 0.187,-0.152, 0.231, 0.125,0.281, 0.145, 0.146,-0.228, 0.003, 0.222,0.331, -0.060, 0.176,-0.120, 0.005, 0.001,0.121, -0.004, -0.004,-0.049, -0.252, 0.001,0.117, -0.174, -0.021,-0.082, -0.542, -0.181,0.048, -0.398, -0.166
193206,13.172, -12.000,14,34,54,30,30,20,18,71,33,54,-0.136, 0.450, 0.178,0.201, 0.396, 0.195,-0.156, 0.233, 0.145,0.294, 0.151, 0.145,-0.224, 0.010, 0.232,0.334, -0.034, 0.171,-0.121, 0.005, 0.010,0.121, -0.001, -0.014,-0.080, -0.211, -0.007,0.106, -0.026, 0.012,-0.124, -0.477, -0.173,0.035, -0.257, -0.039
193206,13.266, -12.000,11,34,60,35,33,24,18,118,28,101,-0.137, 0.451, 0.174,0.199, 0.397, 0.193,-0.157, 0.238, 0.132,0.300, 0.161, 0.130,-0.229, 0.029, 0.213,0.336, -0.007, 0.153,-0.122, 0.005, 0.010,0.121, 0.000, -0.014,-0.076, -0.200, -0.006,0.106, 0.005, 0.031,-0.118, -0.499, -0.143,0.030, -0.256, -0.024
193206,13.113, -12.000,10,33,57,33,37,27,17,98,27,86,-0.137, 0.455, 0.158,0.198, 0.403, 0.172,-0.161, 0.243, 0.117,0.298, 0.173, 0.111,-0.230, 0.046, 0.211,0.333, 0.013, 0.143,-0.122, 0.005, 0.010,0.122, 0.001, -0.014,-0.075, -0.207, -0.005,0.105, -0.013, 0.047,-0.114, -0.508, -0.143,0.028, -0.273, -0.012
193206,11.967, -12.000,13,33,43,34,36,34,30,138,40,123,-0.135, 0.445, 0.157,0.204, 0.397, 0.175,-0.163, 0.234, 0.128,0.300, 0.166, 0.116,-0.223, 0.043, 0.230,0.313, 0.008, 0.162,-0.127, 0.006, 0.009,0.127, 0.003, -0.013,-0.127, -0.120, 0.034,0.069, 0.094, 0.111,-0.165, -0.413, -0.126,0.013, -0.175, 0.079
193206,11.235, -12.000,14,33,30,34,39,45,36,137,48,128,-0.133, 0.446, 0.146,0.204, 0.398, 0.173,-0.163, 0.234, 0.125,0.300, 0.169, 0.118,-0.220, 0.060, 0.242,0.300, 0.029, 0.190,-0.130, 0.006, 0.003,0.130, 0.004, -0.008,-0.115, -0.120, 0.045,0.076, 0.089, 0.122,-0.151, -0.434, -0.123,0.013, -0.175, 0.049
193206,10.841, -12.000,19,34,12,30,33,45,37,139,47,125,-0.140, 0.442, 0.141,0.199, 0.401, 0.168,-0.190, 0.219, 0.125,0.300, 0.175, 0.119,-0.223, 0.038, 0.231,0.293, 0.030, 0.188,-0.131, 0.005, 0.003,0.130, 0.009, -0.008,-0.122, -0.121, 0.048,0.073, 0.104, 0.116,-0.159, -0.415, -0.103,0.018, -0.182, 0.082
193206,10.503, -12.000,19,34,10,27,34,46,35,137,42,123,-0.140, 0.443, 0.140,0.198, 0.404, 0.169,-0.192, 0.220, 0.125,0.296, 0.177, 0.127,-0.231, 0.040, 0.235,0.287, 0.042, 0.201,-0.131, 0.005, 0.003,0.131, 0.009, -0.008,-0.115, -0.127, 0.047,0.076, 0.093, 0.120,-0.152, -0.431, -0.079,0.019, -0.192, 0.077
193206,9.728, -12.000,24,35,2,19,27,46,55,154,64,141,-0.144, 0.440, 0.141,0.189, 0.404, 0.169,-0.216, 0.221, 0.132,0.291, 0.176, 0.142,-0.256, 0.041, 0.216,0.273, 0.047, 0.215,-0.132, 0.005, 0.005,0.132, 0.011, -0.010,-0.126, -0.072, 0.064,0.074, 0.182, 0.121,-0.171, -0.343, -0.066,0.032, -0.110, 0.091
193206,9.215, -12.000,24,36,0,17,26,48,47,146,53,130,-0.146, 0.440, 0.138,0.189, 0.406, 0.169,-0.218, 0.221, 0.131,0.291, 0.176, 0.147,-0.260, 0.042, 0.215,0.264, 0.045, 0.220,-0.132, 0.005, 0.005,0.132, 0.011, -0.010,-0.122, -0.096, 0.064,0.076, 0.133, 0.121,-0.165, -0.383, -0.050,0.037, -0.152, 0.104
193206,9.179, -12.000,25,36,3,15,26,49,41,142,49,125,-0.147, 0.442, 0.126,0.188, 0.413, 0.162,-0.225, 0.223, 0.122,0.291, 0.181, 0.146,-0.276, 0.045, 0.211,0.263, 0.051, 0.227,-0.132, 0.005, 0.005,0.132, 0.011, -0.010,-0.117, -0.107, 0.061,0.077, 0.116, 0.122,-0.162, -0.385, -0.044,0.037, -0.169, 0.105
193206,8.680, -12.000,27,36,3,15,27,51,55,149,64,131,-0.148, 0.441, 0.127,0.188, 0.411, 0.163,-0.236, 0.223, 0.122,0.291, 0.179, 0.147,-0.284, 0.055, 0.206,0.254, 0.053, 0.223,-0.132, 0.005, 0.005,0.132, 0.012, -0.010,-0.125, -0.081, 0.077,0.077, 0.158, 0.132,-0.169, -0.356, -0.041,0.039, -0.132, 0.128
193206,8.869, -12.000,28,35,6,18,23,46,66,155,77,141,-0.147, 0.442, 0.120,0.188, 0.410, 0.162,-0.237, 0.227, 0.119,0.289, 0.179, 0.143,-0.287, 0.061, 0.191,0.258, 0.050, 0.202,-0.133, 0.005, 0.003,0.133, 0.014, -0.009,-0.130, -0.055, 0.079,0.074, 0.211, 0.137,-0.178, -0.323, -0.049,0.040, -0.090, 0.121
193206,10.510, -12.000,31,35,6,30,18,39,71,154,83,144,-0.143, 0.433, 0.150,0.190, 0.397, 0.192,-0.238, 0.226, 0.149,0.293, 0.176, 0.147,-0.286, 0.043, 0.199,0.287, 0.033, 0.196,-0.134, 0.005, 0.003,0.133, 0.014, -0.009,-0.137, -0.050, 0.076,0.061, 0.214, 0.129,-0.179, -0.326, -0.090,0.037, -0.086, 0.099
193206,10.848, -12.000,32,35,7,30,18,35,94,158,107,150,-0.142, 0.430, 0.155,0.189, 0.395, 0.193,-0.240, 0.225, 0.157,0.293, 0.177, 0.147,-0.284, 0.036, 0.204,0.293, 0.031, 0.185,-0.135, 0.005, 0.003,0.135, 0.015, -0.008,-0.138, -0.014, 0.075,0.062, 0.261, 0.128,-0.187, -0.281, -0.099,0.038, -0.044, 0.098
193206,10.789, -12.000,32,34,5,31,26,31,139,161,151,156,-0.142, 0.430, 0.159,0.189, 0.394, 0.194,-0.240, 0.228, 0.157,0.289, 0.175, 0.147,-0.246, 0.029, 0.199,0.292, 0.027, 0.172,-0.139, 0.005, 0.003,0.139, 0.017, -0.008,-0.148, 0.045, 0.074,0.067, 0.341, 0.143,-0.217, -0.191, -0.116,0.041, 0.034, 0.099
193206,11.243, -12.000,31,33,4,31,26,29,153,165,162,160,-0.143, 0.430, 0.158,0.187, 0.394, 0.194,-0.240, 0.227, 0.156,0.288, 0.175, 0.145,-0.245, 0.027, 0.191,0.300, 0.031, 0.170,-0.143, 0.005, 0.002,0.143, 0.019, -0.008,-0.145, 0.076, 0.078,0.089, 0.388, 0.155,-0.223, -0.161, -0.114,0.050, 0.070, 0.098
193206,10.844, -12.000,33,33,20,32,29,34,149,165,163,160,-0.142, 0.430, 0.124,0.186, 0.392, 0.170,-0.240, 0.229, 0.144,0.286, 0.183, 0.125,-0.228, 0.027, 0.190,0.293, 0.031, 0.165,-0.143, 0.007, -0.002,0.143, 0.019, -0.005,-0.144, 0.084, 0.081,0.081, 0.386, 0.159,-0.224, -0.129, -0.112,0.050, 0.089, 0.099
193206,10.835, -12.000,34,31,24,32,31,33,143,167,159,159,-0.140, 0.430, 0.105,0.184, 0.395, 0.156,-0.245, 0.229, 0.133,0.281, 0.191, 0.114,-0.232, 0.029, 0.187,0.293, 0.039, 0.158,-0.147, 0.009, -0.004,0.148, 0.019, -0.003,-0.139, 0.107, 0.115,0.090, 0.437, 0.183,-0.236, -0.127, -0.062,0.049, 0.097, 0.130
193206,10.815, -12.000,33,29,25,34,31,34,144,167,163,160,-0.138, 0.429, 0.094,0.183, 0.396, 0.148,-0.245, 0.227, 0.125,0.273, 0.195, 0.106,-0.234, 0.029, 0.188,0.292, 0.041, 0.160,-0.150, 0.011, -0.009,0.150, 0.018, 0.001,-0.131, 0.121, 0.118,0.089, 0.458, 0.198,-0.230, -0.128, -0.065,0.052, 0.117, 0.141
193206,9.764, -12.000,35,29,26,30,35,43,151,167,165,161,-0.137, 0.422, 0.095,0.183, 0.395, 0.150,-0.249, 0.225, 0.129,0.268, 0.194, 0.117,-0.236, 0.028, 0.214,0.274, 0.042, 0.204,-0.154, 0.014, -0.013,0.155, 0.018, 0.005,-0.134, 0.157, 0.120,0.076, 0.492, 0.207,-0.241, -0.078, -0.068,0.046, 0.144, 0.144
193206,9.375, -12.000,35,27,26,28,36,42,153,168,167,162,-0.143, 0.421, 0.088,0.174, 0.397, 0.145,-0.254, 0.222, 0.120,0.256, 0.195, 0.118,-0.237, 0.029, 0.213,0.267, 0.045, 0.212,-0.157, 0.014, -0.017,0.158, 0.019, 0.009,-0.132, 0.178, 0.125,0.074, 0.522, 0.226,-0.238, -0.069, -0.063,0.046, 0.177, 0.149
193206,8.670, -12.000,38,27,25,24,37,42,161,169,166,164,-0.137, 0.416, 0.115,0.174, 0.388, 0.164,-0.253, 0.222, 0.151,0.251, 0.188, 0.143,-0.237, 0.029, 0.244,0.254, 0.042, 0.236,-0.160, 0.017, -0.018,0.161, 0.018, 0.009,-0.131, 0.233, 0.144,0.075, 0.567, 0.234,-0.245, -0.019, -0.061,0.046, 0.223, 0.148
193207,8.097, -12.000,38,27,22,24,40,42,162,170,169,166,-0.132, 0.416, 0.114,0.177, 0.388, 0.162,-0.251, 0.229, 0.144,0.248, 0.189, 0.141,-0.234, 0.033, 0.241,0.244, 0.042, 0.232,-0.161, 0.018, -0.018,0.162, 0.018, 0.009,-0.118, 0.236, 0.137,0.085, 0.578, 0.225,-0.233, -0.022, -0.072,0.056, 0.239, 0.133
193207,8.210, -12.000,38,27,21,23,40,40,162,169,167,166,-0.129, 0.416, 0.114,0.181, 0.385, 0.159,-0.250, 0.232, 0.142,0.250, 0.189, 0.139,-0.229, 0.036, 0.219,0.246, 0.039, 0.227,-0.161, 0.018, -0.018,0.162, 0.018, 0.009,-0.119, 0.234, 0.135,0.087, 0.576, 0.220,-0.233, -0.008, -0.100,0.056, 0.241, 0.133
193207,7.995, -12.000,37,26,20,26,41,42,164,169,166,166,-0.123, 0.416, 0.114,0.186, 0.383, 0.158,-0.244, 0.235, 0.141,0.251, 0.189, 0.136,-0.218, 0.039, 0.215,0.242, 0.037, 0.226,-0.161, 0.019, -0.018,0.162, 0.017, 0.009,-0.117, 0.237, 0.128,0.092, 0.575, 0.218,-0.229, -0.004, -0.115,0.058, 0.239, 0.131
193207,16.876, -3.405,47,48,10,24,85,70,165,168,141,164,-0.133, 0.410, 0.070,0.174, 0.382, 0.074,-0.268, 0.285, 0.095,0.280, 0.252, 0.123,-0.322, 0.350, 0.211,0.400, 0.315, 0.269,-0.161, 0.018, -0.025,0.162, 0.026, 0.017,-0.167, 0.358, 0.148,0.092, 0.667, 0.223,-0.272, 0.174, -0.206,0.064, 0.387, 0.073
193207,16.968, -2.612,48,48,11,30,85,69,161,163,141,164,-0.137, 0.406, 0.052,0.168, 0.381, 0.050,-0.267, 0.286, 0.079,0.281, 0.253, 0.116,-0.327, 0.362, 0.210,0.402, 0.335, 0.279,-0.161, 0.017, -0.031,0.162, 0.030, 0.023,-0.186, 0.350, 0.152,0.087, 0.646, 0.232,-0.288, 0.167, -0.210,0.064, 0.376, 0.079
193207,15.851, -5.672,49,42,14,21,85,62,162,164,142,164,-0.137, 0.406, 0.046,0.167, 0.380, 0.054,-0.268, 0.292, 0.075,0.274, 0.243, 0.098,-0.323, 0.372, 0.210,0.382, 0.258, 0.272,-0.161, 0.017, -0.032,0.162, 0.031, 0.024,-0.180, 0.370, 0.153,0.087, 0.672, 0.234,-0.278, 0.175, -0.218,0.070, 0.391, 0.068
193207,15.314, -0.461,69,64,17,23,82,58,158,168,149,157,-0.156, 0.413, 0.054,0.147, 0.393, 0.069,-0.302, 0.344, 0.093,0.280, 0.316, 0.136,-0.318, 0.406, 0.242,0.372, 0.388, 0.320,-0.153, 0.017, -0.032,0.155, 0.030, 0.024,-0.157, 0.248, 0.122,0.091, 0.548, 0.182,-0.235, 0.068, -0.205,0.079, 0.304, -0.004
193207,15.712, 0.325,70,66,19,28,74,63,159,170,152,157,-0.160, 0.416, 0.069,0.145, 0.395, 0.076,-0.305, 0.344, 0.117,0.291, 0.308, 0.158,-0.334, 0.399, 0.261,0.379, 0.408, 0.317,-0.151, 0.014, -0.026,0.152, 0.030, 0.019,-0.141, 0.237, 0.123,0.103, 0.543, 0.180,-0.221, 0.050, -0.194,0.093, 0.302, -0.011
193207,18.277, -1.233,73,81,46,17,57,32,137,164,165,155,-0.161, 0.413, 0.106,0.137, 0.394, 0.147,-0.270, 0.329, 0.193,0.307, 0.336, 0.228,-0.331, 0.386, 0.365,0.425, 0.369, 0.318,-0.137, 0.012, -0.027,0.137, 0.024, 0.021,-0.137, 0.054, 0.048,0.073, 0.274, 0.151,-0.198, -0.158, -0.210,0.057, 0.094, -0.033
193207,19.566, -1.142,76,85,42,13,53,38,143,161,172,144,-0.157, 0.402, 0.143,0.140, 0.386, 0.165,-0.260, 0.323, 0.225,0.343, 0.333, 0.230,-0.294, 0.343, 0.378,0.448, 0.371, 0.329,-0.130, 0.012, -0.015,0.130, 0.016, 0.010,-0.115, 0.056, 0.049,0.069, 0.277, 0.062,-0.190, -0.176, -0.204,0.045, 0.066, -0.126
193207,9.037, -12.000,57,43,19,19,59,46,159,159,173,158,-0.144, 0.406, 0.137,0.159, 0.370, 0.173,-0.251, 0.307, 0.162,0.279, 0.213, 0.145,-0.241, 0.207, 0.279,0.261, 0.049, 0.171,-0.131, 0.013, -0.018,0.131, 0.016, 0.013,-0.119, 0.107, 0.064,0.022, 0.371, 0.145,-0.195, -0.150, -0.171,0.001, 0.130, 0.034
193207,8.373, -12.000,42,34,3,31,47,48,154,157,169,159,-0.128, 0.407, 0.133,0.178, 0.369, 0.162,-0.235, 0.274, 0.130,0.268, 0.192, 0.117,-0.228, 0.107, 0.206,0.249, 0.032, 0.184,-0.132, 0.015, -0.018,0.131, 0.013, 0.012,-0.122, 0.099, 0.069,0.020, 0.387, 0.147,-0.203, -0.157, -0.155,-0.006, 0.117, 0.047
193207,7.740, -12.000,39,30,3,31,48,46,156,159,168,161,-0.123, 0.407, 0.132,0.179, 0.363, 0.158,-0.237, 0.268, 0.116,0.258, 0.173, 0.118,-0.234, 0.105, 0.189,0.238, 0.018, 0.190,-0.134, 0.016, -0.018,0.133, 0.013, 0.012,-0.124, 0.115, 0.078,0.027, 0.414, 0.160,-0.211, -0.131, -0.135,0.005, 0.136, 0.081
193207,6.325, -12.000,42,21,4,51,56,37,160,161,165,163,-0.125, 0.411, 0.118,0.178, 0.357, 0.160,-0.247, 0.275, 0.110,0.221, 0.162, 0.119,-0.232, 0.136, 0.194,0.212, 0.026, 0.175,-0.138, 0.016, -0.023,0.138, 0.015, 0.016,-0.135, 0.182, 0.113,0.030, 0.493, 0.203,-0.217, -0.041, -0.099,0.009, 0.215, 0.112
193207,6.797, -12.000,42,24,4,49,52,40,160,162,164,163,-0.127, 0.407, 0.122,0.174, 0.354, 0.171,-0.247, 0.273, 0.113,0.232, 0.172, 0.122,-0.235, 0.102, 0.191,0.221, 0.022, 0.177,-0.139, 0.016, -0.023,0.139, 0.015, 0.016,-0.140, 0.177, 0.109,0.033, 0.485, 0.197,-0.222, -0.043, -0.108,0.012, 0.210, 0.105
193207,6.106, -12.000,47,20,19,50,79,41,156,164,164,162,-0.130, 0.407, 0.078,0.153, 0.356, 0.136,-0.246, 0.287, 0.095,0.209, 0.188, 0.091,-0.266, 0.293, 0.201,0.209, 0.094, 0.131,-0.139, 0.015, -0.030,0.139, 0.017, 0.023,-0.144, 0.188, 0.111,0.023, 0.481, 0.195,-0.216, -0.034, -0.122,0.013, 0.225, 0.053
193207,5.822, -12.000,48,19,23,48,69,41,158,166,161,161,-0.133, 0.408, 0.072,0.148, 0.357, 0.128,-0.243, 0.294, 0.095,0.202, 0.192, 0.087,-0.268, 0.285, 0.205,0.204, 0.084, 0.136,-0.141, 0.015, -0.032,0.141, 0.019, 0.024,-0.145, 0.216, 0.115,0.023, 0.524, 0.194,-0.220, 0.000, -0.135,0.013, 0.261, 0.035
193207,5.049, -12.000,36,18,17,46,37,54,149,168,168,164,-0.136, 0.400, 0.082,0.155, 0.360, 0.129,-0.243, 0.225, 0.098,0.208, 0.182, 0.089,-0.250, 0.078, 0.187,0.190, 0.074, 0.168,-0.144, 0.014, -0.027,0.145, 0.020, 0.019,-0.137, 0.151, 0.114,0.065, 0.480, 0.208,-0.217, -0.073, -0.127,0.048, 0.185, 0.144
193207,5.741, -12.000,33,25,15,36,38,58,151,168,168,162,-0.142, 0.395, 0.089,0.158, 0.362, 0.134,-0.243, 0.205, 0.102,0.240, 0.180, 0.091,-0.238, 0.048, 0.190,0.202, 0.053, 0.172,-0.148, 0.014, -0.025,0.148, 0.020, 0.017,-0.137, 0.154, 0.118,0.070, 0.481, 0.215,-0.222, -0.070, -0.103,0.051, 0.184, 0.156
193207,5.428, -12.000,35,24,17,32,39,57,152,166,165,163,-0.142, 0.397, 0.088,0.174, 0.364, 0.134,-0.245, 0.215, 0.106,0.240, 0.167, 0.104,-0.241, 0.053, 0.207,0.197, 0.036, 0.210,-0.151, 0.012, -0.025,0.151, 0.022, 0.017,-0.147, 0.178, 0.132,0.068, 0.492, 0.217,-0.224, -0.035, -0.062,0.054, 0.195, 0.156
193207,3.188, -12.000,33,25,17,5,44,69,154,165,169,166,-0.139, 0.402, 0.088,0.180, 0.364, 0.136,-0.237, 0.222, 0.103,0.222, 0.163, 0.138,-0.221, 0.075, 0.204,0.157, 0.096, 0.256,-0.151, 0.012, -0.028,0.152, 0.022, 0.019,-0.142, 0.176, 0.119,0.071, 0.492, 0.221,-0.211, -0.046, -0.092,0.060, 0.203, 0.140
193207,3.779, -11.733,33,27,16,10,42,69,154,166,172,167,-0.137, 0.406, 0.091,0.180, 0.369, 0.136,-0.236, 0.226, 0.106,0.220, 0.166, 0.149,-0.225, 0.071, 0.209,0.167, 0.107, 0.287,-0.151, 0.012, -0.027,0.151, 0.022, 0.019,-0.134, 0.151, 0.099,0.080, 0.457, 0.205,-0.203, -0.087, -0.107,0.061, 0.184, 0.107
193208,4.130, -12.000,34,27,18,2,41,61,150,165,168,162,-0.135, 0.407, 0.091,0.184, 0.369, 0.139,-0.237, 0.226, 0.110,0.230, 0.158, 0.147,-0.226, 0.067, 0.216,0.173, 0.065, 0.283,-0.151, 0.012, -0.027,0.152, 0.022, 0.019,-0.134, 0.153, 0.120,0.078, 0.462, 0.213,-0.204, -0.092, -0.065,0.061, 0.181, 0.154
193208,4.370, -12.000,35,30,22,1,39,62,152,165,169,163,-0.137, 0.407, 0.096,0.184, 0.369, 0.140,-0.238, 0.222, 0.123,0.245, 0.160, 0.150,-0.227, 0.059, 0.229,0.178, 0.067, 0.273,-0.152, 0.011, -0.026,0.152, 0.023, 0.018,-0.135, 0.161, 0.122,0.077, 0.475, 0.218,-0.204, -0.091, -0.074,0.062, 0.189, 0.155
193208,4.587, -12.000,34,31,23,9,40,60,157,164,172,167,-0.137, 0.411, 0.096,0.190, 0.374, 0.140,-0.232, 0.223, 0.124,0.247, 0.161, 0.158,-0.220, 0.065, 0.241,0.182, 0.062, 0.291,-0.152, 0.009, -0.026,0.152, 0.024, 0.018,-0.139, 0.166, 0.105,0.073, 0.461, 0.205,-0.199, -0.080, -0.094,0.062, 0.190, 0.118
193208,4.709, -12.000,34,28,29,13,47,53,157,164,172,167,-0.147, 0.410, 0.093,0.186, 0.381, 0.132,-0.233, 0.212, 0.130,0.234, 0.161, 0.150,-0.198, 0.081, 0.260,0.184, 0.047, 0.287,-0.152, 0.007, -0.026,0.153, 0.027, 0.018,-0.139, 0.180, 0.113,0.072, 0.476, 0.215,-0.196, -0.053, -0.082,0.068, 0.204, 0.136
193208,6.044, -12.000,36,30,33,20,37,51,157,164,172,166,-0.151, 0.410, 0.096,0.184, 0.381, 0.131,-0.237, 0.213, 0.140,0.238, 0.164, 0.157,-0.221, 0.057, 0.268,0.207, 0.056, 0.303,-0.153, 0.006, -0.024,0.154, 0.028, 0.016,-0.139, 0.206, 0.135,0.072, 0.509, 0.240,-0.196, -0.030, -0.052,0.080, 0.232, 0.177
193208,5.576, -12.000,36,29,32,21,37,50,157,164,172,167,-0.151, 0.410, 0.096,0.184, 0.381, 0.131,-0.236, 0.214, 0.139,0.233, 0.162, 0.157,-0.222, 0.057, 0.263,0.199, 0.050, 0.299,-0.154, 0.006, -0.025,0.155, 0.029, 0.017,-0.139, 0.202, 0.133,0.068, 0.505, 0.239,-0.195, -0.034, -0.059,0.078, 0.231, 0.168
193208,4.949, -12.000,34,29,30,23,56,55,156,163,172,166,-0.152, 0.409, 0.093,0.180, 0.381, 0.130,-0.233, 0.214, 0.128,0.225, 0.179, 0.156,-0.190, 0.123, 0.251,0.188, 0.091, 0.295,-0.153, 0.006, -0.025,0.154, 0.028, 0.017,-0.137, 0.194, 0.131,0.060, 0.499, 0.240,-0.196, -0.040, -0.061,0.064, 0.229, 0.166
193208,4.476, -11.344,33,29,31,27,68,58,155,163,172,166,-0.153, 0.407, 0.086,0.176, 0.381, 0.127,-0.231, 0.215, 0.122,0.218, 0.189, 0.156,-0.175, 0.155, 0.248,0.180, 0.116, 0.291,-0.153, 0.006, -0.026,0.154, 0.028, 0.018,-0.135, 0.193, 0.128,0.055, 0.497, 0.245,-0.198, -0.041, -0.077,0.057, 0.236, 0.163
193208,3.524, -11.219,32,28,30,32,62,59,164,165,160,167,-0.148, 0.405, 0.090,0.176, 0.374, 0.135,-0.223, 0.215, 0.121,0.205, 0.188, 0.160,-0.172, 0.141, 0.237,0.163, 0.120, 0.285,-0.153, 0.008, -0.028,0.154, 0.028, 0.020,-0.136, 0.239, 0.113,0.055, 0.543, 0.242,-0.199, 0.024, -0.139,0.058, 0.302, 0.098
193208,3.360, -11.404,32,27,29,29,61,57,163,165,164,168,-0.149, 0.404, 0.091,0.175, 0.375, 0.136,-0.224, 0.215, 0.120,0.204, 0.188, 0.158,-0.171, 0.137, 0.226,0.160, 0.115, 0.276,-0.153, 0.008, -0.028,0.153, 0.027, 0.020,-0.132, 0.211, 0.101,0.055, 0.512, 0.228,-0.189, -0.005, -0.135,0.062, 0.290, 0.098
193208,3.445, -12.000,31,23,25,3,55,53,158,164,172,169,-0.150, 0.404, 0.091,0.173, 0.379, 0.132,-0.225, 0.216, 0.115,0.205, 0.188, 0.138,-0.175, 0.118, 0.214,0.161, 0.090, 0.252,-0.152, 0.007, -0.027,0.153, 0.027, 0.019,-0.130, 0.163, 0.090,0.055, 0.470, 0.214,-0.187, -0.071, -0.135,0.062, 0.221, 0.098
193208,3.449, -12.000,30,23,21,5,47,51,155,163,176,168,-0.150, 0.404, 0.092,0.172, 0.379, 0.137,-0.224, 0.218, 0.110,0.206, 0.187, 0.139,-0.190, 0.102, 0.203,0.161, 0.081, 0.245,-0.151, 0.007, -0.027,0.152, 0.027, 0.019,-0.129, 0.141, 0.087,0.053, 0.437, 0.199,-0.184, -0.091, -0.133,0.060, 0.186, 0.084
193208,3.525, -12.000,30,22,19,9,43,50,152,163,177,167,-0.149, 0.404, 0.093,0.172, 0.379, 0.139,-0.224, 0.221, 0.108,0.208, 0.186, 0.139,-0.198, 0.093, 0.199,0.163, 0.076, 0.239,-0.151, 0.007, -0.027,0.151, 0.026, 0.019,-0.128, 0.126, 0.084,0.052, 0.421, 0.191,-0.184, -0.111, -0.131,0.055, 0.165, 0.080
193208,3.818, -12.000,29,24,16,10,38,54,152,162,176,167,-0.148, 0.406, 0.094,0.174, 0.379, 0.138,-0.222, 0.222, 0.105,0.222, 0.186, 0.136,-0.206, 0.077, 0.191,0.168, 0.076, 0.238,-0.150, 0.006, -0.027,0.151, 0.027, 0.019,-0.133, 0.124, 0.085,0.047, 0.424, 0.191,-0.187, -0.115, -0.130,0.054, 0.165, 0.084
193208,3.385, -11.968,29,28,15,2,38,58,153,162,176,168,-0.148, 0.403, 0.096,0.173, 0.379, 0.142,-0.220, 0.222, 0.105,0.221, 0.194, 0.151,-0.206, 0.078, 0.194,0.160, 0.101, 0.252,-0.150, 0.006, -0.029,0.150, 0.027, 0.021,-0.132, 0.129, 0.086,0.046, 0.427, 0.193,-0.184, -0.106, -0.129,0.055, 0.179, 0.078
193208,3.260, -11.382,31,27,22,5,67,57,160,163,169,171,-0.153, 0.402, 0.089,0.165, 0.378, 0.142,-0.223, 0.227, 0.105,0.211, 0.200, 0.154,-0.192, 0.174, 0.208,0.158, 0.115, 0.252,-0.150, 0.006, -0.031,0.150, 0.028, 0.023,-0.133, 0.187, 0.100,0.035, 0.490, 0.229,-0.183, -0.036, -0.128,0.055, 0.252, 0.107
193208,4.033, -11.800,30,27,11,8,47,57,155,162,174,169,-0.153, 0.402, 0.094,0.165, 0.377, 0.145,-0.228, 0.232, 0.098,0.223, 0.200, 0.145,-0.218, 0.137, 0.178,0.172, 0.105, 0.230,-0.149, 0.006, -0.031,0.150, 0.027, 0.023,-0.133, 0.156, 0.101,0.035, 0.453, 0.225,-0.190, -0.077, -0.122,0.053, 0.203, 0.109
193208,6.184, -12.000,30,27,11,25,34,47,156,163,174,168,-0.152, 0.404, 0.095,0.170, 0.380, 0.138,-0.228, 0.231, 0.099,0.247, 0.197, 0.114,-0.226, 0.073, 0.180,0.210, 0.043, 0.187,-0.150, 0.005, -0.029,0.150, 0.028, 0.021,-0.134, 0.154, 0.097,0.044, 0.449, 0.206,-0.191, -0.085, -0.123,0.054, 0.193, 0.099
193208,6.068, -12.000,30,28,8,22,32,50,160,165,172,170,-0.152, 0.402, 0.105,0.170, 0.379, 0.140,-0.228, 0.224, 0.108,0.248, 0.197, 0.117,-0.226, 0.053, 0.182,0.208, 0.051, 0.197,-0.151, 0.005, -0.028,0.151, 0.028, 0.021,-0.134, 0.171, 0.098,0.054, 0.474, 0.206,-0.190, -0.067, -0.125,0.065, 0.219, 0.096
193208,6.295, -12.000,34,27,25,21,29,50,148,166,170,160,-0.151, 0.401, 0.108,0.172, 0.378, 0.139,-0.229, 0.215, 0.136,0.246, 0.177, 0.118,-0.223, 0.039, 0.222,0.212, 0.024, 0.223,-0.151, 0.007, -0.018,0.151, 0.024, 0.010,-0.117, 0.122, 0.105,0.084, 0.422, 0.206,-0.186, -0.129, -0.082,0.077, 0.130, 0.158
193208,6.418, -12.000,34,27,24,17,31,51,150,168,175,162,-0.151, 0.398, 0.114,0.170, 0.378, 0.138,-0.229, 0.213, 0.142,0.242, 0.179, 0.121,-0.214, 0.035, 0.221,0.214, 0.033, 0.239,-0.151, 0.007, -0.016,0.151, 0.023, 0.008,-0.105, 0.128, 0.100,0.090, 0.431, 0.203,-0.173, -0.118, -0.113,0.091, 0.149, 0.153
193208,6.330, -12.000,33,26,21,14,31,50,150,169,174,163,-0.151, 0.398, 0.116,0.168, 0.380, 0.137,-0.228, 0.213, 0.141,0.236, 0.186, 0.125,-0.211, 0.034, 0.220,0.213, 0.037, 0.249,-0.151, 0.008, -0.015,0.151, 0.022, 0.007,-0.099, 0.132, 0.099,0.098, 0.435, 0.202,-0.169, -0.115, -0.118,0.097, 0.158, 0.152
193209,6.848, -12.000,33,29,20,14,32,51,149,168,172,164,-0.151, 0.398, 0.115,0.169, 0.380, 0.139,-0.230, 0.213, 0.139,0.248, 0.186, 0.125,-0.216, 0.036, 0.220,0.222, 0.039, 0.243,-0.152, 0.008, -0.015,0.152, 0.021, 0.007,-0.100, 0.134, 0.108,0.096, 0.438, 0.211,-0.172, -0.114, -0.083,0.095, 0.160, 0.152
193209,6.709, -12.000,34,28,20,13,32,50,145,168,167,163,-0.150, 0.399, 0.115,0.169, 0.379, 0.139,-0.231, 0.213, 0.138,0.244, 0.186, 0.127,-0.216, 0.037, 0.220,0.219, 0.041, 0.243,-0.151, 0.009, -0.014,0.151, 0.020, 0.007,-0.101, 0.115, 0.106,0.094, 0.422, 0.209,-0.172, -0.141, -0.088,0.091, 0.137, 0.146
193209,7.409, -12.000,35,30,23,11,34,48,145,167,166,160,-0.154, 0.399, 0.115,0.168, 0.380, 0.138,-0.235, 0.212, 0.143,0.249, 0.186, 0.128,-0.212, 0.034, 0.231,0.232, 0.037, 0.244,-0.151, 0.009, -0.014,0.151, 0.021, 0.006,-0.105, 0.117, 0.113,0.092, 0.425, 0.214,-0.180, -0.139, -0.072,0.088, 0.144, 0.166
193209,7.333, -12.000,35,29,23,6,34,47,146,167,167,161,-0.151, 0.406, 0.114,0.170, 0.381, 0.136,-0.235, 0.217, 0.144,0.243, 0.186, 0.133,-0.213, 0.036, 0.232,0.230, 0.042, 0.257,-0.151, 0.009, -0.014,0.151, 0.021, 0.006,-0.109, 0.121, 0.115,0.090, 0.427, 0.212,-0.180, -0.133, -0.070,0.086, 0.144, 0.159
193209,8.627, -12.000,36,35,25,1,34,47,149,167,170,162,-0.151, 0.404, 0.114,0.170, 0.381, 0.133,-0.235, 0.217, 0.147,0.261, 0.188, 0.141,-0.212, 0.035, 0.235,0.253, 0.050, 0.270,-0.151, 0.008, -0.013,0.152, 0.021, 0.006,-0.110, 0.132, 0.115,0.089, 0.428, 0.212,-0.181, -0.120, -0.072,0.086, 0.148, 0.155
193209,8.271, -12.000,36,34,27,4,35,43,150,165,169,159,-0.151, 0.404, 0.111,0.174, 0.381, 0.133,-0.235, 0.217, 0.148,0.259, 0.180, 0.145,-0.207, 0.036, 0.242,0.247, 0.031, 0.267,-0.152, 0.008, -0.013,0.153, 0.022, 0.006,-0.115, 0.148, 0.126,0.079, 0.450, 0.225,-0.188, -0.105, -0.050,0.076, 0.164, 0.183
193209,7.496, -12.000,36,34,29,12,33,40,148,165,165,161,-0.150, 0.409, 0.112,0.177, 0.381, 0.134,-0.232, 0.219, 0.153,0.252, 0.169, 0.155,-0.206, 0.033, 0.253,0.233, 0.011, 0.280,-0.152, 0.007, -0.011,0.152, 0.022, 0.003,-0.111, 0.126, 0.114,0.081, 0.407, 0.194,-0.172, -0.145, -0.054,0.076, 0.130, 0.140
193209,7.772, -12.000,37,34,32,14,34,37,145,164,160,154,-0.150, 0.411, 0.107,0.178, 0.383, 0.133,-0.238, 0.220, 0.154,0.252, 0.170, 0.158,-0.212, 0.031, 0.261,0.238, 0.007, 0.281,-0.152, 0.006, -0.010,0.153, 0.022, 0.002,-0.112, 0.124, 0.121,0.081, 0.411, 0.208,-0.181, -0.140, -0.022,0.071, 0.126, 0.182
193209,7.919, -12.000,38,34,35,16,34,35,143,163,156,150,-0.150, 0.414, 0.103,0.180, 0.386, 0.132,-0.241, 0.222, 0.156,0.252, 0.171, 0.160,-0.216, 0.031, 0.268,0.241, 0.005, 0.284,-0.152, 0.006, -0.009,0.153, 0.023, 0.002,-0.115, 0.121, 0.128,0.079, 0.410, 0.221,-0.191, -0.139, 0.000,0.065, 0.119, 0.206
193209,8.668, -12.000,34,39,27,11,31,41,148,166,166,166,-0.150, 0.413, 0.116,0.176, 0.386, 0.138,-0.230, 0.224, 0.151,0.269, 0.195, 0.163,-0.211, 0.031, 0.246,0.254, 0.037, 0.283,-0.152, 0.006, -0.009,0.152, 0.022, 0.002,-0.089, 0.124, 0.089,0.093, 0.420, 0.210,-0.145, -0.142, -0.116,0.076, 0.155, 0.115
193209,9.443, -12.000,33,43,23,14,30,43,146,168,156,168,-0.152, 0.414, 0.123,0.174, 0.386, 0.139,-0.226, 0.229, 0.151,0.276, 0.204, 0.170,-0.211, 0.031, 0.246,0.268, 0.054, 0.299,-0.151, 0.005, -0.009,0.151, 0.022, 0.002,-0.079, 0.110, 0.057,0.102, 0.388, 0.186,-0.124, -0.172, -0.149,0.080, 0.147, 0.071
193209,12.951, -12.000,36,52,29,17,27,39,145,169,158,168,-0.153, 0.415, 0.128,0.173, 0.387, 0.141,-0.226, 0.233, 0.166,0.302, 0.219, 0.186,-0.223, 0.031, 0.274,0.330, 0.090, 0.321,-0.150, 0.005, -0.008,0.150, 0.022, 0.001,-0.080, 0.106, 0.060,0.112, 0.386, 0.190,-0.132, -0.170, -0.137,0.083, 0.135, 0.075
193209,14.086, -11.984,36,56,31,16,25,39,143,169,156,166,-0.156, 0.416, 0.131,0.171, 0.388, 0.143,-0.224, 0.235, 0.169,0.318, 0.230, 0.191,-0.225, 0.031, 0.279,0.350, 0.100, 0.319,-0.149, 0.005, -0.008,0.149, 0.022, 0.001,-0.079, 0.096, 0.057,0.113, 0.377, 0.190,-0.131, -0.180, -0.134,0.084, 0.124, 0.093
193209,12.939, -12.000,32,52,11,10,27,44,153,173,166,169,-0.154, 0.411, 0.127,0.169, 0.387, 0.143,-0.230, 0.235, 0.138,0.313, 0.226, 0.176,-0.242, 0.038, 0.224,0.330, 0.090, 0.297,-0.152, 0.007, -0.012,0.152, 0.021, 0.004,-0.077, 0.160, 0.089,0.119, 0.489, 0.193,-0.138, -0.121, -0.130,0.086, 0.197, 0.095
193209,12.232, -12.000,30,47,0,0,31,47,155,174,170,171,-0.154, 0.407, 0.125,0.164, 0.386, 0.143,-0.236, 0.234, 0.119,0.306, 0.222, 0.154,-0.247, 0.039, 0.195,0.317, 0.085, 0.258,-0.155, 0.008, -0.015,0.155, 0.022, 0.007,-0.077, 0.186, 0.112,0.117, 0.541, 0.200,-0.149, -0.091, -0.126,0.092, 0.231, 0.098
193209,12.242, -12.000,30,47,0,1,30,46,159,175,168,171,-0.150, 0.407, 0.124,0.163, 0.385, 0.146,-0.236, 0.234, 0.119,0.302, 0.220, 0.160,-0.264, 0.043, 0.201,0.318, 0.093, 0.265,-0.156, 0.010, -0.018,0.157, 0.021, 0.010,-0.078, 0.221, 0.112,0.117, 0.569, 0.217,-0.163, -0.052, -0.139,0.089, 0.263, 0.100
193209,12.927, -12.000,31,47,2,2,29,43,155,176,169,169,-0.150, 0.407, 0.124,0.161, 0.387, 0.147,-0.237, 0.232, 0.122,0.302, 0.222, 0.165,-0.270, 0.042, 0.207,0.330, 0.099, 0.272,-0.157, 0.010, -0.018,0.158, 0.021, 0.010,-0.064, 0.206, 0.111,0.128, 0.542, 0.220,-0.161, -0.071, -0.132,0.088, 0.239, 0.098
193209,12.960, -12.000,31,48,5,5,29,42,153,176,170,169,-0.151, 0.409, 0.122,0.161, 0.389, 0.147,-0.237, 0.231, 0.123,0.301, 0.221, 0.172,-0.273, 0.042, 0.216,0.330, 0.097, 0.288,-0.157, 0.010, -0.018,0.158, 0.021, 0.010,-0.064, 0.196, 0.110,0.131, 0.527, 0.219,-0.161, -0.080, -0.131,0.087, 0.232, 0.095
193209,12.639, -12.000,31,45,0,5,33,41,153,176,170,169,-0.151, 0.412, 0.116,0.160, 0.390, 0.141,-0.249, 0.233, 0.107,0.291, 0.218, 0.165,-0.281, 0.048, 0.194,0.325, 0.096, 0.284,-0.158, 0.010, -0.018,0.159, 0.021, 0.010,-0.065, 0.195, 0.110,0.135, 0.537, 0.214,-0.163, -0.082, -0.129,0.089, 0.224, 0.090
193209,12.619, -12.000,31,47,0,8,33,44,149,175,169,168,-0.151, 0.416, 0.114,0.160, 0.393, 0.140,-0.248, 0.237, 0.106,0.298, 0.218, 0.172,-0.283, 0.049, 0.199,0.324, 0.099, 0.304,-0.158, 0.009, -0.016,0.158, 0.021, 0.008,-0.060, 0.171, 0.102,0.138, 0.494, 0.212,-0.161, -0.124, -0.122,0.086, 0.173, 0.091
193209,10.364, -12.000,31,39,1,0,36,47,146,174,166,168,-0.142, 0.418, 0.110,0.166, 0.393, 0.137,-0.247, 0.237, 0.104,0.280, 0.208, 0.148,-0.258, 0.049, 0.184,0.284, 0.086, 0.259,-0.158, 0.009, -0.016,0.158, 0.021, 0.008,-0.061, 0.155, 0.116,0.129, 0.492, 0.194,-0.166, -0.144, -0.071,0.085, 0.157, 0.092
193209,10.999, -12.000,31,39,1,2,35,45,145,174,167,168,-0.142, 0.418, 0.110,0.168, 0.392, 0.133,-0.247, 0.237, 0.106,0.281, 0.207, 0.146,-0.261, 0.051, 0.187,0.296, 0.087, 0.263,-0.158, 0.009, -0.015,0.158, 0.021, 0.007,-0.062, 0.154, 0.117,0.130, 0.491, 0.194,-0.167, -0.141, -0.073,0.085, 0.163, 0.097
193209,11.063, -12.000,30,38,1,0,35,45,147,176,170,169,-0.142, 0.417, 0.109,0.165, 0.393, 0.133,-0.247, 0.236, 0.098,0.279, 0.208, 0.143,-0.260, 0.051, 0.173,0.297, 0.087, 0.259,-0.158, 0.009, -0.015,0.159, 0.021, 0.007,-0.061, 0.168, 0.119,0.134, 0.520, 0.194,-0.169, -0.117, -0.077,0.089, 0.184, 0.086
193210,10.999, -12.000,30,37,1,1,36,43,149,177,173,170,-0.142, 0.416, 0.109,0.163, 0.393, 0.134,-0.246, 0.234, 0.097,0.274, 0.206, 0.145,-0.259, 0.050, 0.178,0.296, 0.083, 0.260,-0.159, 0.010, -0.015,0.160, 0.021, 0.007,-0.053, 0.190, 0.122,0.145, 0.548, 0.198,-0.168, -0.093, -0.079,0.095, 0.208, 0.086
193210,14.799, -9.449,35,57,16,13,31,46,149,171,174,164,-0.147, 0.417, 0.113,0.163, 0.396, 0.135,-0.244, 0.240, 0.134,0.327, 0.249, 0.187,-0.265, 0.052, 0.239,0.363, 0.164, 0.325,-0.158, 0.009, -0.015,0.158, 0.021, 0.007,-0.073, 0.170, 0.121,0.139, 0.481, 0.241,-0.180, -0.096, -0.072,0.094, 0.188, 0.157
193210,15.290, -8.251,36,62,20,15,28,48,147,169,172,163,-0.149, 0.417, 0.113,0.162, 0.400, 0.134,-0.243, 0.240, 0.141,0.336, 0.265, 0.197,-0.267, 0.055, 0.243,0.372, 0.194, 0.343,-0.156, 0.009, -0.015,0.156, 0.021, 0.007,-0.080, 0.151, 0.119,0.138, 0.451, 0.239,-0.186, -0.104, -0.070,0.094, 0.167, 0.162
193210,14.990, -8.955,35,59,20,15,27,46,145,170,169,163,-0.152, 0.417, 0.111,0.159, 0.402, 0.133,-0.243, 0.239, 0.138,0.330, 0.259, 0.193,-0.267, 0.055, 0.237,0.366, 0.176, 0.334,-0.156, 0.009, -0.015,0.156, 0.021, 0.007,-0.078, 0.145, 0.119,0.140, 0.450, 0.235,-0.184, -0.113, -0.055,0.093, 0.153, 0.156
193210,12.355, -11.308,35,52,16,10,28,50,157,171,175,170,-0.154, 0.417, 0.118,0.158, 0.397, 0.136,-0.243, 0.240, 0.138,0.317, 0.235, 0.174,-0.263, 0.044, 0.234,0.320, 0.117, 0.283,-0.155, 0.008, -0.015,0.156, 0.022, 0.007,-0.101, 0.177, 0.107,0.097, 0.485, 0.210,-0.185, -0.076, -0.111,0.082, 0.209, 0.072
193210,12.341, -11.268,35,53,15,10,28,51,158,170,174,166,-0.153, 0.417, 0.121,0.160, 0.394, 0.138,-0.241, 0.242, 0.141,0.317, 0.234, 0.176,-0.261, 0.041, 0.240,0.319, 0.118, 0.294,-0.153, 0.007, -0.014,0.153, 0.023, 0.007,-0.105, 0.162, 0.091,0.088, 0.454, 0.180,-0.182, -0.092, -0.117,0.073, 0.202, 0.037
193210,10.975, -12.000,34,49,17,12,28,49,159,170,170,166,-0.156, 0.421, 0.119,0.159, 0.394, 0.136,-0.240, 0.243, 0.140,0.300, 0.225, 0.175,-0.255, 0.038, 0.242,0.295, 0.099, 0.295,-0.152, 0.004, -0.014,0.152, 0.025, 0.006,-0.102, 0.158, 0.077,0.090, 0.452, 0.179,-0.166, -0.098, -0.128,0.072, 0.200, 0.040
193210,10.535, -12.000,34,47,17,11,29,48,161,171,168,167,-0.156, 0.423, 0.119,0.159, 0.394, 0.136,-0.239, 0.244, 0.139,0.291, 0.222, 0.169,-0.250, 0.036, 0.242,0.287, 0.091, 0.291,-0.152, 0.004, -0.014,0.152, 0.026, 0.006,-0.103, 0.170, 0.077,0.088, 0.482, 0.181,-0.166, -0.084, -0.139,0.070, 0.217, 0.044
193210,8.889, -12.000,33,34,26,8,29,38,150,166,167,161,-0.155, 0.428, 0.097,0.169, 0.396, 0.136,-0.239, 0.244, 0.127,0.269, 0.201, 0.133,-0.244, 0.037, 0.237,0.258, 0.022, 0.214,-0.152, 0.004, -0.014,0.152, 0.026, 0.007,-0.108, 0.147, 0.110,0.065, 0.464, 0.205,-0.178, -0.120, -0.030,0.045, 0.167, 0.142
193210,9.322, -12.000,34,32,25,9,31,39,149,167,167,160,-0.155, 0.424, 0.094,0.169, 0.395, 0.136,-0.248, 0.234, 0.125,0.266, 0.186, 0.132,-0.249, 0.037, 0.234,0.266, 0.030, 0.222,-0.154, 0.005, -0.015,0.154, 0.026, 0.007,-0.112, 0.167, 0.139,0.071, 0.499, 0.229,-0.198, -0.100, -0.025,0.049, 0.176, 0.172
193210,8.107, -12.000,30,28,20,12,34,40,147,166,165,161,-0.154, 0.424, 0.091,0.168, 0.400, 0.137,-0.238, 0.232, 0.109,0.250, 0.191, 0.130,-0.226, 0.038, 0.215,0.244, 0.038, 0.227,-0.154, 0.006, -0.017,0.154, 0.025, 0.009,-0.105, 0.157, 0.134,0.065, 0.496, 0.226,-0.193, -0.130, -0.031,0.047, 0.169, 0.160
193210,7.962, -12.000,27,27,17,16,35,41,140,165,156,158,-0.151, 0.426, 0.086,0.168, 0.405, 0.136,-0.232, 0.232, 0.098,0.250, 0.191, 0.126,-0.216, 0.041, 0.200,0.242, 0.041, 0.223,-0.153, 0.006, -0.018,0.153, 0.024, 0.010,-0.102, 0.125, 0.130,0.059, 0.462, 0.216,-0.191, -0.171, -0.023,0.035, 0.130, 0.158
193210,7.925, -12.000,26,26,14,17,36,42,139,165,156,160,-0.149, 0.427, 0.085,0.168, 0.407, 0.136,-0.228, 0.232, 0.093,0.249, 0.192, 0.124,-0.213, 0.042, 0.193,0.241, 0.044, 0.219,-0.152, 0.007, -0.018,0.153, 0.023, 0.011,-0.097, 0.123, 0.128,0.059, 0.461, 0.210,-0.187, -0.171, -0.026,0.035, 0.131, 0.138
193210,6.915, -12.000,25,24,18,20,34,41,137,165,153,159,-0.156, 0.427, 0.083,0.163, 0.411, 0.132,-0.226, 0.224, 0.096,0.236, 0.194, 0.117,-0.206, 0.040, 0.196,0.223, 0.038, 0.209,-0.152, 0.005, -0.018,0.152, 0.024, 0.011,-0.096, 0.114, 0.128,0.061, 0.448, 0.211,-0.179, -0.169, -0.010,0.036, 0.130, 0.142
193210,6.883, -12.000,25,24,20,20,35,41,128,161,139,153,-0.159, 0.431, 0.081,0.163, 0.414, 0.128,-0.227, 0.224, 0.096,0.239, 0.196, 0.111,-0.209, 0.043, 0.209,0.222, 0.036, 0.200,-0.151, 0.003, -0.018,0.151, 0.025, 0.011,-0.098, 0.081, 0.130,0.062, 0.401, 0.217,-0.176, -0.205, 0.024,0.036, 0.088, 0.175
193210,6.778, -12.000,26,23,21,19,36,41,122,157,132,148,-0.159, 0.435, 0.080,0.166, 0.414, 0.120,-0.228, 0.228, 0.098,0.239, 0.190, 0.104,-0.210, 0.057, 0.211,0.221, 0.034, 0.194,-0.150, 0.000, -0.018,0.150, 0.027, 0.011,-0.119, 0.058, 0.132,0.048, 0.370, 0.216,-0.183, -0.231, 0.022,0.026, 0.056, 0.185
193210,6.458, -12.000,26,22,21,20,36,42,127,158,138,149,-0.159, 0.435, 0.079,0.166, 0.413, 0.120,-0.228, 0.228, 0.097,0.239, 0.187, 0.103,-0.212, 0.059, 0.210,0.215, 0.035, 0.189,-0.150, 0.000, -0.020,0.150, 0.029, 0.012,-0.127, 0.073, 0.136,0.044, 0.391, 0.224,-0.195, -0.213, 0.015,0.023, 0.078, 0.190
193210,6.459, -12.000,26,22,25,19,36,42,128,160,140,149,-0.158, 0.428, 0.079,0.170, 0.410, 0.119,-0.228, 0.218, 0.103,0.236, 0.179, 0.104,-0.204, 0.054, 0.214,0.215, 0.030, 0.198,-0.150, 0.000, -0.017,0.151, 0.028, 0.010,-0.115, 0.078, 0.136,0.068, 0.400, 0.224,-0.194, -0.206, 0.018,0.034, 0.083, 0.201
193210,6.524, -12.000,28,22,30,14,36,44,129,160,141,149,-0.156, 0.426, 0.079,0.171, 0.409, 0.115,-0.226, 0.213, 0.111,0.234, 0.175, 0.106,-0.203, 0.053, 0.226,0.216, 0.025, 0.219,-0.150, 0.001, -0.017,0.151, 0.028, 0.010,-0.112, 0.081, 0.135,0.070, 0.405, 0.224,-0.194, -0.206, 0.014,0.034, 0.079, 0.204
193210,6.605, -12.000,27,21,28,15,37,44,128,162,143,156,-0.149, 0.433, 0.080,0.175, 0.409, 0.113,-0.221, 0.225, 0.110,0.234, 0.175, 0.103,-0.192, 0.067, 0.217,0.217, 0.033, 0.215,-0.149, 0.001, -0.016,0.150, 0.027, 0.009,-0.106, 0.076, 0.126,0.070, 0.402, 0.190,-0.193, -0.217, -0.008,0.033, 0.072, 0.136
193210,6.619, -12.000,26,20,27,18,36,44,128,162,144,157,-0.146, 0.434, 0.080,0.176, 0.409, 0.111,-0.216, 0.226, 0.108,0.231, 0.177, 0.099,-0.187, 0.068, 0.206,0.218, 0.039, 0.206,-0.148, 0.002, -0.015,0.149, 0.026, 0.008,-0.101, 0.076, 0.124,0.070, 0.404, 0.188,-0.190, -0.216, -0.014,0.033, 0.074, 0.128
193210,6.645, -12.000,26,20,26,18,35,43,128,162,145,157,-0.144, 0.435, 0.080,0.177, 0.410, 0.111,-0.214, 0.229, 0.107,0.231, 0.181, 0.099,-0.186, 0.069, 0.201,0.218, 0.043, 0.205,-0.148, 0.002, -0.015,0.148, 0.026, 0.008,-0.099, 0.077, 0.124,0.070, 0.406, 0.188,-0.189, -0.214, -0.014,0.033, 0.075, 0.129
193211,6.317, -12.000,22,20,21,23,31,42,116,159,131,151,-0.130, 0.436, 0.080,0.179, 0.410, 0.111,-0.194, 0.230, 0.098,0.229, 0.183, 0.095,-0.168, 0.071, 0.162,0.212, 0.046, 0.188,-0.145, 0.003, -0.014,0.146, 0.023, 0.008,-0.099, 0.038, 0.116,0.069, 0.356, 0.184,-0.189, -0.266, -0.020,0.028, 0.016, 0.148
193211,6.356, -12.000,20,18,5,44,32,37,114,158,127,147,-0.120, 0.445, 0.078,0.186, 0.412, 0.112,-0.195, 0.239, 0.077,0.235, 0.186, 0.073,-0.168, 0.075, 0.120,0.213, 0.046, 0.128,-0.143, 0.003, -0.014,0.144, 0.023, 0.007,-0.103, 0.032, 0.116,0.069, 0.354, 0.185,-0.195, -0.274, -0.012,0.024, 0.001, 0.179
193211,6.385, -12.000,21,19,6,39,32,38,109,156,122,145,-0.120, 0.445, 0.079,0.185, 0.413, 0.108,-0.196, 0.239, 0.080,0.232, 0.195, 0.077,-0.178, 0.071, 0.140,0.214, 0.049, 0.147,-0.141, 0.003, -0.013,0.142, 0.022, 0.007,-0.099, 0.020, 0.116,0.070, 0.328, 0.186,-0.188, -0.294, -0.012,0.024, -0.016, 0.176
193211,6.404, -12.000,21,19,5,40,33,39,112,157,128,149,-0.121, 0.444, 0.078,0.184, 0.417, 0.107,-0.197, 0.240, 0.078,0.232, 0.204, 0.074,-0.178, 0.071, 0.142,0.214, 0.052, 0.148,-0.141, 0.003, -0.013,0.142, 0.023, 0.007,-0.099, 0.025, 0.105,0.070, 0.340, 0.186,-0.186, -0.280, -0.042,0.027, -0.001, 0.158
193211,6.418, -12.000,21,18,8,36,29,35,101,154,113,142,-0.122, 0.436, 0.079,0.173, 0.417, 0.102,-0.196, 0.228, 0.085,0.221, 0.204, 0.073,-0.182, 0.049, 0.147,0.214, 0.051, 0.142,-0.138, 0.003, -0.010,0.140, 0.022, 0.005,-0.097, 0.002, 0.115,0.070, 0.308, 0.197,-0.186, -0.318, -0.006,0.027, -0.051, 0.195
193211,6.421, -12.000,21,19,11,27,27,38,102,154,116,142,-0.119, 0.436, 0.076,0.173, 0.417, 0.105,-0.192, 0.229, 0.083,0.219, 0.203, 0.087,-0.186, 0.050, 0.146,0.214, 0.052, 0.180,-0.137, 0.003, -0.011,0.139, 0.021, 0.005,-0.099, 0.006, 0.113,0.064, 0.316, 0.196,-0.190, -0.313, -0.020,0.012, -0.039, 0.191
193211,6.427, -12.000,21,17,11,33,28,35,92,149,101,135,-0.120, 0.438, 0.076,0.173, 0.421, 0.100,-0.192, 0.229, 0.084,0.218, 0.203, 0.076,-0.189, 0.049, 0.159,0.214, 0.049, 0.155,-0.137, 0.003, -0.009,0.138, 0.021, 0.004,-0.100, -0.017, 0.118,0.061, 0.273, 0.203,-0.186, -0.345, 0.016,0.013, -0.079, 0.211
193211,6.652, -12.000,21,18,11,31,26,35,92,149,101,136,-0.119, 0.444, 0.076,0.173, 0.425, 0.101,-0.192, 0.239, 0.084,0.221, 0.206, 0.077,-0.200, 0.059, 0.162,0.218, 0.049, 0.155,-0.136, 0.003, -0.008,0.137, 0.021, 0.003,-0.101, -0.017, 0.116,0.055, 0.280, 0.202,-0.186, -0.351, 0.014,0.006, -0.077, 0.206
193211,6.737, -12.000,21,18,10,31,26,35,95,150,104,137,-0.120, 0.444, 0.076,0.172, 0.425, 0.101,-0.192, 0.239, 0.083,0.221, 0.203, 0.077,-0.205, 0.059, 0.162,0.220, 0.047, 0.156,-0.135, 0.003, -0.008,0.137, 0.021, 0.003,-0.102, -0.010, 0.118,0.055, 0.290, 0.203,-0.188, -0.341, 0.014,0.002, -0.067, 0.202
193211,6.733, -12.000,25,18,10,28,27,33,92,146,101,133,-0.125, 0.441, 0.077,0.169, 0.427, 0.096,-0.214, 0.238, 0.088,0.217, 0.206, 0.073,-0.227, 0.052, 0.168,0.220, 0.046, 0.149,-0.135, 0.002, -0.006,0.136, 0.021, 0.001,-0.105, -0.018, 0.127,0.054, 0.263, 0.207,-0.188, -0.345, 0.023,0.006, -0.074, 0.209
193211,6.671, -12.000,26,18,9,28,28,37,89,146,98,135,-0.133, 0.441, 0.086,0.168, 0.427, 0.106,-0.220, 0.239, 0.094,0.217, 0.205, 0.083,-0.238, 0.052, 0.180,0.219, 0.049, 0.172,-0.135, 0.002, -0.006,0.136, 0.021, 0.001,-0.110, -0.026, 0.124,0.050, 0.246, 0.201,-0.185, -0.352, 0.012,0.006, -0.074, 0.182
193211,7.303, -12.000,24,21,5,21,27,38,72,141,81,129,-0.133, 0.440, 0.068,0.166, 0.429, 0.105,-0.219, 0.235, 0.065,0.225, 0.205, 0.089,-0.257, 0.053, 0.150,0.230, 0.050, 0.191,-0.134, 0.002, -0.007,0.135, 0.020, 0.002,-0.109, -0.059, 0.107,0.050, 0.208, 0.199,-0.185, -0.393, 0.005,-0.001, -0.120, 0.184
193211,8.026, -12.000,24,26,0,9,30,42,52,135,63,121,-0.124, 0.445, 0.058,0.171, 0.433, 0.103,-0.218, 0.250, 0.045,0.245, 0.211, 0.102,-0.272, 0.084, 0.129,0.243, 0.065, 0.220,-0.132, 0.002, -0.007,0.133, 0.018, 0.002,-0.109, -0.095, 0.086,0.054, 0.166, 0.197,-0.183, -0.440, -0.017,-0.007, -0.164, 0.190
193211,7.958, -12.000,24,27,3,8,29,39,51,135,63,120,-0.125, 0.440, 0.039,0.156, 0.435, 0.089,-0.217, 0.237, 0.027,0.243, 0.213, 0.091,-0.270, 0.074, 0.111,0.241, 0.064, 0.192,-0.129, 0.001, -0.008,0.130, 0.018, 0.004,-0.096, -0.101, 0.088,0.054, 0.172, 0.196,-0.175, -0.441, -0.003,-0.005, -0.180, 0.210
193211,6.801, -12.000,21,23,3,9,25,39,53,139,70,127,-0.141, 0.438, 0.043,0.142, 0.438, 0.090,-0.217, 0.230, 0.035,0.221, 0.214, 0.091,-0.262, 0.069, 0.105,0.221, 0.073, 0.191,-0.129, 0.000, -0.009,0.130, 0.019, 0.004,-0.095, -0.096, 0.090,0.057, 0.185, 0.194,-0.166, -0.405, -0.022,0.018, -0.169, 0.189
193211,6.025, -12.000,19,20,1,21,33,44,54,123,64,112,-0.151, 0.436, 0.046,0.143, 0.439, 0.091,-0.210, 0.222, 0.038,0.210, 0.219, 0.075,-0.216, 0.062, 0.128,0.207, 0.077, 0.181,-0.129, -0.001, -0.011,0.130, 0.020, 0.006,-0.100, -0.118, 0.115,0.059, 0.106, 0.191,-0.166, -0.421, 0.035,0.033, -0.218, 0.187
193211,5.455, -12.000,17,18,11,31,34,47,62,130,68,117,-0.150, 0.428, 0.075,0.145, 0.439, 0.106,-0.204, 0.210, 0.058,0.208, 0.218, 0.075,-0.202, 0.037, 0.144,0.197, 0.076, 0.176,-0.129, -0.002, -0.011,0.130, 0.020, 0.006,-0.112, -0.105, 0.119,0.056, 0.133, 0.192,-0.167, -0.414, 0.036,0.031, -0.193, 0.196
193211,5.605, -12.000,14,18,19,26,34,44,50,101,57,88,-0.149, 0.425, 0.063,0.147, 0.432, 0.082,-0.191, 0.207, 0.045,0.208, 0.216, 0.056,-0.205, 0.038, 0.140,0.200, 0.076, 0.152,-0.127, -0.002, -0.013,0.127, 0.020, 0.008,-0.107, -0.154, 0.118,0.079, 0.026, 0.188,-0.163, -0.454, 0.039,0.046, -0.279, 0.200
193211,4.765, -12.000,13,16,35,36,38,45,47,84,52,67,-0.149, 0.425, 0.076,0.148, 0.432, 0.093,-0.187, 0.208, 0.045,0.202, 0.215, 0.057,-0.194, 0.044, 0.142,0.185, 0.078, 0.144,-0.126, -0.001, -0.013,0.125, 0.018, 0.008,-0.109, -0.181, 0.119,0.079, -0.028, 0.160,-0.164, -0.476, 0.041,0.048, -0.342, 0.187
193211,5.156, -12.000,12,17,38,36,39,41,48,97,53,81,-0.154, 0.427, 0.071,0.148, 0.434, 0.088,-0.188, 0.209, 0.041,0.203, 0.215, 0.052,-0.198, 0.045, 0.142,0.192, 0.069, 0.132,-0.126, -0.002, -0.012,0.125, 0.018, 0.008,-0.105, -0.173, 0.119,0.082, 0.011, 0.162,-0.159, -0.477, 0.044,0.052, -0.312, 0.187
193211,3.657, -12.000,13,13,29,42,53,42,41,64,48,51,-0.156, 0.439, 0.059,0.143, 0.448, 0.067,-0.189, 0.229, 0.039,0.185, 0.225, 0.030,-0.167, 0.115, 0.154,0.165, 0.078, 0.114,-0.123, -0.002, -0.013,0.122, 0.017, 0.009,-0.104, -0.206, 0.117,0.081, -0.073, 0.148,-0.159, -0.502, 0.043,0.050, -0.392, 0.180
193211,3.831, -12.000,15,14,15,40,46,42,40,67,44,47,-0.157, 0.440, 0.066,0.144, 0.450, 0.070,-0.189, 0.229, 0.056,0.188, 0.224, 0.033,-0.174, 0.108, 0.163,0.168, 0.070, 0.120,-0.120, -0.002, -0.009,0.119, 0.016, 0.006,-0.107, -0.207, 0.114,0.087, -0.065, 0.140,-0.156, -0.510, 0.047,0.062, -0.376, 0.201
193212,5.531, -12.000,15,16,18,32,41,40,38,99,46,82,-0.157, 0.447, 0.069,0.147, 0.450, 0.070,-0.194, 0.240, 0.056,0.201, 0.223, 0.036,-0.177, 0.097, 0.155,0.198, 0.070, 0.123,-0.121, -0.003, -0.007,0.120, 0.017, 0.003,-0.109, -0.193, 0.099,0.075, 0.023, 0.165,-0.156, -0.496, 0.015,0.042, -0.304, 0.214
193212,5.916, -12.000,14,18,30,31,35,35,31,96,39,79,-0.157, 0.458, 0.061,0.150, 0.457, 0.066,-0.195, 0.251, 0.038,0.209, 0.226, 0.030,-0.180, 0.099, 0.111,0.205, 0.078, 0.095,-0.121, -0.004, -0.004,0.120, 0.017, 0.000,-0.105, -0.193, 0.077,0.077, 0.015, 0.167,-0.155, -0.521, -0.006,0.037, -0.303, 0.216
193212,6.967, -12.000,16,19,13,28,33,39,39,86,45,70,-0.163, 0.458, 0.045,0.146, 0.460, 0.043,-0.204, 0.248, 0.036,0.211, 0.231, 0.008,-0.196, 0.083, 0.123,0.224, 0.072, 0.097,-0.122, -0.004, -0.004,0.121, 0.018, 0.000,-0.110, -0.187, 0.118,0.077, -0.006, 0.156,-0.162, -0.510, 0.056,0.042, -0.349, 0.215
193212,8.194, -12.000,17,22,13,24,33,39,37,88,41,71,-0.164, 0.457, 0.061,0.149, 0.459, 0.049,-0.208, 0.247, 0.052,0.227, 0.228, 0.010,-0.200, 0.072, 0.146,0.246, 0.067, 0.100,-0.122, -0.006, -0.002,0.121, 0.019, -0.002,-0.108, -0.189, 0.106,0.077, -0.002, 0.156,-0.151, -0.535, 0.047,0.039, -0.336, 0.214
193212,7.877, -12.000,18,24,11,12,19,36,26,28,30,17,-0.155, 0.455, 0.061,0.139, 0.459, -0.004,-0.192, 0.239, 0.077,0.219, 0.239, -0.041,-0.200, 0.066, 0.150,0.240, 0.067, 0.043,-0.112, -0.006, 0.002,0.112, 0.015, -0.005,-0.089, -0.295, 0.105,0.103, -0.216, 0.122,-0.131, -0.649, 0.048,0.054, -0.533, 0.192
193212,8.330, -12.000,20,27,4,16,24,39,21,39,22,21,-0.150, 0.450, 0.103,0.149, 0.447, 0.074,-0.187, 0.238, 0.109,0.243, 0.224, 0.037,-0.196, 0.066, 0.192,0.248, 0.036, 0.126,-0.109, -0.006, 0.003,0.110, 0.013, -0.005,-0.077, -0.328, 0.054,0.101, -0.194, 0.113,-0.095, -0.723, -0.031,0.047, -0.514, 0.163
193212,11.436, -12.000,18,32,0,29,25,28,23,35,27,25,-0.141, 0.452, 0.097,0.168, 0.449, 0.061,-0.173, 0.252, 0.101,0.262, 0.247, -0.007,-0.196, 0.090, 0.184,0.303, 0.068, 0.022,-0.109, -0.005, 0.001,0.110, 0.009, -0.003,-0.061, -0.317, 0.064,0.114, -0.232, 0.116,-0.102, -0.701, -0.022,0.048, -0.563, 0.138
193212,12.238, -12.000,16,33,23,39,29,35,27,39,29,29,-0.139, 0.452, 0.114,0.181, 0.448, 0.083,-0.172, 0.255, 0.103,0.268, 0.249, -0.006,-0.198, 0.091, 0.185,0.318, 0.073, 0.033,-0.110, -0.004, 0.001,0.110, 0.006, -0.002,-0.055, -0.314, 0.070,0.127, -0.233, 0.119,-0.108, -0.691, -0.002,0.048, -0.562, 0.132
193212,12.104, -12.000,16,33,19,44,28,39,25,30,27,23,-0.140, 0.457, 0.111,0.179, 0.450, 0.093,-0.172, 0.261, 0.102,0.267, 0.257, -0.003,-0.198, 0.096, 0.183,0.315, 0.074, 0.043,-0.109, -0.004, 0.000,0.110, 0.006, -0.001,-0.057, -0.368, 0.074,0.122, -0.301, 0.094,-0.105, -0.724, 0.002,0.048, -0.627, 0.088
193212,11.859, -12.000,17,36,22,33,27,35,25,22,26,18,-0.140, 0.458, 0.107,0.175, 0.459, 0.045,-0.173, 0.260, 0.101,0.263, 0.268, -0.043,-0.202, 0.094, 0.180,0.311, 0.084, -0.004,-0.108, -0.004, 0.000,0.109, 0.005, -0.001,-0.059, -0.376, 0.082,0.120, -0.335, 0.089,-0.107, -0.733, 0.024,0.048, -0.666, 0.101
193212,11.561, -12.000,17,35,18,31,25,33,25,22,27,20,-0.146, 0.458, 0.104,0.173, 0.464, 0.048,-0.175, 0.256, 0.100,0.263, 0.271, -0.032,-0.211, 0.086, 0.177,0.306, 0.086, 0.003,-0.108, -0.004, -0.001,0.109, 0.006, 0.000,-0.061, -0.381, 0.083,0.119, -0.339, 0.088,-0.109, -0.731, 0.017,0.048, -0.663, 0.083
193212,11.404, -12.000,18,39,2,34,20,34,27,16,29,20,-0.146, 0.458, 0.098,0.162, 0.465, 0.003,-0.173, 0.243, 0.105,0.246, 0.278, -0.102,-0.208, 0.071, 0.176,0.303, 0.096, -0.080,-0.106, -0.005, -0.001,0.107, 0.006, 0.000,-0.062, -0.368, 0.097,0.118, -0.342, 0.081,-0.110, -0.722, 0.027,0.047, -0.665, 0.072
193212,11.550, -12.000,18,37,8,32,18,32,27,16,33,22,-0.150, 0.460, 0.097,0.157, 0.465, 0.012,-0.174, 0.240, 0.107,0.242, 0.276, -0.083,-0.208, 0.062, 0.176,0.305, 0.095, -0.058,-0.106, -0.006, 0.000,0.107, 0.006, 0.000,-0.061, -0.371, 0.100,0.120, -0.344, 0.082,-0.110, -0.721, 0.010,0.051, -0.660, 0.057
193212,11.597, -12.000,20,37,20,35,13,29,26,17,33,22,-0.146, 0.458, 0.094,0.157, 0.462, 0.011,-0.174, 0.228, 0.114,0.241, 0.273, -0.089,-0.208, 0.042, 0.174,0.306, 0.094, -0.078,-0.106, -0.006, 0.000,0.106, 0.007, -0.001,-0.050, -0.367, 0.099,0.128, -0.335, 0.075,-0.096, -0.717, 0.007,0.067, -0.655, 0.048
193212,11.793, -12.000,20,36,24,34,10,31,25,18,35,24,-0.142, 0.459, 0.086,0.160, 0.462, 0.009,-0.174, 0.226, 0.112,0.241, 0.267, -0.085,-0.207, 0.037, 0.169,0.310, 0.088, -0.059,-0.105, -0.007, 0.000,0.106, 0.007, -0.001,-0.043, -0.368, 0.098,0.137, -0.335, 0.075,-0.084, -0.719, -0.009,0.080, -0.652, 0.041
193212,10.551, -12.000,27,34,35,34,2,32,26,19,35,25,-0.139, 0.458, 0.097,0.159, 0.458, 0.007,-0.179, 0.219, 0.149,0.234, 0.258, -0.088,-0.207, 0.027, 0.198,0.288, 0.082, -0.060,-0.104, -0.007, 0.004,0.105, 0.007, -0.004,-0.045, -0.365, 0.099,0.145, -0.329, 0.074,-0.088, -0.717, -0.008,0.081, -0.649, 0.043
193212,10.009, -12.000,27,33,30,31,3,33,25,17,35,26,-0.138, 0.464, 0.096,0.153, 0.463, -0.010,-0.184, 0.220, 0.152,0.222, 0.259, -0.097,-0.210, 0.029, 0.200,0.278, 0.082, -0.058,-0.102, -0.007, 0.005,0.103, 0.007, -0.006,-0.044, -0.365, 0.095,0.146, -0.327, 0.068,-0.082, -0.715, -0.022,0.084, -0.648, 0.030
193212,9.641, -12.000,27,31,23,32,8,36,24,17,34,25,-0.141, 0.468, 0.096,0.148, 0.465, -0.006,-0.193, 0.221, 0.145,0.215, 0.258, -0.092,-0.211, 0.025, 0.200,0.271, 0.078, -0.041,-0.102, -0.008, 0.005,0.103, 0.008, -0.006,-0.042, -0.366, 0.093,0.144, -0.334, 0.067,-0.069, -0.717, -0.025,0.089, -0.649, 0.024
193212,7.416, -12.000,28,25,11,37,9,38,28,16,35,26,-0.140, 0.459, 0.125,0.135, 0.456, 0.003,-0.196, 0.214, 0.165,0.182, 0.240, -0.084,-0.214, 0.008, 0.222,0.232, 0.057, -0.025,-0.102, -0.008, 0.006,0.103, 0.008, -0.006,-0.041, -0.371, 0.097,0.143, -0.333, 0.060,-0.065, -0.721, -0.023,0.090, -0.645, 0.009
193212,7.070, -12.000,28,29,10,38,8,36,27,12,38,27,-0.141, 0.459, 0.123,0.128, 0.461, -0.002,-0.195, 0.215, 0.162,0.178, 0.249, -0.104,-0.218, 0.006, 0.216,0.226, 0.059, -0.066,-0.102, -0.008, 0.006,0.102, 0.008, -0.007,-0.041, -0.370, 0.092,0.142, -0.333, 0.041,-0.065, -0.720, -0.055,0.090, -0.643, -0.041
193212,5.161, -12.000,27,32,2,47,9,33,24,8,37,22,-0.141, 0.456, 0.123,0.111, 0.462, -0.024,-0.195, 0.210, 0.158,0.136, 0.257, -0.144,-0.216, -0.001, 0.215,0.192, 0.097, -0.139,-0.101, -0.009, 0.016,0.101, 0.009, -0.017,-0.037, -0.369, 0.089,0.142, -0.329, 0.002,-0.058, -0.700, -0.053,0.106, -0.644, -0.082
193212,3.106, -10.533,27,37,5,51,9,36,22,6,38,21,-0.141, 0.457, 0.121,0.096, 0.468, -0.053,-0.200, 0.211, 0.157,0.102, 0.275, -0.186,-0.216, -0.001, 0.201,0.155, 0.137, -0.192,-0.100, -0.009, 0.024,0.100, 0.010, -0.025,-0.037, -0.361, 0.086,0.140, -0.323, -0.019,-0.059, -0.672, -0.066,0.103, -0.644, -0.114
193212,1.449, -8.904,28,38,20,51,13,41,15,13,33,16,-0.142, 0.466, 0.141,0.077, 0.500, -0.051,-0.213, 0.220, 0.168,0.070, 0.322, -0.185,-0.224, -0.001, 0.200,0.126, 0.177, -0.190,-0.097, -0.010, 0.039,0.097, 0.010, -0.041,-0.037, -0.357, 0.055,0.133, -0.315, -0.109,-0.071, -0.667, -0.107,0.088, -0.626, -0.233
193213,0.544, -6.288,29,43,28,49,16,41,11,15,33,17,-0.143, 0.467, 0.152,0.068, 0.517, -0.050,-0.226, 0.220, 0.174,0.060, 0.367, -0.190,-0.232, 0.001, 0.194,0.110, 0.243, -0.207,-0.095, -0.011, 0.045,0.095, 0.011, -0.046,-0.043, -0.357, 0.037,0.128, -0.311, -0.131,-0.088, -0.666, -0.144,0.079, -0.614, -0.271
193213,0.644, -7.392,31,38,28,45,18,41,9,16,33,18,-0.146, 0.468, 0.170,0.066, 0.519, -0.046,-0.229, 0.221, 0.196,0.063, 0.356, -0.177,-0.231, -0.001, 0.203,0.111, 0.215, -0.183,-0.094, -0.011, 0.049,0.094, 0.011, -0.050,-0.053, -0.352, 0.023,0.127, -0.310, -0.145,-0.119, -0.658, -0.179,0.068, -0.611, -0.295
193213,0.850, -7.956,31,35,28,46,17,42,5,19,33,21,-0.148, 0.472, 0.173,0.069, 0.520, -0.044,-0.227, 0.229, 0.197,0.066, 0.343, -0.174,-0.232, 0.001, 0.202,0.115, 0.201, -0.168,-0.093, -0.012, 0.049,0.094, 0.012, -0.050,-0.055, -0.352, -0.002,0.136, -0.302, -0.162,-0.124, -0.656, -0.235,0.070, -0.596, -0.343
193213,0.600, -9.046,32,29,27,47,17,45,7,17,32,24,-0.148, 0.475, 0.190,0.071, 0.518, -0.022,-0.227, 0.233, 0.213,0.068, 0.340, -0.137,-0.234, 0.001, 0.212,0.111, 0.174, -0.106,-0.093, -0.013, 0.050,0.093, 0.013, -0.051,-0.057, -0.351, -0.001,0.147, -0.299, -0.162,-0.136, -0.656, -0.227,0.073, -0.593, -0.346
193213,4.319, -12.000,31,10,17,41,14,34,9,15,36,23,-0.150, 0.477, 0.197,0.088, 0.515, 0.046,-0.223, 0.238, 0.216,0.111, 0.289, -0.036,-0.232, -0.001, 0.232,0.177, 0.071, 0.014,-0.093, -0.015, 0.049,0.093, 0.015, -0.050,-0.059, -0.351, 0.004,0.142, -0.287, -0.183,-0.138, -0.654, -0.251,0.076, -0.575, -0.407
193213,5.120, -12.000,30,10,15,37,13,32,8,14,37,22,-0.152, 0.479, 0.204,0.101, 0.514, 0.061,-0.221, 0.239, 0.221,0.134, 0.280, -0.017,-0.232, -0.005, 0.244,0.191, 0.051, 0.038,-0.093, -0.015, 0.049,0.094, 0.016, -0.050,-0.061, -0.351, -0.005,0.139, -0.283, -0.186,-0.141, -0.650, -0.277,0.076, -0.566, -0.411
193213,5.610, -12.000,30,12,9,18,14,30,12,15,31,17,-0.152, 0.485, 0.200,0.115, 0.506, 0.068,-0.220, 0.241, 0.222,0.155, 0.254, 0.027,-0.231, 0.001, 0.269,0.200, 0.035, 0.113,-0.094, -0.015, 0.048,0.095, 0.016, -0.049,-0.080, -0.351, 0.021,0.116, -0.290, -0.207,-0.179, -0.658, -0.160,0.049, -0.570, -0.425
193213,5.711, -12.000,29,11,5,22,13,31,13,15,30,16,-0.151, 0.487, 0.201,0.120, 0.505, 0.062,-0.211, 0.241, 0.224,0.158, 0.260, 0.018,-0.222, 0.001, 0.277,0.202, 0.038, 0.106,-0.095, -0.016, 0.048,0.095, 0.016, -0.049,-0.086, -0.351, 0.022,0.106, -0.296, -0.215,-0.185, -0.659, -0.154,0.043, -0.572, -0.436
193213,5.604, -12.000,29,10,9,41,18,37,16,14,25,11,-0.138, 0.491, 0.208,0.139, 0.502, 0.078,-0.205, 0.244, 0.227,0.155, 0.250, 0.038,-0.210, 0.004, 0.303,0.200, 0.038, 0.151,-0.095, -0.015, 0.049,0.095, 0.015, -0.050,-0.092, -0.353, 0.040,0.085, -0.308, -0.226,-0.175, -0.670, -0.092,0.032, -0.600, -0.457
193213,5.793, -12.000,28,10,7,47,20,38,21,12,26,12,-0.128, 0.490, 0.210,0.146, 0.497, 0.073,-0.192, 0.244, 0.232,0.158, 0.243, 0.034,-0.191, 0.004, 0.318,0.203, 0.036, 0.151,-0.095, -0.014, 0.049,0.096, 0.015, -0.050,-0.092, -0.360, 0.069,0.083, -0.316, -0.214,-0.173, -0.683, -0.043,0.027, -0.615, -0.437
193213,6.612, -12.000,26,9,9,63,24,42,18,11,25,10,-0.123, 0.501, 0.202,0.163, 0.497, 0.071,-0.182, 0.256, 0.218,0.164, 0.247, 0.030,-0.167, 0.025, 0.308,0.218, 0.039, 0.160,-0.098, -0.011, 0.048,0.098, 0.012, -0.049,-0.091, -0.362, 0.058,0.075, -0.325, -0.207,-0.171, -0.683, -0.056,0.024, -0.633, -0.426
193213,7.293, -12.000,25,9,9,56,23,38,16,11,29,10,-0.117, 0.501, 0.201,0.163, 0.497, 0.068,-0.173, 0.257, 0.218,0.169, 0.249, 0.028,-0.157, 0.027, 0.302,0.230, 0.044, 0.134,-0.099, -0.010, 0.047,0.099, 0.011, -0.048,-0.091, -0.366, 0.045,0.071, -0.328, -0.206,-0.171, -0.683, -0.110,0.022, -0.634, -0.420
193213,8.059, -12.000,24,10,12,57,27,43,15,7,30,13,-0.111, 0.501, 0.201,0.169, 0.487, 0.078,-0.168, 0.257, 0.213,0.177, 0.240, 0.029,-0.136, 0.029, 0.299,0.243, 0.047, 0.141,-0.100, -0.008, 0.042,0.101, 0.009, -0.043,-0.094, -0.369, 0.029,0.065, -0.337, -0.180,-0.170, -0.685, -0.154,0.020, -0.646, -0.397
193213,8.532, -12.000,21,11,23,54,29,43,14,6,30,15,-0.111, 0.501, 0.192,0.174, 0.482, 0.077,-0.170, 0.258, 0.190,0.187, 0.234, 0.025,-0.141, 0.035, 0.278,0.252, 0.041, 0.137,-0.102, -0.007, 0.037,0.102, 0.007, -0.038,-0.094, -0.373, 0.022,0.062, -0.343, -0.165,-0.170, -0.687, -0.161,0.017, -0.653, -0.385
193213,9.347, -12.000,21,13,27,46,31,43,8,1,30,16,-0.110, 0.502, 0.184,0.176, 0.477, 0.081,-0.171, 0.259, 0.175,0.198, 0.228, 0.032,-0.143, 0.044, 0.262,0.266, 0.040, 0.146,-0.102, -0.003, 0.026,0.103, 0.004, -0.028,-0.093, -0.374, -0.029,0.057, -0.358, -0.117,-0.140, -0.683, -0.267,0.012, -0.674, -0.305
193213,9.839, -12.000,21,14,26,45,31,44,8,0,30,17,-0.110, 0.506, 0.183,0.179, 0.474, 0.088,-0.171, 0.263, 0.174,0.204, 0.224, 0.037,-0.144, 0.046, 0.260,0.275, 0.036, 0.159,-0.103, 0.000, 0.020,0.103, 0.000, -0.021,-0.098, -0.373, -0.044,0.050, -0.368, -0.105,-0.138, -0.671, -0.293,0.005, -0.686, -0.292
193213,9.859, -12.000,22,17,23,57,29,40,0,11,35,12,-0.110, 0.502, 0.196,0.184, 0.455, 0.162,-0.172, 0.262, 0.177,0.210, 0.205, 0.110,-0.175, 0.044, 0.266,0.275, 0.010, 0.212,-0.103, 0.007, 0.007,0.103, -0.006, -0.008,-0.091, -0.358, -0.131,0.047, -0.385, -0.069,-0.097, -0.573, -0.445,0.006, -0.725, -0.203
193213,9.966, -12.000,22,17,27,57,29,40,6,12,39,15,-0.112, 0.500, 0.201,0.185, 0.453, 0.162,-0.176, 0.260, 0.178,0.210, 0.199, 0.107,-0.187, 0.040, 0.268,0.277, 0.002, 0.209,-0.103, 0.009, 0.007,0.104, -0.008, -0.008,-0.091, -0.356, -0.090,0.044, -0.396, -0.062,-0.098, -0.570, -0.391,0.004, -0.739, -0.207
193213,9.793, -12.000,23,16,24,65,29,41,6,12,34,14,-0.114, 0.499, 0.203,0.191, 0.451, 0.173,-0.181, 0.260, 0.180,0.210, 0.196, 0.118,-0.196, 0.037, 0.269,0.274, -0.003, 0.225,-0.104, 0.010, 0.006,0.105, -0.009, -0.007,-0.089, -0.357, -0.099,0.042, -0.401, -0.065,-0.099, -0.592, -0.388,0.004, -0.743, -0.208
193213,9.708, -12.000,23,18,24,65,28,38,5,12,34,14,-0.125, 0.492, 0.202,0.191, 0.448, 0.189,-0.186, 0.254, 0.177,0.211, 0.195, 0.140,-0.230, 0.030, 0.270,0.273, -0.013, 0.246,-0.105, 0.011, 0.002,0.105, -0.010, -0.004,-0.074, -0.355, -0.112,0.037, -0.405, -0.072,-0.080, -0.578, -0.395,0.000, -0.748, -0.223
193213,9.820, -12.000,23,18,24,67,28,38,7,12,34,14,-0.128, 0.490, 0.202,0.191, 0.445, 0.189,-0.188, 0.254, 0.177,0.210, 0.192, 0.140,-0.234, 0.029, 0.274,0.275, -0.019, 0.246,-0.105, 0.011, 0.001,0.106, -0.010, -0.003,-0.068, -0.359, -0.105,0.037, -0.407, -0.074,-0.070, -0.584, -0.375,0.000, -0.749, -0.230
193214,9.567, -12.000,23,19,24,57,30,36,8,18,30,12,-0.149, 0.482, 0.195,0.181, 0.441, 0.189,-0.199, 0.246, 0.173,0.209, 0.190, 0.143,-0.262, 0.029, 0.278,0.270, -0.027, 0.248,-0.107, 0.011, 0.000,0.107, -0.010, -0.002,-0.055, -0.374, -0.098,0.038, -0.408, -0.034,-0.065, -0.627, -0.335,0.001, -0.764, -0.141
193214,9.508, -12.000,24,19,25,56,31,35,9,20,29,12,-0.155, 0.476, 0.196,0.175, 0.437, 0.194,-0.204, 0.238, 0.174,0.207, 0.185, 0.145,-0.269, 0.024, 0.282,0.269, -0.037, 0.246,-0.108, 0.010, 0.000,0.108, -0.010, -0.002,-0.051, -0.384, -0.093,0.040, -0.410, -0.024,-0.064, -0.639, -0.312,0.002, -0.770, -0.126
193214,8.972, -12.000,23,20,32,50,33,33,7,24,26,13,-0.171, 0.468, 0.195,0.164, 0.437, 0.208,-0.214, 0.228, 0.165,0.207, 0.186, 0.160,-0.282, 0.017, 0.272,0.259, -0.034, 0.255,-0.108, 0.010, -0.006,0.109, -0.010, 0.005,-0.051, -0.385, -0.122,0.044, -0.408, 0.007,-0.060, -0.641, -0.348,0.015, -0.772, -0.070
193214,8.845, -12.000,24,20,32,47,34,34,7,24,26,14,-0.178, 0.466, 0.186,0.159, 0.437, 0.202,-0.222, 0.226, 0.156,0.207, 0.187, 0.153,-0.290, 0.016, 0.266,0.257, -0.033, 0.250,-0.109, 0.010, -0.008,0.110, -0.009, 0.007,-0.051, -0.388, -0.115,0.047, -0.407, 0.012,-0.056, -0.652, -0.341,0.021, -0.767, -0.071
193214,8.852, -12.000,23,20,28,48,34,34,7,22,26,14,-0.178, 0.467, 0.176,0.159, 0.440, 0.199,-0.223, 0.227, 0.147,0.209, 0.189, 0.149,-0.292, 0.016, 0.262,0.257, -0.031, 0.247,-0.109, 0.009, -0.009,0.110, -0.008, 0.007,-0.048, -0.392, -0.111,0.052, -0.406, 0.000,-0.050, -0.661, -0.332,0.025, -0.764, -0.092
193214,8.898, -12.000,23,22,34,41,35,33,4,24,21,13,-0.187, 0.463, 0.175,0.148, 0.440, 0.200,-0.224, 0.226, 0.145,0.212, 0.198, 0.151,-0.287, 0.013, 0.261,0.258, -0.030, 0.246,-0.109, 0.008, -0.016,0.110, -0.007, 0.014,-0.045, -0.392, -0.146,0.057, -0.406, 0.027,-0.048, -0.669, -0.362,0.049, -0.766, -0.035
193214,9.017, -12.000,23,22,34,40,35,32,3,24,21,12,-0.188, 0.462, 0.173,0.146, 0.441, 0.201,-0.226, 0.226, 0.142,0.215, 0.204, 0.153,-0.286, 0.012, 0.260,0.260, -0.029, 0.245,-0.109, 0.007, -0.020,0.110, -0.007, 0.019,-0.043, -0.394, -0.161,0.060, -0.405, 0.034,-0.047, -0.671, -0.383,0.053, -0.767, -0.021
193214,9.158, -12.000,22,23,43,38,35,31,4,23,21,21,-0.196, 0.461, 0.172,0.138, 0.447, 0.200,-0.227, 0.226, 0.138,0.215, 0.213, 0.149,-0.285, 0.010, 0.251,0.263, -0.022, 0.234,-0.110, 0.005, -0.020,0.110, -0.004, 0.018,-0.043, -0.397, -0.151,0.074, -0.403, 0.032,-0.048, -0.693, -0.378,0.075, -0.755, -0.088
193214,9.292, -12.000,21,22,44,38,36,31,4,20,20,22,-0.196, 0.462, 0.166,0.139, 0.452, 0.196,-0.226, 0.226, 0.130,0.216, 0.218, 0.145,-0.281, 0.010, 0.244,0.265, -0.012, 0.227,-0.110, 0.004, -0.020,0.111, -0.003, 0.018,-0.041, -0.400, -0.150,0.084, -0.401, 0.015,-0.041, -0.700, -0.370,0.088, -0.747, -0.129
193214,9.230, -12.000,21,21,45,33,34,32,3,9,21,15,-0.210, 0.469, 0.152,0.129, 0.470, 0.167,-0.230, 0.233, 0.131,0.211, 0.232, 0.118,-0.272, 0.025, 0.246,0.264, 0.001, 0.210,-0.111, 0.001, -0.019,0.112, 0.000, 0.017,-0.041, -0.400, -0.144,0.106, -0.390, -0.043,-0.042, -0.700, -0.366,0.119, -0.731, -0.198
193214,9.175, -12.000,20,21,53,33,35,32,3,9,20,14,-0.212, 0.470, 0.153,0.127, 0.470, 0.169,-0.229, 0.234, 0.126,0.210, 0.230, 0.120,-0.270, 0.025, 0.242,0.263, 0.000, 0.210,-0.111, 0.000, -0.018,0.112, 0.001, 0.017,-0.041, -0.402, -0.144,0.107, -0.389, -0.043,-0.040, -0.709, -0.364,0.126, -0.730, -0.186
193214,9.050, -12.000,21,20,37,26,32,31,3,3,20,12,-0.218, 0.480, 0.138,0.120, 0.477, 0.141,-0.236, 0.245, 0.125,0.204, 0.235, 0.100,-0.265, 0.034, 0.242,0.261, 0.010, 0.197,-0.112, -0.003, -0.014,0.112, 0.004, 0.013,-0.041, -0.404, -0.116,0.123, -0.384, -0.075,-0.041, -0.720, -0.317,0.141, -0.724, -0.235
193214,9.008, -12.000,21,20,30,24,32,31,3,3,22,12,-0.219, 0.483, 0.136,0.121, 0.481, 0.136,-0.239, 0.249, 0.124,0.204, 0.239, 0.098,-0.265, 0.037, 0.243,0.260, 0.016, 0.196,-0.112, -0.006, -0.010,0.112, 0.006, 0.009,-0.035, -0.407, -0.106,0.126, -0.382, -0.089,-0.040, -0.728, -0.310,0.144, -0.720, -0.258
193214,8.924, -12.000,21,20,24,25,32,32,3,4,24,13,-0.218, 0.486, 0.134,0.122, 0.484, 0.132,-0.241, 0.254, 0.123,0.203, 0.241, 0.092,-0.265, 0.044, 0.244,0.259, 0.021, 0.191,-0.112, -0.007, -0.006,0.112, 0.008, 0.005,-0.035, -0.407, -0.095,0.132, -0.374, -0.105,-0.040, -0.725, -0.308,0.146, -0.703, -0.290
193214,8.920, -12.000,21,20,25,25,32,32,3,4,24,13,-0.216, 0.487, 0.135,0.122, 0.485, 0.134,-0.241, 0.256, 0.124,0.204, 0.241, 0.095,-0.263, 0.043, 0.244,0.259, 0.023, 0.195,-0.112, -0.008, -0.004,0.113, 0.009, 0.003,-0.035, -0.406, -0.093,0.136, -0.372, -0.109,-0.040, -0.724, -0.310,0.147, -0.701, -0.295
193214,8.909, -12.000,21,20,20,23,31,33,2,5,24,13,-0.216, 0.489, 0.132,0.123, 0.486, 0.132,-0.241, 0.257, 0.123,0.204, 0.241, 0.097,-0.263, 0.044, 0.244,0.258, 0.026, 0.203,-0.112, -0.009, -0.004,0.113, 0.009, 0.002,-0.035, -0.406, -0.093,0.141, -0.371, -0.108,-0.040, -0.723, -0.311,0.155, -0.701, -0.294
193214,8.823, -12.000,20,20,30,25,32,32,2,5,24,13,-0.215, 0.490, 0.129,0.126, 0.486, 0.134,-0.240, 0.258, 0.113,0.204, 0.241, 0.098,-0.264, 0.043, 0.232,0.257, 0.023, 0.200,-0.113, -0.009, -0.004,0.113, 0.009, 0.003,-0.035, -0.409, -0.093,0.138, -0.372, -0.102,-0.043, -0.728, -0.304,0.153, -0.702, -0.281
193214,8.615, -12.000,20,20,31,26,32,32,2,5,24,13,-0.214, 0.490, 0.129,0.128, 0.485, 0.135,-0.240, 0.258, 0.113,0.204, 0.241, 0.099,-0.268, 0.043, 0.232,0.253, 0.021, 0.198,-0.113, -0.009, -0.004,0.113, 0.010, 0.003,-0.035, -0.411, -0.092,0.138, -0.372, -0.102,-0.047, -0.729, -0.304,0.151, -0.704, -0.284
193214,8.671, -12.000,20,19,28,28,32,31,3,5,25,13,-0.209, 0.488, 0.130,0.134, 0.485, 0.136,-0.240, 0.257, 0.112,0.205, 0.240, 0.099,-0.275, 0.041, 0.228,0.254, 0.018, 0.194,-0.113, -0.009, -0.004,0.113, 0.010, 0.002,-0.040, -0.412, -0.089,0.136, -0.375, -0.100,-0.064, -0.731, -0.297,0.141, -0.707, -0.279
193214,8.718, -12.000,21,19,26,31,32,31,3,6,25,13,-0.205, 0.488, 0.131,0.139, 0.485, 0.138,-0.239, 0.257, 0.113,0.207, 0.240, 0.099,-0.277, 0.041, 0.228,0.255, 0.015, 0.194,-0.113, -0.009, -0.004,0.114, 0.010, 0.002,-0.042, -0.413, -0.089,0.135, -0.376, -0.098,-0.069, -0.731, -0.295,0.139, -0.707, -0.277
193214,9.197, -12.000,21,18,29,34,30,29,4,5,24,14,-0.200, 0.484, 0.134,0.144, 0.484, 0.140,-0.237, 0.252, 0.112,0.208, 0.240, 0.098,-0.282, 0.030, 0.219,0.264, 0.009, 0.187,-0.113, -0.009, -0.004,0.114, 0.009, 0.003,-0.056, -0.413, -0.089,0.125, -0.379, -0.095,-0.090, -0.734, -0.293,0.120, -0.712, -0.276
193214,9.476, -12.000,21,18,30,35,30,28,4,5,23,14,-0.195, 0.482, 0.136,0.148, 0.482, 0.140,-0.234, 0.250, 0.112,0.209, 0.238, 0.096,-0.284, 0.026, 0.218,0.268, 0.006, 0.178,-0.113, -0.008, -0.004,0.114, 0.009, 0.003,-0.059, -0.413, -0.091,0.119, -0.380, -0.095,-0.092, -0.736, -0.293,0.115, -0.715, -0.275
193214,9.783, -12.000,20,19,33,37,30,29,4,5,22,13,-0.193, 0.481, 0.138,0.151, 0.481, 0.144,-0.230, 0.248, 0.112,0.214, 0.238, 0.097,-0.283, 0.022, 0.215,0.274, 0.004, 0.179,-0.114, -0.008, -0.004,0.114, 0.009, 0.003,-0.059, -0.413, -0.090,0.117, -0.382, -0.094,-0.093, -0.739, -0.279,0.114, -0.719, -0.270
193215,10.111, -12.000,20,19,37,41,31,30,5,5,22,13,-0.185, 0.481, 0.144,0.161, 0.481, 0.148,-0.226, 0.248, 0.112,0.219, 0.237, 0.097,-0.281, 0.022, 0.212,0.280, 0.002, 0.179,-0.114, -0.008, -0.004,0.114, 0.008, 0.002,-0.069, -0.413, -0.086,0.110, -0.384, -0.093,-0.108, -0.739, -0.275,0.103, -0.720, -0.270
193215,10.311, -12.000,19,19,37,41,31,30,6,5,23,14,-0.181, 0.480, 0.149,0.165, 0.481, 0.149,-0.223, 0.248, 0.116,0.223, 0.237, 0.097,-0.279, 0.022, 0.215,0.283, 0.002, 0.177,-0.114, -0.007, -0.003,0.114, 0.008, 0.002,-0.072, -0.413, -0.083,0.106, -0.385, -0.094,-0.115, -0.739, -0.277,0.097, -0.720, -0.277
193215,10.341, -12.000,20,19,32,42,30,30,5,5,23,14,-0.174, 0.486, 0.145,0.174, 0.480, 0.145,-0.220, 0.257, 0.116,0.229, 0.236, 0.095,-0.268, 0.034, 0.216,0.284, 0.002, 0.177,-0.114, -0.006, -0.003,0.114, 0.006, 0.002,-0.076, -0.412, -0.084,0.103, -0.385, -0.098,-0.124, -0.738, -0.278,0.084, -0.719, -0.280
193215,10.337, -12.000,19,19,31,42,30,29,5,5,22,14,-0.171, 0.489, 0.142,0.175, 0.479, 0.143,-0.216, 0.261, 0.115,0.229, 0.235, 0.094,-0.263, 0.039, 0.216,0.284, 0.000, 0.176,-0.114, -0.005, -0.003,0.114, 0.005, 0.002,-0.078, -0.412, -0.085,0.099, -0.385, -0.098,-0.127, -0.738, -0.279,0.077, -0.718, -0.280
193215,10.371, -12.000,19,19,28,47,30,29,5,5,21,13,-0.154, 0.491, 0.143,0.190, 0.476, 0.145,-0.205, 0.264, 0.115,0.236, 0.230, 0.094,-0.252, 0.039, 0.214,0.284, -0.009, 0.176,-0.114, -0.003, -0.004,0.115, 0.004, 0.002,-0.084, -0.412, -0.087,0.092, -0.387, -0.097,-0.131, -0.738, -0.279,0.069, -0.718, -0.275
193215,10.466, -12.000,18,20,27,48,29,29,4,6,21,13,-0.146, 0.494, 0.142,0.196, 0.474, 0.144,-0.197, 0.267, 0.115,0.241, 0.228, 0.094,-0.246, 0.042, 0.214,0.286, -0.012, 0.175,-0.114, -0.001, -0.004,0.115, 0.002, 0.003,-0.089, -0.412, -0.090,0.089, -0.387, -0.097,-0.137, -0.736, -0.284,0.063, -0.718, -0.275
193215,10.591, -12.000,18,20,25,47,29,29,3,5,21,13,-0.146, 0.498, 0.137,0.198, 0.473, 0.139,-0.194, 0.269, 0.115,0.244, 0.227, 0.089,-0.240, 0.043, 0.217,0.288, -0.012, 0.171,-0.114, 0.000, -0.004,0.115, 0.001, 0.003,-0.093, -0.412, -0.092,0.087, -0.387, -0.097,-0.143, -0.734, -0.286,0.057, -0.719, -0.275
193215,10.596, -12.000,18,20,24,51,28,29,3,6,20,13,-0.139, 0.500, 0.138,0.205, 0.470, 0.143,-0.189, 0.272, 0.114,0.247, 0.224, 0.093,-0.239, 0.044, 0.213,0.288, -0.017, 0.171,-0.114, 0.001, -0.006,0.115, -0.001, 0.004,-0.104, -0.412, -0.096,0.086, -0.388, -0.095,-0.157, -0.735, -0.285,0.058, -0.719, -0.270
193215,10.661, -12.000,17,21,25,49,28,28,3,7,19,13,-0.135, 0.501, 0.138,0.210, 0.468, 0.146,-0.182, 0.272, 0.114,0.254, 0.221, 0.097,-0.234, 0.044, 0.213,0.290, -0.019, 0.175,-0.114, 0.003, -0.007,0.115, -0.002, 0.005,-0.107, -0.412, -0.102,0.085, -0.388, -0.096,-0.158, -0.735, -0.288,0.058, -0.719, -0.272
193215,10.828, -12.000,16,22,27,49,29,28,3,7,19,13,-0.131, 0.503, 0.137,0.213, 0.467, 0.146,-0.178, 0.273, 0.111,0.257, 0.221, 0.097,-0.234, 0.047, 0.209,0.292, -0.019, 0.175,-0.114, 0.003, -0.007,0.115, -0.003, 0.005,-0.111, -0.411, -0.102,0.083, -0.388, -0.096,-0.163, -0.734, -0.288,0.052, -0.719, -0.272
193215,11.108, -12.000,16,22,26,47,29,28,3,7,18,13,-0.129, 0.504, 0.137,0.215, 0.466, 0.146,-0.178, 0.274, 0.111,0.261, 0.219, 0.098,-0.235, 0.049, 0.209,0.297, -0.019, 0.177,-0.114, 0.004, -0.007,0.115, -0.004, 0.006,-0.113, -0.410, -0.102,0.082, -0.388, -0.097,-0.167, -0.734, -0.288,0.050, -0.719, -0.273
193215,11.267, -12.000,16,22,25,46,29,28,3,6,19,13,-0.131, 0.508, 0.135,0.213, 0.466, 0.145,-0.179, 0.276, 0.111,0.260, 0.219, 0.098,-0.237, 0.051, 0.210,0.300, -0.018, 0.177,-0.114, 0.005, -0.007,0.115, -0.004, 0.006,-0.115, -0.409, -0.102,0.082, -0.388, -0.098,-0.169, -0.731, -0.291,0.046, -0.718, -0.276
193215,11.329, -12.000,16,22,25,45,29,28,3,6,19,13,-0.132, 0.509, 0.135,0.212, 0.466, 0.144,-0.180, 0.278, 0.111,0.260, 0.220, 0.098,-0.238, 0.053, 0.210,0.301, -0.018, 0.178,-0.114, 0.005, -0.007,0.115, -0.005, 0.006,-0.116, -0.408, -0.102,0.081, -0.388, -0.098,-0.170, -0.729, -0.294,0.045, -0.718, -0.279
193215,11.421, -12.000,16,22,25,43,28,29,3,6,19,13,-0.134, 0.509, 0.134,0.209, 0.468, 0.140,-0.181, 0.278, 0.110,0.259, 0.224, 0.093,-0.239, 0.053, 0.209,0.303, -0.010, 0.175,-0.114, 0.005, -0.007,0.115, -0.005, 0.006,-0.115, -0.408, -0.103,0.082, -0.388, -0.100,-0.169, -0.728, -0.299,0.045, -0.718, -0.286
193215,11.487, -12.000,16,22,25,42,28,29,3,6,19,13,-0.135, 0.510, 0.131,0.208, 0.469, 0.134,-0.181, 0.277, 0.108,0.259, 0.226, 0.088,-0.239, 0.053, 0.206,0.304, -0.005, 0.171,-0.114, 0.005, -0.007,0.115, -0.005, 0.006,-0.115, -0.408, -0.104,0.082, -0.388, -0.101,-0.168, -0.728, -0.300,0.046, -0.718, -0.288
193215,11.592, -12.000,16,22,25,42,28,30,2,6,19,13,-0.135, 0.510, 0.129,0.207, 0.470, 0.131,-0.181, 0.277, 0.106,0.258, 0.227, 0.084,-0.239, 0.053, 0.203,0.306, -0.002, 0.168,-0.114, 0.005, -0.007,0.115, -0.005, 0.006,-0.114, -0.408, -0.104,0.083, -0.389, -0.101,-0.167, -0.728, -0.300,0.047, -0.718, -0.287
193215,11.585, -12.000,17,23,22,36,28,29,3,5,19,13,-0.139, 0.510, 0.138,0.204, 0.470, 0.140,-0.182, 0.274, 0.120,0.258, 0.227, 0.101,-0.239, 0.053, 0.220,0.306, -0.004, 0.188,-0.114, 0.005, -0.007,0.115, -0.005, 0.006,-0.107, -0.407, -0.105,0.085, -0.388, -0.103,-0.160, -0.728, -0.300,0.054, -0.718, -0.287
193215,11.615, -12.000,16,23,24,35,28,28,2,6,19,13,-0.140, 0.510, 0.139,0.203, 0.470, 0.142,-0.180, 0.274, 0.120,0.258, 0.226, 0.105,-0.238, 0.053, 0.219,0.306, -0.007, 0.192,-0.114, 0.005, -0.007,0.115, -0.005, 0.006,-0.104, -0.407, -0.108,0.088, -0.389, -0.104,-0.155, -0.728, -0.302,0.060, -0.718, -0.288
193215,11.043, -12.000,16,22,30,36,29,28,2,5,20,12,-0.156, 0.508, 0.140,0.192, 0.470, 0.144,-0.189, 0.269, 0.119,0.246, 0.225, 0.105,-0.242, 0.051, 0.218,0.296, -0.005, 0.191,-0.114, 0.005, -0.007,0.115, -0.004, 0.006,-0.093, -0.407, -0.109,0.093, -0.387, -0.105,-0.144, -0.726, -0.302,0.074, -0.716, -0.288
193215,10.954, -12.000,17,21,31,37,29,30,2,5,20,12,-0.161, 0.507, 0.140,0.186, 0.472, 0.142,-0.195, 0.268, 0.119,0.243, 0.227, 0.098,-0.247, 0.050, 0.218,0.295, -0.003, 0.187,-0.114, 0.004, -0.007,0.115, -0.003, 0.005,-0.090, -0.407, -0.109,0.098, -0.387, -0.105,-0.140, -0.725, -0.302,0.084, -0.715, -0.288
193215,10.119, -12.000,17,19,38,40,29,33,3,3,20,12,-0.179, 0.502, 0.138,0.166, 0.478, 0.137,-0.209, 0.262, 0.115,0.227, 0.233, 0.085,-0.253, 0.045, 0.213,0.280, 0.015, 0.176,-0.114, 0.002, -0.006,0.115, -0.002, 0.005,-0.085, -0.407, -0.109,0.101, -0.386, -0.105,-0.135, -0.725, -0.297,0.092, -0.715, -0.281
193215,9.928, -12.000,18,19,36,39,29,33,3,3,21,12,-0.182, 0.499, 0.141,0.162, 0.480, 0.137,-0.213, 0.260, 0.119,0.224, 0.235, 0.085,-0.256, 0.042, 0.220,0.276, 0.020, 0.176,-0.115, 0.001, -0.005,0.115, 0.000, 0.004,-0.079, -0.406, -0.108,0.102, -0.385, -0.108,-0.130, -0.723, -0.301,0.092, -0.714, -0.289
193216,10.895, -12.000,19,20,35,33,29,37,3,3,21,12,-0.192, 0.492, 0.141,0.152, 0.480, 0.135,-0.224, 0.249, 0.119,0.223, 0.240, 0.086,-0.263, 0.033, 0.220,0.294, 0.049, 0.186,-0.115, -0.001, -0.004,0.115, 0.002, 0.003,-0.070, -0.406, -0.101,0.109, -0.384, -0.096,-0.112, -0.723, -0.289,0.103, -0.714, -0.263
193216,11.492, -12.000,19,21,36,30,29,38,3,4,21,13,-0.192, 0.488, 0.142,0.153, 0.480, 0.136,-0.222, 0.245, 0.120,0.224, 0.241, 0.093,-0.264, 0.029, 0.220,0.304, 0.058, 0.200,-0.115, -0.002, -0.004,0.115, 0.003, 0.003,-0.065, -0.405, -0.099,0.117, -0.383, -0.093,-0.104, -0.723, -0.288,0.107, -0.714, -0.262
193216,12.196, -12.000,19,21,37,29,29,38,4,6,23,14,-0.190, 0.488, 0.142,0.154, 0.481, 0.136,-0.221, 0.245, 0.120,0.225, 0.243, 0.093,-0.263, 0.027, 0.219,0.317, 0.062, 0.199,-0.115, -0.003, -0.004,0.115, 0.004, 0.003,-0.060, -0.406, -0.089,0.122, -0.383, -0.089,-0.092, -0.723, -0.285,0.111, -0.714, -0.262
193216,12.933, -10.023,20,27,28,6,28,52,4,5,25,15,-0.203, 0.488, 0.135,0.145, 0.484, 0.124,-0.234, 0.245, 0.120,0.223, 0.266, 0.131,-0.272, 0.027, 0.220,0.330, 0.149, 0.321,-0.115, -0.004, -0.004,0.115, 0.004, 0.003,-0.062, -0.405, -0.090,0.130, -0.380, -0.088,-0.092, -0.719, -0.308,0.114, -0.709, -0.264
193216,13.333, -9.685,21,29,26,11,28,50,4,5,25,16,-0.209, 0.487, 0.132,0.139, 0.486, 0.121,-0.239, 0.244, 0.118,0.222, 0.272, 0.135,-0.278, 0.027, 0.219,0.337, 0.158, 0.323,-0.115, -0.005, -0.003,0.115, 0.005, 0.002,-0.060, -0.406, -0.090,0.133, -0.379, -0.088,-0.087, -0.718, -0.308,0.112, -0.708, -0.268
193216,13.182, -6.674,18,34,43,23,25,50,3,4,23,16,-0.220, 0.487, 0.106,0.123, 0.494, 0.095,-0.242, 0.242, 0.087,0.215, 0.310, 0.130,-0.286, 0.026, 0.169,0.334, 0.233, 0.326,-0.115, -0.007, -0.003,0.115, 0.007, 0.002,-0.056, -0.410, -0.089,0.139, -0.377, -0.082,-0.078, -0.725, -0.291,0.124, -0.708, -0.256
193216,13.225, -6.687,17,35,46,27,26,46,3,5,22,16,-0.220, 0.485, 0.094,0.123, 0.499, 0.085,-0.241, 0.239, 0.073,0.215, 0.315, 0.130,-0.285, 0.023, 0.156,0.335, 0.233, 0.319,-0.115, -0.008, -0.003,0.115, 0.008, 0.002,-0.052, -0.412, -0.089,0.139, -0.376, -0.082,-0.070, -0.727, -0.280,0.124, -0.709, -0.255
193216,14.705, -4.115,19,36,39,27,26,61,3,5,21,15,-0.222, 0.480, 0.099,0.123, 0.498, 0.090,-0.249, 0.233, 0.078,0.223, 0.312, 0.138,-0.300, 0.020, 0.159,0.361, 0.297, 0.352,-0.115, -0.009, -0.003,0.115, 0.009, 0.002,-0.052, -0.412, -0.086,0.142, -0.376, -0.080,-0.071, -0.728, -0.269,0.129, -0.709, -0.247
193216,15.049, -3.883,19,38,40,26,27,61,3,5,22,15,-0.223, 0.479, 0.102,0.124, 0.498, 0.093,-0.249, 0.231, 0.081,0.229, 0.311, 0.143,-0.304, 0.019, 0.167,0.368, 0.303, 0.362,-0.115, -0.009, -0.003,0.115, 0.009, 0.002,-0.050, -0.412, -0.086,0.144, -0.375, -0.080,-0.069, -0.729, -0.271,0.132, -0.709, -0.248
193216,15.089, -2.808,20,39,40,27,30,68,4,5,23,16,-0.221, 0.469, 0.119,0.126, 0.493, 0.099,-0.248, 0.220, 0.099,0.233, 0.308, 0.149,-0.305, 0.011, 0.199,0.368, 0.330, 0.367,-0.115, -0.009, -0.003,0.115, 0.010, 0.002,-0.049, -0.413, -0.081,0.144, -0.375, -0.078,-0.067, -0.729, -0.269,0.130, -0.709, -0.249
193216,15.127, -2.744,21,40,39,27,31,68,5,5,23,17,-0.220, 0.465, 0.125,0.127, 0.489, 0.104,-0.247, 0.217, 0.106,0.236, 0.305, 0.153,-0.306, 0.008, 0.211,0.369, 0.331, 0.370,-0.115, -0.009, -0.003,0.115, 0.010, 0.002,-0.047, -0.414, -0.078,0.144, -0.375, -0.076,-0.064, -0.729, -0.268,0.130, -0.710, -0.248
193216,15.122, -2.749,21,41,36,26,31,69,5,5,23,17,-0.220, 0.463, 0.129,0.127, 0.486, 0.110,-0.246, 0.215, 0.111,0.237, 0.304, 0.157,-0.307, 0.006, 0.217,0.369, 0.331, 0.374,-0.115, -0.009, -0.003,0.115, 0.010, 0.002,-0.045, -0.415, -0.078,0.144, -0.375, -0.073,-0.063, -0.730, -0.266,0.129, -0.711, -0.246
193216,15.170, -1.411,21,45,39,27,30,71,5,5,24,17,-0.219, 0.462, 0.132,0.127, 0.486, 0.113,-0.247, 0.215, 0.111,0.249, 0.312, 0.168,-0.307, -0.002, 0.215,0.370, 0.365, 0.389,-0.115, -0.009, -0.002,0.115, 0.010, 0.001,-0.046, -0.416, -0.077,0.144, -0.376, -0.076,-0.064, -0.731, -0.267,0.128, -0.711, -0.253
193216,15.191, -1.214,21,46,40,27,30,71,5,5,24,17,-0.219, 0.462, 0.133,0.128, 0.486, 0.114,-0.248, 0.215, 0.111,0.253, 0.315, 0.171,-0.306, -0.005, 0.212,0.370, 0.370, 0.392,-0.115, -0.009, -0.002,0.116, 0.010, 0.001,-0.046, -0.416, -0.077,0.144, -0.376, -0.078,-0.065, -0.731, -0.268,0.126, -0.711, -0.257
193216,15.272, -0.630,21,50,42,26,29,73,6,6,24,19,-0.217, 0.460, 0.140,0.132, 0.485, 0.120,-0.247, 0.215, 0.115,0.268, 0.318, 0.179,-0.299, -0.013, 0.213,0.372, 0.384, 0.400,-0.115, -0.009, -0.002,0.116, 0.010, 0.001,-0.050, -0.416, -0.076,0.141, -0.379, -0.079,-0.073, -0.731, -0.273,0.114, -0.712, -0.267
193216,15.341, -0.586,21,50,42,26,28,73,7,6,25,19,-0.215, 0.460, 0.140,0.134, 0.484, 0.122,-0.247, 0.215, 0.114,0.271, 0.319, 0.181,-0.296, -0.015, 0.209,0.373, 0.385, 0.402,-0.116, -0.009, -0.001,0.116, 0.010, 0.000,-0.053, -0.416, -0.075,0.140, -0.379, -0.083,-0.077, -0.730, -0.278,0.110, -0.712, -0.277
193216,15.472, -0.409,21,51,43,26,27,74,7,6,26,19,-0.210, 0.460, 0.145,0.138, 0.484, 0.123,-0.241, 0.215, 0.120,0.276, 0.320, 0.181,-0.285, -0.015, 0.214,0.375, 0.390, 0.400,-0.116, -0.009, -0.001,0.116, 0.010, 0.000,-0.057, -0.416, -0.074,0.136, -0.380, -0.083,-0.086, -0.730, -0.281,0.107, -0.712, -0.276
193216,15.578, -0.529,20,53,43,27,27,73,7,6,26,19,-0.208, 0.460, 0.149,0.141, 0.483, 0.129,-0.237, 0.216, 0.124,0.280, 0.320, 0.191,-0.279, -0.014, 0.217,0.377, 0.387, 0.413,-0.116, -0.009, -0.001,0.116, 0.010, 0.000,-0.060, -0.415, -0.075,0.133, -0.381, -0.088,-0.089, -0.729, -0.289,0.107, -0.712, -0.289
193216,15.578, -0.755,20,54,48,27,28,71,7,6,25,18,-0.204, 0.459, 0.156,0.145, 0.480, 0.143,-0.232, 0.216, 0.126,0.282, 0.318, 0.208,-0.274, -0.014, 0.217,0.377, 0.381, 0.433,-0.116, -0.009, -0.001,0.116, 0.009, 0.000,-0.060, -0.415, -0.082,0.132, -0.381, -0.092,-0.089, -0.729, -0.295,0.109, -0.712, -0.292
193216,15.570, -0.432,19,54,50,26,27,72,7,6,24,18,-0.203, 0.460, 0.155,0.145, 0.481, 0.142,-0.229, 0.217, 0.126,0.281, 0.324, 0.203,-0.270, -0.013, 0.210,0.377, 0.389, 0.425,-0.116, -0.009, -0.001,0.116, 0.009, 0.000,-0.069, -0.415, -0.086,0.130, -0.382, -0.092,-0.104, -0.730, -0.294,0.110, -0.714, -0.291
193216,15.606, -0.269,19,55,51,25,26,73,7,6,24,18,-0.201, 0.460, 0.153,0.146, 0.481, 0.141,-0.227, 0.217, 0.123,0.284, 0.326, 0.200,-0.268, -0.013, 0.205,0.377, 0.393, 0.421,-0.116, -0.009, -0.001,0.116, 0.009, 0.000,-0.073, -0.416, -0.086,0.129, -0.383, -0.091,-0.110, -0.731, -0.294,0.109, -0.715, -0.290
193216,15.777, -0.072,19,55,48,26,26,73,7,6,24,18,-0.197, 0.462, 0.150,0.148, 0.481, 0.130,-0.226, 0.220, 0.121,0.289, 0.327, 0.188,-0.266, -0.011, 0.201,0.380, 0.398, 0.401,-0.115, -0.009, -0.001,0.115, 0.009, 0.000,-0.079, -0.418, -0.084,0.128, -0.385, -0.092,-0.115, -0.732, -0.292,0.108, -0.716, -0.289
193216,15.969, 0.066,19,56,47,26,25,73,7,5,24,18,-0.196, 0.463, 0.148,0.149, 0.481, 0.124,-0.226, 0.221, 0.120,0.293, 0.329, 0.185,-0.267, -0.010, 0.201,0.384, 0.402, 0.397,-0.115, -0.008, -0.001,0.115, 0.009, 0.000,-0.082, -0.419, -0.086,0.128, -0.386, -0.093,-0.117, -0.731, -0.296,0.108, -0.716, -0.291
193217,16.567, 0.273,20,58,42,25,25,74,6,6,24,18,-0.191, 0.463, 0.148,0.154, 0.480, 0.125,-0.225, 0.221, 0.121,0.309, 0.329, 0.185,-0.267, -0.010, 0.202,0.395, 0.407, 0.395,-0.115, -0.008, -0.001,0.115, 0.008, 0.000,-0.082, -0.419, -0.090,0.128, -0.386, -0.094,-0.120, -0.731, -0.301,0.106, -0.716, -0.292
193217,16.689, 0.409,20,59,39,25,25,73,6,6,24,18,-0.190, 0.463, 0.144,0.154, 0.480, 0.121,-0.225, 0.222, 0.118,0.312, 0.332, 0.184,-0.268, -0.009, 0.201,0.397, 0.410, 0.394,-0.115, -0.007, -0.001,0.115, 0.008, 0.000,-0.085, -0.419, -0.090,0.127, -0.387, -0.095,-0.130, -0.731, -0.300,0.106, -0.717, -0.293
193217,16.752, 0.803,20,60,36,25,25,74,6,6,24,18,-0.189, 0.462, 0.144,0.155, 0.480, 0.121,-0.227, 0.222, 0.119,0.315, 0.336, 0.186,-0.273, -0.008, 0.202,0.398, 0.420, 0.395,-0.115, -0.007, -0.001,0.115, 0.008, 0.000,-0.086, -0.420, -0.090,0.126, -0.389, -0.095,-0.133, -0.731, -0.300,0.106, -0.719, -0.293
193217,16.742, 0.816,20,61,35,26,25,73,6,6,24,18,-0.188, 0.462, 0.144,0.156, 0.479, 0.122,-0.227, 0.221, 0.119,0.316, 0.336, 0.190,-0.276, -0.008, 0.201,0.398, 0.420, 0.399,-0.115, -0.007, -0.001,0.115, 0.007, 0.000,-0.086, -0.421, -0.091,0.124, -0.390, -0.095,-0.133, -0.732, -0.301,0.105, -0.719, -0.294
193217,16.827, 0.782,21,61,33,26,24,73,6,6,24,18,-0.188, 0.462, 0.144,0.157, 0.477, 0.123,-0.228, 0.221, 0.120,0.317, 0.336, 0.192,-0.277, -0.008, 0.203,0.399, 0.420, 0.401,-0.115, -0.007, -0.001,0.115, 0.007, 0.000,-0.085, -0.421, -0.092,0.123, -0.390, -0.096,-0.132, -0.731, -0.302,0.105, -0.719, -0.297
193217,16.808, 1.542,21,64,32,26,24,74,6,5,24,19,-0.187, 0.461, 0.144,0.157, 0.477, 0.123,-0.228, 0.221, 0.121,0.322, 0.344, 0.194,-0.282, -0.007, 0.203,0.399, 0.439, 0.401,-0.115, -0.007, -0.001,0.115, 0.007, 0.000,-0.086, -0.420, -0.091,0.121, -0.390, -0.098,-0.131, -0.729, -0.306,0.104, -0.715, -0.311
193217,16.729, 1.910,21,66,32,26,24,73,6,5,25,19,-0.186, 0.461, 0.142,0.158, 0.478, 0.123,-0.228, 0.221, 0.118,0.323, 0.351, 0.194,-0.285, -0.006, 0.198,0.397, 0.448, 0.401,-0.115, -0.007, -0.001,0.115, 0.007, 0.000,-0.086, -0.420, -0.091,0.119, -0.390, -0.100,-0.131, -0.728, -0.307,0.103, -0.713, -0.316
193217,16.574, 2.434,21,68,31,27,23,73,6,4,24,19,-0.186, 0.461, 0.142,0.159, 0.477, 0.124,-0.231, 0.222, 0.117,0.327, 0.358, 0.202,-0.290, -0.005, 0.190,0.395, 0.461, 0.405,-0.115, -0.006, -0.001,0.115, 0.007, 0.000,-0.089, -0.418, -0.092,0.113, -0.390, -0.105,-0.132, -0.728, -0.308,0.100, -0.712, -0.324
193217,16.487, 2.630,22,69,30,28,22,73,6,4,24,18,-0.185, 0.461, 0.142,0.160, 0.477, 0.125,-0.232, 0.222, 0.117,0.326, 0.360, 0.205,-0.291, -0.005, 0.187,0.393, 0.466, 0.407,-0.115, -0.006, -0.001,0.115, 0.006, 0.000,-0.091, -0.418, -0.091,0.110, -0.390, -0.108,-0.134, -0.728, -0.305,0.097, -0.712, -0.325
193217,16.426, 3.510,21,72,30,27,22,70,6,4,24,18,-0.185, 0.461, 0.134,0.160, 0.479, 0.123,-0.232, 0.222, 0.108,0.326, 0.378, 0.204,-0.291, -0.005, 0.177,0.392, 0.488, 0.407,-0.115, -0.006, -0.001,0.115, 0.006, 0.000,-0.091, -0.418, -0.092,0.108, -0.390, -0.108,-0.134, -0.728, -0.305,0.097, -0.712, -0.324
193217,16.408, 3.602,21,74,29,27,22,69,5,3,24,18,-0.185, 0.462, 0.131,0.160, 0.481, 0.122,-0.232, 0.223, 0.106,0.326, 0.385, 0.204,-0.292, -0.004, 0.177,0.392, 0.490, 0.407,-0.116, -0.006, -0.001,0.115, 0.006, 0.000,-0.091, -0.419, -0.092,0.107, -0.390, -0.106,-0.134, -0.729, -0.303,0.096, -0.712, -0.318
193217,16.405, 3.639,21,74,28,27,22,69,5,3,23,18,-0.185, 0.462, 0.129,0.160, 0.482, 0.121,-0.233, 0.223, 0.105,0.326, 0.386, 0.204,-0.292, -0.004, 0.177,0.392, 0.491, 0.407,-0.116, -0.005, -0.001,0.116, 0.006, 0.000,-0.091, -0.419, -0.092,0.106, -0.390, -0.106,-0.134, -0.729, -0.303,0.095, -0.712, -0.318
193217,16.453, 4.267,21,76,26,28,22,68,5,4,23,17,-0.185, 0.463, 0.126,0.160, 0.485, 0.112,-0.233, 0.223, 0.104,0.328, 0.399, 0.195,-0.292, -0.004, 0.177,0.392, 0.507, 0.396,-0.116, -0.005, -0.001,0.116, 0.006, 0.000,-0.091, -0.419, -0.092,0.106, -0.390, -0.106,-0.134, -0.729, -0.303,0.095, -0.713, -0.314
193217,16.487, 4.438,21,76,25,28,22,67,5,4,23,17,-0.185, 0.464, 0.123,0.160, 0.488, 0.108,-0.233, 0.223, 0.103,0.328, 0.404, 0.190,-0.292, -0.004, 0.177,0.393, 0.511, 0.389,-0.116, -0.005, -0.001,0.116, 0.006, 0.000,-0.091, -0.418, -0.092,0.105, -0.390, -0.105,-0.134, -0.729, -0.303,0.095, -0.714, -0.310
193217,16.500, 5.068,21,79,27,28,22,65,4,4,24,17,-0.185, 0.467, 0.114,0.160, 0.491, 0.101,-0.233, 0.226, 0.091,0.333, 0.420, 0.186,-0.292, -0.003, 0.162,0.393, 0.527, 0.382,-0.116, -0.005, -0.001,0.116, 0.005, 0.000,-0.091, -0.418, -0.094,0.105, -0.390, -0.107,-0.133, -0.729, -0.309,0.094, -0.714, -0.311
193217,16.512, 5.193,20,80,28,27,22,65,4,5,24,17,-0.185, 0.469, 0.112,0.160, 0.493, 0.100,-0.233, 0.228, 0.088,0.335, 0.424, 0.186,-0.292, -0.003, 0.159,0.394, 0.530, 0.380,-0.116, -0.005, -0.001,0.116, 0.005, 0.000,-0.091, -0.418, -0.095,0.105, -0.390, -0.107,-0.133, -0.729, -0.312,0.094, -0.714, -0.312
193217,16.474, 6.447,20,85,28,27,22,64,4,4,23,16,-0.185, 0.469, 0.113,0.160, 0.495, 0.102,-0.233, 0.228, 0.089,0.339, 0.444, 0.189,-0.292, -0.003, 0.161,0.393, 0.561, 0.381,-0.116, -0.005, -0.001,0.116, 0.005, 0.000,-0.091, -0.418, -0.095,0.106, -0.390, -0.105,-0.137, -0.729, -0.306,0.095, -0.714, -0.303
193217,16.431, 6.684,20,86,28,28,22,64,4,4,23,16,-0.185, 0.469, 0.113,0.160, 0.496, 0.102,-0.233, 0.228, 0.089,0.339, 0.449, 0.190,-0.292, -0.003, 0.162,0.392, 0.567, 0.381,-0.116, -0.004, -0.001,0.116, 0.005, 0.000,-0.091, -0.418, -0.095,0.106, -0.390, -0.104,-0.139, -0.730, -0.304,0.095, -0.714, -0.301
193217,16.150, 7.005,20,87,27,28,21,65,4,4,23,16,-0.185, 0.469, 0.116,0.160, 0.496, 0.105,-0.231, 0.227, 0.094,0.341, 0.451, 0.195,-0.292, -0.004, 0.164,0.387, 0.575, 0.381,-0.116, -0.004, -0.001,0.116, 0.005, 0.000,-0.091, -0.417, -0.096,0.106, -0.390, -0.104,-0.138, -0.729, -0.304,0.095, -0.714, -0.300
193217,16.018, 7.118,20,87,27,28,21,66,4,4,23,16,-0.185, 0.469, 0.118,0.160, 0.497, 0.106,-0.230, 0.227, 0.097,0.341, 0.453, 0.196,-0.292, -0.004, 0.165,0.385, 0.578, 0.381,-0.116, -0.004, -0.001,0.116, 0.004, 0.000,-0.091, -0.416, -0.096,0.107, -0.390, -0.104,-0.138, -0.729, -0.305,0.095, -0.714, -0.300
193217,15.715, 7.568,21,89,20,27,21,67,5,3,23,17,-0.185, 0.467, 0.120,0.159, 0.497, 0.110,-0.231, 0.226, 0.104,0.341, 0.458, 0.200,-0.292, -0.003, 0.179,0.379, 0.589, 0.381,-0.116, -0.004, -0.001,0.116, 0.004, 0.000,-0.091, -0.417, -0.086,0.106, -0.390, -0.095,-0.138, -0.729, -0.291,0.094, -0.714, -0.292
193217,15.521, 7.780,22,90,17,27,21,67,5,3,24,18,-0.186, 0.466, 0.121,0.158, 0.497, 0.112,-0.232, 0.225, 0.108,0.341, 0.462, 0.202,-0.292, -0.003, 0.185,0.376, 0.595, 0.381,-0.116, -0.004, -0.001,0.116, 0.004, 0.000,-0.091, -0.416, -0.083,0.106, -0.390, -0.093,-0.138, -0.729, -0.287,0.092, -0.714, -0.292
193218,15.093, 8.026,21,91,19,27,21,69,5,3,24,18,-0.185, 0.466, 0.123,0.158, 0.496, 0.112,-0.231, 0.225, 0.108,0.341, 0.464, 0.203,-0.291, -0.002, 0.184,0.368, 0.601, 0.381,-0.116, -0.004, -0.001,0.116, 0.004, 0.000,-0.091, -0.416, -0.085,0.107, -0.390, -0.094,-0.138, -0.727, -0.292,0.094, -0.713, -0.292
193218,14.913, 8.110,21,91,20,28,21,69,5,3,24,18,-0.185, 0.466, 0.123,0.158, 0.496, 0.112,-0.231, 0.226, 0.108,0.342, 0.466, 0.203,-0.291, -0.001, 0.182,0.365, 0.603, 0.378,-0.116, -0.004, -0.001,0.116, 0.004, 0.000,-0.091, -0.416, -0.085,0.107, -0.390, -0.094,-0.137, -0.726, -0.293,0.095, -0.713, -0.293
193218,14.847, 8.138,21,91,20,27,21,70,5,3,24,18,-0.185, 0.466, 0.124,0.158, 0.496, 0.112,-0.231, 0.226, 0.108,0.342, 0.467, 0.203,-0.291, -0.001, 0.181,0.364, 0.603, 0.375,-0.116, -0.004, -0.001,0.116, 0.004, 0.000,-0.091, -0.416, -0.086,0.108, -0.390, -0.094,-0.137, -0.726, -0.294,0.096, -0.712, -0.293
193218,14.561, 8.363,21,93,20,28,21,70,5,3,24,17,-0.185, 0.467, 0.124,0.158, 0.496, 0.112,-0.231, 0.227, 0.108,0.342, 0.471, 0.202,-0.291, 0.001, 0.181,0.359, 0.609, 0.374,-0.116, -0.003, -0.001,0.116, 0.004, 0.000,-0.091, -0.414, -0.087,0.108, -0.390, -0.097,-0.137, -0.725, -0.295,0.096, -0.712, -0.294
193218,14.454, 8.440,21,93,20,28,21,70,5,3,23,17,-0.185, 0.467, 0.124,0.158, 0.496, 0.112,-0.231, 0.228, 0.109,0.343, 0.473, 0.202,-0.291, 0.002, 0.180,0.357, 0.611, 0.373,-0.116, -0.003, -0.001,0.116, 0.004, 0.000,-0.091, -0.413, -0.088,0.108, -0.390, -0.099,-0.137, -0.725, -0.295,0.096, -0.712, -0.294
193218,14.178, 8.619,21,94,20,28,20,71,5,3,23,17,-0.186, 0.467, 0.124,0.157, 0.496, 0.112,-0.231, 0.228, 0.109,0.343, 0.476, 0.203,-0.291, 0.002, 0.180,0.352, 0.615, 0.374,-0.116, -0.003, -0.001,0.116, 0.004, 0.000,-0.091, -0.413, -0.090,0.108, -0.390, -0.099,-0.137, -0.724, -0.299,0.096, -0.712, -0.294
193218,14.029, 8.706,21,94,21,28,20,71,5,3,23,17,-0.186, 0.467, 0.124,0.157, 0.495, 0.112,-0.231, 0.228, 0.109,0.343, 0.477, 0.204,-0.291, 0.002, 0.178,0.349, 0.618, 0.374,-0.116, -0.003, -0.001,0.116, 0.004, 0.000,-0.091, -0.413, -0.091,0.108, -0.390, -0.099,-0.137, -0.724, -0.301,0.096, -0.712, -0.294
193218,14.002, 9.775,21,99,21,29,20,69,5,4,23,16,-0.186, 0.467, 0.123,0.157, 0.497, 0.109,-0.231, 0.228, 0.108,0.343, 0.495, 0.201,-0.290, 0.003, 0.178,0.349, 0.644, 0.370,-0.116, -0.003, 0.000,0.116, 0.003, -0.001,-0.090, -0.412, -0.089,0.109, -0.390, -0.099,-0.136, -0.724, -0.295,0.097, -0.712, -0.292
193218,13.955, 10.011,21,100,21,29,20,68,5,4,23,16,-0.186, 0.467, 0.123,0.157, 0.497, 0.107,-0.231, 0.228, 0.108,0.343, 0.500, 0.201,-0.290, 0.004, 0.177,0.348, 0.650, 0.370,-0.116, -0.003, 0.000,0.116, 0.003, -0.001,-0.090, -0.412, -0.088,0.110, -0.389, -0.099,-0.136, -0.724, -0.291,0.098, -0.712, -0.290
193218,13.975, 10.626,22,102,18,29,19,66,5,4,22,16,-0.187, 0.467, 0.125,0.156, 0.498, 0.107,-0.233, 0.227, 0.112,0.341, 0.510, 0.200,-0.292, 0.004, 0.180,0.348, 0.666, 0.367,-0.116, -0.003, 0.001,0.116, 0.003, -0.002,-0.090, -0.411, -0.088,0.109, -0.388, -0.102,-0.135, -0.724, -0.289,0.096, -0.709, -0.293
193218,13.989, 10.765,22,103,18,29,19,65,5,4,22,16,-0.188, 0.467, 0.126,0.156, 0.498, 0.107,-0.235, 0.226, 0.113,0.340, 0.512, 0.200,-0.293, 0.003, 0.181,0.349, 0.669, 0.367,-0.116, -0.003, 0.001,0.116, 0.003, -0.002,-0.089, -0.411, -0.088,0.109, -0.388, -0.103,-0.134, -0.724, -0.289,0.096, -0.708, -0.293
193218,14.117, 10.806,22,104,18,30,19,64,4,4,21,16,-0.188, 0.467, 0.126,0.156, 0.500, 0.107,-0.234, 0.225, 0.113,0.340, 0.516, 0.202,-0.292, 0.003, 0.181,0.351, 0.670, 0.370,-0.116, -0.002, 0.001,0.116, 0.003, -0.002,-0.089, -0.410, -0.098,0.109, -0.388, -0.103,-0.132, -0.721, -0.300,0.096, -0.708, -0.294
193218,14.210, 10.839,22,104,18,30,19,63,4,4,21,15,-0.188, 0.467, 0.126,0.155, 0.500, 0.107,-0.233, 0.225, 0.113,0.339, 0.519, 0.203,-0.292, 0.003, 0.182,0.353, 0.671, 0.371,-0.116, -0.002, 0.001,0.116, 0.003, -0.002,-0.088, -0.409, -0.102,0.109, -0.387, -0.104,-0.130, -0.720, -0.304,0.097, -0.708, -0.294
193218,14.268, 10.863,22,104,18,30,20,62,4,4,21,15,-0.188, 0.467, 0.126,0.155, 0.501, 0.107,-0.233, 0.224, 0.113,0.339, 0.520, 0.203,-0.291, 0.003, 0.182,0.354, 0.672, 0.372,-0.116, -0.002, 0.001,0.116, 0.002, -0.002,-0.088, -0.408, -0.104,0.109, -0.387, -0.104,-0.129, -0.718, -0.306,0.097, -0.708, -0.294
193218,14.546, 10.988,22,104,16,29,19,62,5,3,22,16,-0.190, 0.466, 0.123,0.152, 0.502, 0.100,-0.235, 0.221, 0.113,0.338, 0.522, 0.191,-0.292, 0.001, 0.183,0.359, 0.675, 0.359,-0.116, -0.002, 0.001,0.116, 0.002, -0.002,-0.088, -0.409, -0.093,0.108, -0.387, -0.100,-0.133, -0.719, -0.292,0.093, -0.708, -0.289
193218,14.737, 11.023,23,103,14,29,20,61,5,3,22,16,-0.192, 0.465, 0.123,0.151, 0.503, 0.098,-0.237, 0.219, 0.114,0.338, 0.523, 0.188,-0.292, 0.000, 0.189,0.362, 0.676, 0.356,-0.116, -0.002, 0.002,0.116, 0.002, -0.002,-0.089, -0.409, -0.088,0.107, -0.387, -0.099,-0.136, -0.720, -0.284,0.091, -0.708, -0.287
193218,15.337, 11.085,24,103,7,30,20,58,6,3,22,16,-0.192, 0.463, 0.125,0.149, 0.503, 0.099,-0.237, 0.216, 0.123,0.336, 0.522, 0.189,-0.291, -0.002, 0.202,0.373, 0.677, 0.356,-0.116, -0.002, 0.002,0.116, 0.002, -0.002,-0.089, -0.409, -0.088,0.106, -0.387, -0.099,-0.138, -0.720, -0.285,0.090, -0.708, -0.287
193218,15.630, 11.118,24,103,4,30,19,57,6,3,22,16,-0.193, 0.462, 0.127,0.148, 0.503, 0.100,-0.237, 0.215, 0.127,0.335, 0.521, 0.189,-0.291, -0.002, 0.207,0.378, 0.678, 0.355,-0.116, -0.002, 0.002,0.115, 0.002, -0.002,-0.090, -0.409, -0.088,0.105, -0.386, -0.099,-0.139, -0.720, -0.286,0.088, -0.706, -0.289
193218,16.715, 11.109,25,103,1,30,19,53,6,2,23,17,-0.193, 0.460, 0.130,0.148, 0.503, 0.100,-0.238, 0.213, 0.132,0.335, 0.522, 0.189,-0.292, -0.005, 0.214,0.397, 0.678, 0.356,-0.115, -0.002, 0.002,0.115, 0.002, -0.003,-0.091, -0.409, -0.082,0.104, -0.386, -0.095,-0.139, -0.720, -0.282,0.087, -0.706, -0.285
193218,17.011, 11.121,25,103,0,30,19,52,7,2,23,17,-0.193, 0.458, 0.132,0.148, 0.503, 0.101,-0.239, 0.212, 0.135,0.335, 0.522, 0.190,-0.292, -0.006, 0.217,0.402, 0.678, 0.356,-0.115, -0.002, 0.002,0.115, 0.002, -0.003,-0.091, -0.409, -0.080,0.104, -0.386, -0.094,-0.140, -0.721, -0.280,0.087, -0.706, -0.285
193218,17.672, 11.140,26,104,2,30,19,49,7,2,23,17,-0.192, 0.457, 0.137,0.148, 0.503, 0.104,-0.239, 0.210, 0.144,0.335, 0.524, 0.192,-0.292, -0.006, 0.230,0.414, 0.679, 0.361,-0.115, -0.002, 0.002,0.115, 0.002, -0.003,-0.090, -0.408, -0.083,0.103, -0.385, -0.095,-0.138, -0.720, -0.282,0.086, -0.705, -0.285
193218,17.875, 11.161,27,104,3,30,19,48,7,2,23,17,-0.192, 0.456, 0.139,0.149, 0.503, 0.106,-0.239, 0.210, 0.146,0.335, 0.526, 0.194,-0.292, -0.006, 0.234,0.418, 0.679, 0.363,-0.115, -0.002, 0.002,0.115, 0.002, -0.003,-0.089, -0.407, -0.084,0.102, -0.384, -0.095,-0.135, -0.720, -0.285,0.085, -0.705, -0.287
193218,17.927, 11.173,27,104,3,30,20,47,7,2,23,17,-0.192, 0.456, 0.140,0.149, 0.503, 0.107,-0.240, 0.209, 0.148,0.335, 0.526, 0.195,-0.292, -0.006, 0.235,0.419, 0.679, 0.364,-0.115, -0.002, 0.002,0.115, 0.002, -0.003,-0.089, -0.407, -0.086,0.102, -0.383, -0.096,-0.134, -0.719, -0.287,0.085, -0.704, -0.288
193219,18.993, 11.359,27,105,4,26,19,45,7,2,23,17,-0.192, 0.456, 0.146,0.149, 0.503, 0.108,-0.240, 0.210, 0.155,0.340, 0.532, 0.177,-0.291, -0.004, 0.243,0.438, 0.684, 0.307,-0.115, -0.002, 0.003,0.115, 0.002, -0.003,-0.089, -0.406, -0.082,0.102, -0.382, -0.096,-0.134, -0.718, -0.287,0.084, -0.701, -0.290
193219,19.293, 11.464,28,106,4,24,19,45,8,2,24,18,-0.191, 0.455, 0.149,0.149, 0.503, 0.109,-0.239, 0.210, 0.158,0.342, 0.535, 0.171,-0.291, -0.004, 0.246,0.443, 0.687, 0.295,-0.115, -0.002, 0.003,0.115, 0.002, -0.004,-0.089, -0.406, -0.080,0.102, -0.381, -0.096,-0.134, -0.718, -0.287,0.084, -0.699, -0.291
193219,19.699, 11.421,27,106,2,21,20,44,8,2,24,17,-0.189, 0.454, 0.151,0.150, 0.503, 0.115,-0.236, 0.209, 0.158,0.342, 0.535, 0.170,-0.289, -0.004, 0.246,0.450, 0.686, 0.292,-0.115, -0.002, 0.003,0.115, 0.002, -0.004,-0.089, -0.406, -0.080,0.102, -0.381, -0.095,-0.137, -0.717, -0.288,0.086, -0.699, -0.290
193219,19.807, 11.394,27,106,2,20,20,43,8,2,24,17,-0.188, 0.454, 0.152,0.151, 0.503, 0.118,-0.234, 0.209, 0.159,0.342, 0.535, 0.170,-0.289, -0.004, 0.247,0.452, 0.685, 0.293,-0.115, -0.002, 0.003,0.115, 0.002, -0.004,-0.090, -0.406, -0.080,0.102, -0.381, -0.095,-0.138, -0.716, -0.290,0.088, -0.699, -0.289
193219,20.495, 10.873,28,105,3,16,21,41,8,2,24,18,-0.187, 0.454, 0.156,0.152, 0.503, 0.122,-0.234, 0.209, 0.164,0.342, 0.534, 0.159,-0.288, -0.004, 0.256,0.464, 0.672, 0.268,-0.115, -0.002, 0.003,0.115, 0.002, -0.004,-0.089, -0.406, -0.081,0.102, -0.381, -0.095,-0.138, -0.715, -0.290,0.088, -0.699, -0.290
193219,20.688, 10.703,28,105,3,14,21,40,8,2,24,18,-0.186, 0.454, 0.159,0.153, 0.503, 0.125,-0.234, 0.209, 0.167,0.341, 0.534, 0.153,-0.288, -0.004, 0.259,0.468, 0.668, 0.257,-0.115, -0.002, 0.003,0.115, 0.002, -0.004,-0.089, -0.406, -0.081,0.102, -0.381, -0.096,-0.138, -0.715, -0.291,0.087, -0.699, -0.291
193219,20.607, 10.085,28,103,4,14,21,42,9,2,25,18,-0.185, 0.454, 0.160,0.155, 0.503, 0.125,-0.235, 0.209, 0.169,0.343, 0.526, 0.154,-0.290, -0.004, 0.264,0.466, 0.652, 0.265,-0.115, -0.002, 0.003,0.115, 0.003, -0.004,-0.089, -0.406, -0.077,0.100, -0.381, -0.096,-0.138, -0.715, -0.286,0.084, -0.699, -0.291
193219,20.574, 9.849,28,102,3,14,21,43,9,2,25,18,-0.185, 0.454, 0.160,0.157, 0.503, 0.125,-0.236, 0.209, 0.169,0.343, 0.523, 0.154,-0.291, -0.004, 0.265,0.466, 0.646, 0.272,-0.115, -0.002, 0.003,0.115, 0.003, -0.004,-0.089, -0.406, -0.075,0.099, -0.381, -0.095,-0.138, -0.715, -0.284,0.083, -0.699, -0.292
193219,20.551, 9.681,28,102,3,14,21,45,9,2,25,18,-0.185, 0.454, 0.160,0.158, 0.503, 0.125,-0.236, 0.210, 0.168,0.344, 0.520, 0.154,-0.291, -0.005, 0.264,0.465, 0.642, 0.279,-0.115, -0.002, 0.003,0.115, 0.003, -0.004,-0.089, -0.406, -0.075,0.098, -0.381, -0.095,-0.138, -0.716, -0.282,0.082, -0.699, -0.292
193219,20.683, 9.362,28,100,5,16,21,44,8,2,25,18,-0.185, 0.456, 0.155,0.159, 0.504, 0.118,-0.236, 0.211, 0.165,0.346, 0.517, 0.154,-0.291, -0.004, 0.263,0.468, 0.634, 0.282,-0.115, -0.002, 0.003,0.115, 0.003, -0.004,-0.089, -0.406, -0.075,0.099, -0.381, -0.097,-0.138, -0.715, -0.285,0.082, -0.699, -0.294
193219,20.735, 9.252,28,100,5,17,21,44,8,2,25,18,-0.184, 0.457, 0.152,0.159, 0.505, 0.116,-0.235, 0.212, 0.162,0.347, 0.515, 0.154,-0.291, -0.004, 0.261,0.469, 0.631, 0.284,-0.115, -0.002, 0.004,0.115, 0.003, -0.004,-0.089, -0.406, -0.076,0.099, -0.381, -0.097,-0.138, -0.715, -0.286,0.082, -0.699, -0.295
193219,20.698, 8.363,27,97,3,23,21,45,7,2,24,17,-0.184, 0.459, 0.152,0.160, 0.505, 0.119,-0.235, 0.214, 0.160,0.348, 0.498, 0.180,-0.290, -0.004, 0.256,0.468, 0.609, 0.345,-0.115, -0.002, 0.003,0.115, 0.003, -0.004,-0.089, -0.407, -0.083,0.100, -0.381, -0.098,-0.137, -0.717, -0.291,0.084, -0.700, -0.295
193219,20.688, 8.185,27,96,2,24,21,45,6,2,23,17,-0.184, 0.460, 0.152,0.161, 0.504, 0.120,-0.235, 0.216, 0.159,0.348, 0.494, 0.187,-0.289, -0.004, 0.253,0.468, 0.605, 0.353,-0.115, -0.002, 0.003,0.115, 0.002, -0.004,-0.089, -0.407, -0.086,0.100, -0.381, -0.099,-0.137, -0.717, -0.293,0.085, -0.701, -0.294
193219,20.274, 7.271,25,91,7,25,21,50,6,3,23,17,-0.184, 0.460, 0.148,0.162, 0.503, 0.120,-0.234, 0.217, 0.145,0.349, 0.474, 0.192,-0.289, -0.004, 0.231,0.460, 0.582, 0.376,-0.115, -0.002, 0.003,0.115, 0.002, -0.004,-0.088, -0.407, -0.089,0.101, -0.381, -0.102,-0.134, -0.718, -0.297,0.086, -0.701, -0.300
193219,20.045, 7.054,25,90,11,26,21,51,5,3,23,17,-0.184, 0.461, 0.145,0.163, 0.502, 0.120,-0.234, 0.217, 0.139,0.349, 0.469, 0.194,-0.289, -0.005, 0.222,0.456, 0.576, 0.381,-0.115, -0.002, 0.003,0.115, 0.002, -0.004,-0.088, -0.408, -0.091,0.102, -0.381, -0.105,-0.132, -0.718, -0.299,0.086, -0.701, -0.303
193219,19.944, 7.030,24,90,12,26,21,51,5,3,22,16,-0.184, 0.461, 0.143,0.163, 0.502, 0.119,-0.234, 0.218, 0.136,0.349, 0.468, 0.195,-0.288, -0.005, 0.219,0.455, 0.576, 0.381,-0.115, -0.002, 0.003,0.115, 0.002, -0.004,-0.088, -0.408, -0.092,0.102, -0.381, -0.106,-0.131, -0.719, -0.300,0.087, -0.701, -0.305
193219,19.149, 6.077,24,83,12,27,21,57,5,4,23,16,-0.184, 0.465, 0.141,0.162, 0.501, 0.111,-0.234, 0.224, 0.134,0.342, 0.444, 0.187,-0.287, 0.003, 0.214,0.440, 0.552, 0.375,-0.115, -0.002, 0.003,0.115, 0.002, -0.004,-0.088, -0.407, -0.092,0.104, -0.381, -0.107,-0.131, -0.718, -0.302,0.090, -0.702, -0.305
193219,18.888, 5.866,24,82,12,28,20,59,5,4,23,16,-0.185, 0.468, 0.139,0.160, 0.500, 0.106,-0.234, 0.227, 0.133,0.339, 0.438, 0.181,-0.286, 0.006, 0.212,0.436, 0.547, 0.372,-0.115, -0.002, 0.004,0.115, 0.003, -0.004,-0.089, -0.407, -0.092,0.105, -0.381, -0.107,-0.131, -0.718, -0.302,0.091, -0.702, -0.305
193219,18.081, 4.032,22,74,19,29,21,61,4,5,22,15,-0.185, 0.471, 0.131,0.159, 0.499, 0.100,-0.234, 0.231, 0.119,0.327, 0.410, 0.178,-0.284, 0.008, 0.194,0.421, 0.501, 0.373,-0.115, -0.002, 0.004,0.115, 0.003, -0.005,-0.089, -0.408, -0.093,0.106, -0.382, -0.110,-0.133, -0.721, -0.301,0.092, -0.705, -0.306
193219,17.825, 3.687,22,72,21,30,21,62,4,5,22,15,-0.186, 0.473, 0.127,0.158, 0.497, 0.097,-0.234, 0.232, 0.113,0.323, 0.403, 0.176,-0.282, 0.008, 0.187,0.417, 0.492, 0.374,-0.115, -0.002, 0.004,0.115, 0.003, -0.005,-0.090, -0.409, -0.093,0.107, -0.382, -0.112,-0.135, -0.723, -0.301,0.092, -0.706, -0.308
193219,17.702, 1.965,21,65,22,30,22,62,5,5,22,15,-0.186, 0.476, 0.127,0.157, 0.495, 0.098,-0.231, 0.234, 0.113,0.313, 0.378, 0.173,-0.278, 0.010, 0.191,0.415, 0.449, 0.375,-0.115, -0.003, 0.003,0.115, 0.003, -0.004,-0.090, -0.411, -0.091,0.112, -0.383, -0.110,-0.134, -0.724, -0.295,0.096, -0.709, -0.305
193219,17.720, 1.653,21,63,22,29,22,64,5,5,22,15,-0.187, 0.478, 0.127,0.156, 0.494, 0.098,-0.230, 0.235, 0.113,0.312, 0.370, 0.171,-0.276, 0.012, 0.194,0.415, 0.441, 0.374,-0.115, -0.003, 0.003,0.115, 0.003, -0.004,-0.090, -0.411, -0.089,0.114, -0.383, -0.110,-0.134, -0.725, -0.292,0.096, -0.710, -0.305
193220,17.371, 0.124,20,59,29,29,25,63,4,5,22,15,-0.188, 0.481, 0.119,0.156, 0.493, 0.096,-0.231, 0.238, 0.098,0.306, 0.353, 0.168,-0.276, 0.014, 0.182,0.409, 0.403, 0.378,-0.115, -0.003, 0.002,0.115, 0.003, -0.003,-0.090, -0.411, -0.092,0.113, -0.383, -0.108,-0.137, -0.725, -0.292,0.093, -0.713, -0.299
193220,17.251, -0.101,19,58,30,28,25,64,4,5,22,14,-0.188, 0.482, 0.114,0.156, 0.493, 0.095,-0.231, 0.239, 0.091,0.304, 0.348, 0.166,-0.276, 0.015, 0.176,0.407, 0.397, 0.379,-0.115, -0.003, 0.002,0.115, 0.003, -0.003,-0.090, -0.411, -0.092,0.112, -0.383, -0.107,-0.138, -0.726, -0.291,0.091, -0.715, -0.297
193220,17.194, -0.139,19,57,31,28,25,64,5,5,21,14,-0.188, 0.483, 0.110,0.156, 0.492, 0.092,-0.231, 0.240, 0.087,0.302, 0.346, 0.162,-0.276, 0.015, 0.171,0.406, 0.397, 0.378,-0.115, -0.003, 0.002,0.115, 0.003, -0.002,-0.090, -0.411, -0.092,0.111, -0.384, -0.104,-0.139, -0.727, -0.288,0.089, -0.718, -0.290
193220,16.957, -0.989,19,53,31,30,25,63,4,5,21,14,-0.188, 0.485, 0.105,0.157, 0.491, 0.088,-0.231, 0.241, 0.082,0.290, 0.335, 0.157,-0.276, 0.016, 0.164,0.401, 0.375, 0.378,-0.115, -0.003, 0.001,0.115, 0.003, -0.002,-0.089, -0.412, -0.091,0.112, -0.384, -0.102,-0.137, -0.729, -0.285,0.089, -0.718, -0.284
193220,16.856, -1.130,19,52,31,30,24,64,4,5,21,14,-0.189, 0.486, 0.104,0.157, 0.491, 0.086,-0.231, 0.242, 0.082,0.285, 0.333, 0.154,-0.276, 0.016, 0.163,0.400, 0.372, 0.377,-0.115, -0.003, 0.001,0.115, 0.003, -0.002,-0.088, -0.413, -0.090,0.112, -0.384, -0.100,-0.136, -0.731, -0.282,0.090, -0.719, -0.279
193220,16.677, -2.458,18,48,34,29,25,63,4,5,22,15,-0.188, 0.486, 0.108,0.159, 0.488, 0.096,-0.226, 0.242, 0.083,0.279, 0.317, 0.159,-0.275, 0.019, 0.165,0.396, 0.339, 0.386,-0.115, -0.003, 0.001,0.115, 0.003, -0.002,-0.085, -0.413, -0.093,0.115, -0.384, -0.102,-0.132, -0.730, -0.293,0.090, -0.718, -0.288
193220,16.661, -2.684,17,48,37,29,26,64,3,6,22,15,-0.186, 0.486, 0.110,0.161, 0.486, 0.101,-0.222, 0.242, 0.084,0.278, 0.313, 0.162,-0.273, 0.020, 0.166,0.396, 0.333, 0.390,-0.115, -0.003, 0.000,0.115, 0.003, -0.001,-0.084, -0.413, -0.096,0.117, -0.383, -0.104,-0.130, -0.729, -0.300,0.091, -0.716, -0.296
193220,16.641, -3.299,17,46,38,28,26,65,3,6,22,15,-0.186, 0.486, 0.117,0.162, 0.483, 0.106,-0.221, 0.243, 0.090,0.276, 0.302, 0.163,-0.272, 0.023, 0.172,0.396, 0.318, 0.389,-0.115, -0.003, 0.000,0.115, 0.003, -0.001,-0.083, -0.413, -0.095,0.119, -0.383, -0.104,-0.129, -0.729, -0.300,0.096, -0.716, -0.296
193220,16.619, -3.474,17,46,39,28,26,65,3,6,22,15,-0.185, 0.486, 0.118,0.162, 0.481, 0.106,-0.221, 0.244, 0.090,0.275, 0.299, 0.163,-0.272, 0.025, 0.172,0.395, 0.313, 0.388,-0.115, -0.003, 0.000,0.115, 0.003, -0.001,-0.083, -0.413, -0.095,0.119, -0.383, -0.104,-0.129, -0.729, -0.299,0.098, -0.716, -0.297
193220,16.597, -3.869,17,44,42,28,26,64,3,6,21,14,-0.184, 0.486, 0.122,0.164, 0.481, 0.110,-0.220, 0.244, 0.091,0.270, 0.297, 0.163,-0.273, 0.025, 0.170,0.395, 0.303, 0.383,-0.115, -0.003, 0.000,0.115, 0.003, -0.001,-0.083, -0.412, -0.095,0.119, -0.383, -0.104,-0.129, -0.730, -0.293,0.098, -0.717, -0.288
193220,16.591, -3.932,17,44,44,27,26,64,3,6,21,14,-0.183, 0.486, 0.125,0.164, 0.480, 0.112,-0.219, 0.244, 0.092,0.269, 0.297, 0.163,-0.273, 0.025, 0.169,0.395, 0.302, 0.381,-0.115, -0.003, 0.000,0.115, 0.003, -0.001,-0.083, -0.412, -0.095,0.119, -0.383, -0.104,-0.128, -0.730, -0.291,0.098, -0.717, -0.285
193220,16.482, -4.018,17,43,42,28,26,64,3,6,20,13,-0.183, 0.486, 0.125,0.164, 0.480, 0.112,-0.220, 0.244, 0.094,0.267, 0.296, 0.163,-0.274, 0.025, 0.172,0.393, 0.300, 0.381,-0.115, -0.003, 0.001,0.115, 0.003, -0.001,-0.082, -0.414, -0.090,0.119, -0.384, -0.102,-0.127, -0.735, -0.276,0.098, -0.719, -0.278
193220,16.426, -4.021,17,43,41,28,26,64,3,6,20,13,-0.183, 0.485, 0.125,0.164, 0.480, 0.112,-0.221, 0.244, 0.095,0.267, 0.296, 0.162,-0.275, 0.026, 0.172,0.392, 0.299, 0.381,-0.115, -0.003, 0.001,0.115, 0.003, -0.001,-0.082, -0.414, -0.088,0.119, -0.384, -0.101,-0.126, -0.737, -0.272,0.098, -0.719, -0.275
193220,16.390, -4.019,18,43,40,28,26,65,3,6,20,13,-0.183, 0.485, 0.125,0.164, 0.480, 0.112,-0.221, 0.244, 0.096,0.266, 0.296, 0.162,-0.275, 0.026, 0.173,0.391, 0.300, 0.381,-0.115, -0.003, 0.001,0.115, 0.004, -0.002,-0.082, -0.415, -0.087,0.119, -0.384, -0.100,-0.125, -0.738, -0.270,0.098, -0.720, -0.273
193220,15.933, -4.258,17,43,44,29,25,64,3,6,21,13,-0.183, 0.486, 0.122,0.164, 0.480, 0.112,-0.220, 0.245, 0.088,0.264, 0.294, 0.165,-0.275, 0.026, 0.157,0.383, 0.294, 0.386,-0.115, -0.003, 0.000,0.115, 0.004, -0.001,-0.082, -0.415, -0.090,0.118, -0.384, -0.100,-0.125, -0.738, -0.279,0.099, -0.720, -0.275
193220,15.737, -4.350,17,43,45,30,25,63,3,6,21,13,-0.183, 0.486, 0.120,0.164, 0.480, 0.111,-0.220, 0.245, 0.084,0.263, 0.293, 0.166,-0.275, 0.027, 0.152,0.380, 0.291, 0.389,-0.115, -0.003, 0.000,0.115, 0.004, 0.000,-0.082, -0.415, -0.091,0.118, -0.384, -0.100,-0.125, -0.738, -0.283,0.099, -0.720, -0.277
193220,15.045, -4.322,16,43,47,30,25,64,3,6,21,14,-0.183, 0.488, 0.112,0.164, 0.481, 0.109,-0.220, 0.248, 0.072,0.263, 0.294, 0.167,-0.276, 0.029, 0.135,0.367, 0.292, 0.392,-0.115, -0.003, -0.001,0.115, 0.004, 0.000,-0.082, -0.412, -0.096,0.117, -0.383, -0.102,-0.125, -0.733, -0.299,0.097, -0.717, -0.284
193220,14.811, -4.313,16,43,47,30,25,64,3,6,22,14,-0.183, 0.488, 0.108,0.165, 0.481, 0.108,-0.220, 0.249, 0.068,0.263, 0.294, 0.167,-0.276, 0.030, 0.131,0.363, 0.292, 0.393,-0.115, -0.003, -0.001,0.115, 0.003, 0.000,-0.083, -0.411, -0.098,0.116, -0.383, -0.103,-0.125, -0.731, -0.305,0.095, -0.715, -0.288
193220,13.470, -4.470,16,44,47,32,26,63,3,6,22,14,-0.183, 0.489, 0.096,0.164, 0.484, 0.102,-0.220, 0.251, 0.055,0.263, 0.296, 0.168,-0.275, 0.031, 0.121,0.339, 0.288, 0.404,-0.115, -0.003, -0.001,0.115, 0.004, 0.000,-0.082, -0.410, -0.099,0.115, -0.382, -0.107,-0.125, -0.728, -0.303,0.095, -0.714, -0.298
193220,13.102, -4.542,16,44,46,34,26,62,4,7,22,14,-0.183, 0.489, 0.092,0.164, 0.486, 0.099,-0.221, 0.252, 0.050,0.262, 0.297, 0.169,-0.274, 0.031, 0.118,0.333, 0.286, 0.408,-0.115, -0.004, -0.001,0.115, 0.004, 0.001,-0.082, -0.410, -0.099,0.114, -0.381, -0.109,-0.125, -0.726, -0.303,0.096, -0.713, -0.302
193220,12.018, -4.568,16,43,49,37,26,61,4,6,21,14,-0.184, 0.489, 0.088,0.160, 0.488, 0.094,-0.220, 0.252, 0.045,0.254, 0.300, 0.167,-0.273, 0.031, 0.107,0.314, 0.286, 0.407,-0.115, -0.004, -0.001,0.115, 0.004, 0.001,-0.084, -0.410, -0.097,0.114, -0.382, -0.105,-0.129, -0.727, -0.296,0.095, -0.715, -0.293
193220,11.721, -4.620,16,43,49,38,25,61,4,6,21,14,-0.185, 0.489, 0.086,0.158, 0.490, 0.091,-0.220, 0.252, 0.042,0.251, 0.301, 0.166,-0.273, 0.030, 0.104,0.308, 0.285, 0.406,-0.115, -0.004, -0.001,0.115, 0.004, 0.001,-0.085, -0.410, -0.096,0.113, -0.382, -0.102,-0.132, -0.727, -0.293,0.096, -0.716, -0.287
193221,11.596, -4.670,16,42,50,38,25,60,5,6,21,14,-0.185, 0.489, 0.085,0.157, 0.490, 0.090,-0.220, 0.252, 0.041,0.249, 0.301, 0.166,-0.272, 0.030, 0.102,0.306, 0.283, 0.406,-0.115, -0.004, -0.002,0.115, 0.004, 0.001,-0.087, -0.410, -0.095,0.113, -0.382, -0.100,-0.134, -0.727, -0.292,0.096, -0.717, -0.284
193221,11.475, -4.918,16,43,49,38,25,60,5,6,22,15,-0.185, 0.490, 0.086,0.157, 0.490, 0.093,-0.221, 0.252, 0.042,0.252, 0.297, 0.170,-0.273, 0.032, 0.104,0.304, 0.277, 0.410,-0.115, -0.004, -0.002,0.115, 0.004, 0.001,-0.087, -0.408, -0.096,0.112, -0.382, -0.102,-0.134, -0.725, -0.296,0.095, -0.713, -0.293
193221,11.458, -5.032,16,43,48,37,25,61,5,6,22,15,-0.185, 0.490, 0.086,0.157, 0.489, 0.095,-0.221, 0.253, 0.043,0.253, 0.294, 0.173,-0.273, 0.032, 0.105,0.304, 0.274, 0.412,-0.115, -0.004, -0.002,0.115, 0.004, 0.001,-0.087, -0.407, -0.097,0.111, -0.381, -0.104,-0.134, -0.724, -0.298,0.095, -0.712, -0.297
193221,11.325, -5.053,16,43,49,37,25,61,5,6,22,15,-0.185, 0.490, 0.086,0.157, 0.489, 0.095,-0.221, 0.253, 0.041,0.252, 0.293, 0.172,-0.273, 0.033, 0.102,0.301, 0.274, 0.412,-0.115, -0.004, -0.002,0.115, 0.005, 0.001,-0.087, -0.407, -0.096,0.111, -0.381, -0.105,-0.137, -0.723, -0.297,0.093, -0.711, -0.300
193221,11.254, -5.060,16,42,50,37,25,61,5,6,22,15,-0.185, 0.490, 0.086,0.157, 0.489, 0.094,-0.220, 0.253, 0.040,0.252, 0.293, 0.172,-0.272, 0.033, 0.100,0.300, 0.273, 0.411,-0.115, -0.004, -0.002,0.115, 0.005, 0.001,-0.087, -0.407, -0.096,0.111, -0.381, -0.106,-0.138, -0.723, -0.297,0.092, -0.711, -0.303
193221,11.338, -4.815,16,43,51,38,26,60,5,6,22,15,-0.185, 0.491, 0.086,0.157, 0.490, 0.094,-0.220, 0.254, 0.041,0.251, 0.301, 0.172,-0.272, 0.033, 0.101,0.302, 0.280, 0.412,-0.115, -0.004, -0.002,0.115, 0.005, 0.001,-0.087, -0.406, -0.096,0.111, -0.381, -0.108,-0.137, -0.722, -0.297,0.092, -0.711, -0.303
193221,11.391, -4.686,16,44,51,38,26,59,5,6,22,14,-0.185, 0.492, 0.087,0.157, 0.491, 0.094,-0.220, 0.254, 0.041,0.251, 0.305, 0.172,-0.271, 0.033, 0.101,0.303, 0.283, 0.412,-0.115, -0.004, -0.002,0.115, 0.005, 0.001,-0.087, -0.406, -0.096,0.111, -0.381, -0.109,-0.137, -0.721, -0.297,0.092, -0.711, -0.303
193221,11.673, -4.260,16,44,52,38,25,60,5,6,21,14,-0.187, 0.492, 0.086,0.156, 0.491, 0.094,-0.221, 0.254, 0.040,0.251, 0.307, 0.174,-0.273, 0.032, 0.097,0.308, 0.293, 0.413,-0.115, -0.004, -0.003,0.115, 0.005, 0.002,-0.089, -0.406, -0.102,0.108, -0.381, -0.108,-0.138, -0.721, -0.303,0.089, -0.710, -0.301
193221,11.874, -4.080,16,45,52,38,24,60,6,6,21,14,-0.187, 0.492, 0.086,0.155, 0.490, 0.095,-0.221, 0.254, 0.039,0.250, 0.308, 0.175,-0.275, 0.032, 0.091,0.311, 0.298, 0.413,-0.115, -0.004, -0.003,0.115, 0.004, 0.002,-0.090, -0.405, -0.104,0.107, -0.380, -0.108,-0.139, -0.721, -0.305,0.087, -0.710, -0.300
193221,12.544, -3.929,16,45,52,38,24,60,5,5,21,14,-0.187, 0.490, 0.087,0.155, 0.489, 0.097,-0.222, 0.253, 0.039,0.252, 0.308, 0.178,-0.276, 0.029, 0.091,0.323, 0.302, 0.415,-0.115, -0.004, -0.003,0.115, 0.004, 0.002,-0.089, -0.406, -0.104,0.107, -0.381, -0.107,-0.137, -0.722, -0.306,0.088, -0.710, -0.299
193221,12.839, -3.896,16,46,53,37,24,60,5,5,21,14,-0.187, 0.490, 0.089,0.156, 0.488, 0.099,-0.222, 0.252, 0.040,0.253, 0.308, 0.179,-0.277, 0.028, 0.092,0.328, 0.303, 0.417,-0.115, -0.004, -0.003,0.115, 0.004, 0.003,-0.088, -0.406, -0.104,0.107, -0.381, -0.106,-0.135, -0.722, -0.308,0.088, -0.710, -0.299
193221,13.018, -3.884,16,46,53,37,25,60,5,5,21,14,-0.187, 0.489, 0.091,0.156, 0.487, 0.101,-0.222, 0.252, 0.041,0.255, 0.308, 0.180,-0.277, 0.027, 0.095,0.331, 0.303, 0.417,-0.115, -0.004, -0.004,0.115, 0.004, 0.003,-0.087, -0.407, -0.104,0.108, -0.381, -0.106,-0.133, -0.722, -0.308,0.089, -0.710, -0.299
193221,13.460, -3.127,16,47,52,37,25,62,5,6,21,14,-0.187, 0.488, 0.092,0.156, 0.487, 0.097,-0.223, 0.251, 0.043,0.258, 0.311, 0.177,-0.277, 0.027, 0.097,0.339, 0.322, 0.414,-0.115, -0.004, -0.003,0.115, 0.004, 0.002,-0.087, -0.407, -0.104,0.108, -0.382, -0.107,-0.133, -0.723, -0.308,0.089, -0.711, -0.301
193221,13.643, -2.888,16,47,52,37,24,62,5,6,21,14,-0.187, 0.488, 0.092,0.156, 0.487, 0.094,-0.224, 0.251, 0.045,0.260, 0.313, 0.175,-0.278, 0.027, 0.099,0.343, 0.328, 0.412,-0.115, -0.004, -0.003,0.115, 0.004, 0.002,-0.088, -0.407, -0.104,0.108, -0.382, -0.108,-0.133, -0.723, -0.308,0.089, -0.712, -0.303
193221,13.907, -2.127,16,49,52,36,24,64,5,6,21,15,-0.187, 0.488, 0.092,0.156, 0.487, 0.094,-0.224, 0.250, 0.045,0.264, 0.320, 0.175,-0.278, 0.026, 0.099,0.347, 0.347, 0.412,-0.115, -0.004, -0.003,0.115, 0.004, 0.002,-0.087, -0.409, -0.103,0.109, -0.383, -0.111,-0.130, -0.723, -0.307,0.089, -0.712, -0.310
193221,14.017, -1.946,16,50,52,36,24,64,4,7,21,15,-0.187, 0.488, 0.093,0.156, 0.487, 0.094,-0.224, 0.250, 0.045,0.266, 0.323, 0.175,-0.278, 0.026, 0.099,0.349, 0.351, 0.413,-0.115, -0.004, -0.003,0.115, 0.004, 0.002,-0.086, -0.410, -0.103,0.110, -0.383, -0.112,-0.128, -0.723, -0.306,0.089, -0.712, -0.314
193221,14.154, -1.248,17,53,51,34,23,62,5,7,21,15,-0.187, 0.487, 0.093,0.156, 0.488, 0.093,-0.226, 0.250, 0.045,0.274, 0.336, 0.176,-0.279, 0.024, 0.095,0.352, 0.369, 0.413,-0.115, -0.004, -0.003,0.115, 0.004, 0.002,-0.086, -0.410, -0.104,0.110, -0.383, -0.112,-0.128, -0.723, -0.307,0.089, -0.713, -0.314
193221,14.213, -1.048,17,55,50,34,23,62,5,7,21,15,-0.188, 0.487, 0.093,0.155, 0.488, 0.093,-0.227, 0.250, 0.045,0.278, 0.342, 0.176,-0.280, 0.022, 0.094,0.353, 0.374, 0.413,-0.115, -0.004, -0.003,0.115, 0.004, 0.002,-0.086, -0.410, -0.104,0.109, -0.384, -0.112,-0.128, -0.723, -0.306,0.089, -0.714, -0.313
193221,14.191, -0.456,17,57,48,33,24,64,5,7,22,15,-0.188, 0.486, 0.093,0.155, 0.490, 0.089,-0.228, 0.250, 0.048,0.285, 0.347, 0.175,-0.280, 0.021, 0.107,0.352, 0.389, 0.411,-0.115, -0.004, -0.002,0.115, 0.005, 0.001,-0.087, -0.410, -0.098,0.110, -0.384, -0.115,-0.130, -0.721, -0.305,0.088, -0.714, -0.323
193221,14.174, -0.313,17,57,47,33,25,64,4,7,23,16,-0.188, 0.486, 0.093,0.155, 0.492, 0.088,-0.229, 0.250, 0.050,0.288, 0.349, 0.174,-0.280, 0.020, 0.112,0.352, 0.392, 0.410,-0.115, -0.004, -0.002,0.115, 0.005, 0.001,-0.088, -0.410, -0.095,0.110, -0.385, -0.116,-0.132, -0.719, -0.303,0.088, -0.714, -0.327
193221,14.157, -0.261,18,57,47,34,25,64,5,7,23,16,-0.188, 0.486, 0.093,0.155, 0.493, 0.087,-0.229, 0.249, 0.051,0.289, 0.350, 0.174,-0.280, 0.019, 0.114,0.352, 0.393, 0.409,-0.115, -0.004, -0.001,0.115, 0.005, 0.001,-0.088, -0.410, -0.094,0.110, -0.385, -0.117,-0.133, -0.718, -0.303,0.088, -0.715, -0.329
193221,14.100, 0.175,18,58,44,32,25,68,4,8,23,16,-0.187, 0.484, 0.097,0.156, 0.492, 0.088,-0.229, 0.248, 0.058,0.298, 0.349, 0.175,-0.279, 0.017, 0.124,0.351, 0.404, 0.408,-0.115, -0.004, -0.001,0.115, 0.005, 0.000,-0.088, -0.410, -0.094,0.113, -0.385, -0.120,-0.132, -0.718, -0.305,0.091, -0.714, -0.334
193222,14.067, 0.316,18,59,44,32,24,69,4,8,23,16,-0.187, 0.482, 0.099,0.156, 0.492, 0.089,-0.229, 0.247, 0.061,0.301, 0.349, 0.175,-0.279, 0.015, 0.128,0.350, 0.408, 0.407,-0.115, -0.004, -0.001,0.115, 0.005, 0.000,-0.088, -0.410, -0.094,0.114, -0.385, -0.121,-0.132, -0.718, -0.306,0.093, -0.714, -0.335
193222,14.000, 1.134,18,61,42,32,24,71,4,8,23,15,-0.187, 0.482, 0.103,0.156, 0.492, 0.090,-0.230, 0.247, 0.066,0.304, 0.359, 0.176,-0.279, 0.015, 0.131,0.349, 0.428, 0.405,-0.115, -0.004, -0.001,0.115, 0.005, 0.000,-0.087, -0.410, -0.099,0.114, -0.386, -0.122,-0.129, -0.718, -0.310,0.092, -0.714, -0.334
193222,13.956, 1.340,19,62,41,32,23,71,4,8,22,15,-0.187, 0.481, 0.105,0.156, 0.492, 0.090,-0.231, 0.247, 0.069,0.305, 0.362, 0.176,-0.279, 0.015, 0.133,0.348, 0.433, 0.404,-0.115, -0.004, -0.001,0.115, 0.005, 0.000,-0.086, -0.410, -0.102,0.114, -0.386, -0.123,-0.128, -0.719, -0.313,0.091, -0.714, -0.334
193222,13.949, 1.609,19,64,41,31,23,71,4,8,23,15,-0.187, 0.481, 0.105,0.156, 0.493, 0.090,-0.231, 0.246, 0.070,0.310, 0.368, 0.176,-0.279, 0.014, 0.133,0.348, 0.440, 0.399,-0.115, -0.005, 0.000,0.115, 0.005, 0.000,-0.086, -0.412, -0.099,0.114, -0.387, -0.123,-0.128, -0.719, -0.312,0.091, -0.715, -0.333
193222,13.941, 1.729,19,65,41,31,23,71,4,8,23,15,-0.187, 0.481, 0.105,0.155, 0.493, 0.089,-0.231, 0.246, 0.071,0.312, 0.371, 0.176,-0.279, 0.013, 0.134,0.348, 0.443, 0.396,-0.115, -0.005, 0.000,0.115, 0.005, -0.001,-0.086, -0.412, -0.098,0.114, -0.388, -0.122,-0.128, -0.719, -0.311,0.091, -0.715, -0.333
193222,13.930, 2.372,19,67,41,31,22,71,4,8,23,16,-0.187, 0.480, 0.105,0.156, 0.494, 0.089,-0.231, 0.245, 0.068,0.315, 0.381, 0.177,-0.281, 0.012, 0.128,0.348, 0.459, 0.396,-0.115, -0.005, 0.000,0.115, 0.005, -0.001,-0.086, -0.412, -0.097,0.112, -0.387, -0.125,-0.126, -0.719, -0.311,0.090, -0.713, -0.340
193222,13.908, 2.508,19,68,42,31,22,71,4,8,23,16,-0.187, 0.479, 0.104,0.156, 0.494, 0.089,-0.232, 0.244, 0.066,0.317, 0.384, 0.178,-0.282, 0.011, 0.124,0.347, 0.463, 0.396,-0.115, -0.005, 0.000,0.115, 0.005, -0.001,-0.085, -0.412, -0.097,0.112, -0.387, -0.126,-0.124, -0.719, -0.310,0.089, -0.712, -0.344
193222,13.873, 2.525,19,68,43,31,22,71,4,8,23,16,-0.187, 0.479, 0.103,0.157, 0.495, 0.089,-0.232, 0.244, 0.064,0.317, 0.385, 0.178,-0.282, 0.011, 0.121,0.347, 0.463, 0.396,-0.115, -0.005, 0.000,0.115, 0.005, -0.001,-0.085, -0.412, -0.097,0.111, -0.387, -0.128,-0.124, -0.719, -0.310,0.089, -0.711, -0.347
193222,14.046, 3.281,19,69,40,30,22,73,4,8,23,16,-0.185, 0.479, 0.103,0.157, 0.495, 0.089,-0.232, 0.243, 0.066,0.321, 0.390, 0.178,-0.282, 0.010, 0.124,0.350, 0.482, 0.390,-0.115, -0.005, 0.000,0.115, 0.005, -0.001,-0.084, -0.412, -0.096,0.111, -0.387, -0.126,-0.122, -0.720, -0.309,0.090, -0.711, -0.340
193222,14.139, 3.467,19,70,38,30,21,74,3,8,23,15,-0.185, 0.479, 0.104,0.158, 0.495, 0.089,-0.232, 0.243, 0.069,0.322, 0.391, 0.178,-0.282, 0.010, 0.128,0.351, 0.487, 0.388,-0.115, -0.005, 0.000,0.115, 0.005, -0.001,-0.084, -0.412, -0.095,0.111, -0.388, -0.123,-0.121, -0.722, -0.308,0.090, -0.711, -0.334
193222,14.169, 3.761,19,72,37,31,21,72,3,8,23,15,-0.185, 0.479, 0.104,0.157, 0.495, 0.090,-0.234, 0.244, 0.069,0.322, 0.398, 0.181,-0.283, 0.010, 0.126,0.352, 0.494, 0.389,-0.115, -0.005, 0.000,0.115, 0.005, -0.001,-0.084, -0.412, -0.094,0.111, -0.387, -0.126,-0.121, -0.722, -0.304,0.090, -0.711, -0.339
193222,14.178, 3.829,20,73,37,31,21,71,3,8,23,15,-0.186, 0.479, 0.105,0.157, 0.495, 0.091,-0.235, 0.244, 0.069,0.321, 0.401, 0.183,-0.283, 0.010, 0.126,0.352, 0.496, 0.390,-0.115, -0.005, 0.000,0.115, 0.005, -0.001,-0.083, -0.412, -0.092,0.111, -0.387, -0.127,-0.121, -0.722, -0.302,0.090, -0.710, -0.342
193222,14.374, 4.387,20,74,34,30,20,73,3,7,24,15,-0.185, 0.477, 0.115,0.158, 0.495, 0.095,-0.235, 0.240, 0.085,0.326, 0.406, 0.184,-0.283, 0.009, 0.142,0.356, 0.510, 0.388,-0.115, -0.005, 0.001,0.115, 0.005, -0.001,-0.083, -0.412, -0.093,0.111, -0.387, -0.128,-0.121, -0.721, -0.308,0.091, -0.710, -0.343
193222,14.435, 4.514,20,75,33,30,20,73,3,7,24,15,-0.185, 0.475, 0.118,0.158, 0.495, 0.097,-0.235, 0.239, 0.089,0.328, 0.408, 0.184,-0.283, 0.008, 0.146,0.357, 0.513, 0.386,-0.115, -0.005, 0.001,0.115, 0.005, -0.002,-0.083, -0.411, -0.093,0.111, -0.387, -0.128,-0.121, -0.721, -0.311,0.092, -0.710, -0.343
193222,14.933, 5.044,21,76,28,30,21,73,3,6,24,16,-0.185, 0.474, 0.119,0.158, 0.495, 0.097,-0.235, 0.237, 0.095,0.331, 0.413, 0.184,-0.283, 0.007, 0.160,0.365, 0.526, 0.381,-0.115, -0.005, 0.001,0.115, 0.005, -0.002,-0.084, -0.411, -0.091,0.111, -0.388, -0.120,-0.122, -0.721, -0.309,0.092, -0.710, -0.329
193222,15.148, 5.207,21,77,27,29,21,72,4,6,24,16,-0.185, 0.474, 0.118,0.158, 0.495, 0.097,-0.236, 0.237, 0.096,0.332, 0.415, 0.184,-0.283, 0.006, 0.163,0.369, 0.530, 0.378,-0.115, -0.005, 0.001,0.115, 0.005, -0.002,-0.085, -0.412, -0.090,0.111, -0.388, -0.116,-0.123, -0.722, -0.308,0.092, -0.711, -0.323
193222,15.233, 5.274,21,77,26,29,21,72,4,6,24,16,-0.185, 0.474, 0.118,0.158, 0.495, 0.097,-0.236, 0.236, 0.097,0.333, 0.417, 0.184,-0.283, 0.006, 0.164,0.371, 0.532, 0.377,-0.115, -0.004, 0.001,0.115, 0.005, -0.002,-0.086, -0.412, -0.089,0.111, -0.388, -0.114,-0.123, -0.722, -0.308,0.092, -0.711, -0.321
193222,15.513, 5.731,21,80,27,29,21,70,4,6,24,17,-0.185, 0.474, 0.118,0.158, 0.496, 0.097,-0.235, 0.236, 0.096,0.333, 0.428, 0.183,-0.283, 0.005, 0.163,0.376, 0.543, 0.374,-0.115, -0.004, 0.001,0.115, 0.005, -0.002,-0.085, -0.412, -0.090,0.111, -0.388, -0.115,-0.121, -0.722, -0.312,0.092, -0.708, -0.326
193222,15.652, 5.867,21,81,27,29,20,69,4,6,25,17,-0.185, 0.474, 0.118,0.158, 0.496, 0.097,-0.234, 0.235, 0.096,0.334, 0.431, 0.183,-0.282, 0.005, 0.162,0.378, 0.547, 0.373,-0.115, -0.004, 0.001,0.115, 0.005, -0.002,-0.085, -0.412, -0.090,0.112, -0.388, -0.115,-0.120, -0.722, -0.314,0.092, -0.706, -0.328
193222,15.880, 6.199,21,82,25,29,20,67,4,6,25,17,-0.185, 0.474, 0.119,0.158, 0.497, 0.097,-0.234, 0.235, 0.099,0.334, 0.439, 0.183,-0.283, 0.005, 0.167,0.382, 0.555, 0.372,-0.115, -0.004, 0.001,0.115, 0.005, -0.002,-0.085, -0.412, -0.090,0.112, -0.388, -0.115,-0.120, -0.721, -0.314,0.092, -0.706, -0.328
193222,15.981, 6.289,21,83,25,29,20,66,4,6,25,17,-0.185, 0.474, 0.119,0.158, 0.498, 0.097,-0.234, 0.234, 0.100,0.334, 0.442, 0.183,-0.283, 0.004, 0.168,0.384, 0.557, 0.372,-0.115, -0.004, 0.001,0.115, 0.005, -0.002,-0.085, -0.412, -0.090,0.113, -0.388, -0.115,-0.120, -0.721, -0.314,0.092, -0.706, -0.328
193222,16.675, 6.963,21,86,24,29,20,63,4,6,25,17,-0.185, 0.473, 0.120,0.158, 0.499, 0.097,-0.234, 0.233, 0.101,0.337, 0.454, 0.182,-0.283, 0.004, 0.169,0.396, 0.574, 0.369,-0.115, -0.004, 0.002,0.115, 0.005, -0.002,-0.085, -0.412, -0.090,0.111, -0.387, -0.118,-0.121, -0.720, -0.316,0.089, -0.704, -0.333
193222,16.920, 7.151,21,87,23,28,20,62,4,6,25,18,-0.185, 0.473, 0.120,0.158, 0.500, 0.097,-0.234, 0.233, 0.102,0.339, 0.458, 0.182,-0.283, 0.003, 0.169,0.401, 0.579, 0.368,-0.115, -0.004, 0.002,0.115, 0.005, -0.003,-0.085, -0.411, -0.091,0.110, -0.387, -0.119,-0.121, -0.719, -0.317,0.087, -0.703, -0.336
193223,17.020, 7.223,21,87,23,28,19,61,4,6,25,18,-0.185, 0.473, 0.120,0.158, 0.500, 0.098,-0.234, 0.232, 0.102,0.340, 0.459, 0.182,-0.283, 0.003, 0.169,0.403, 0.581, 0.367,-0.115, -0.004, 0.002,0.115, 0.005, -0.003,-0.085, -0.411, -0.091,0.109, -0.387, -0.120,-0.121, -0.719, -0.317,0.086, -0.703, -0.337
193223,17.384, 7.189,20,87,25,27,20,60,3,6,25,18,-0.185, 0.473, 0.115,0.159, 0.500, 0.097,-0.231, 0.231, 0.096,0.342, 0.459, 0.182,-0.282, 0.001, 0.163,0.409, 0.580, 0.366,-0.115, -0.004, 0.002,0.115, 0.005, -0.003,-0.085, -0.412, -0.091,0.110, -0.387, -0.117,-0.121, -0.720, -0.318,0.089, -0.703, -0.333
193223,17.539, 7.183,20,87,26,27,20,60,3,6,25,18,-0.184, 0.473, 0.113,0.159, 0.501, 0.097,-0.230, 0.230, 0.093,0.343, 0.459, 0.182,-0.281, 0.000, 0.161,0.412, 0.580, 0.365,-0.115, -0.004, 0.001,0.115, 0.005, -0.002,-0.086, -0.413, -0.091,0.110, -0.387, -0.115,-0.121, -0.720, -0.318,0.091, -0.704, -0.331
193223,17.523, 7.131,20,86,25,28,20,61,4,6,25,18,-0.185, 0.473, 0.112,0.159, 0.502, 0.090,-0.230, 0.230, 0.093,0.343, 0.459, 0.174,-0.281, 0.000, 0.162,0.412, 0.578, 0.361,-0.115, -0.004, 0.002,0.115, 0.005, -0.003,-0.086, -0.413, -0.091,0.110, -0.387, -0.115,-0.122, -0.720, -0.315,0.091, -0.704, -0.329
193223,17.508, 7.093,20,86,25,28,20,61,4,7,25,18,-0.185, 0.473, 0.111,0.159, 0.503, 0.087,-0.231, 0.230, 0.093,0.342, 0.459, 0.170,-0.281, -0.001, 0.162,0.411, 0.577, 0.359,-0.115, -0.004, 0.002,0.115, 0.005, -0.003,-0.086, -0.413, -0.090,0.110, -0.387, -0.115,-0.122, -0.720, -0.313,0.092, -0.704, -0.329
193223,17.719, 6.989,21,85,21,27,21,61,4,6,25,18,-0.185, 0.471, 0.115,0.159, 0.502, 0.090,-0.231, 0.228, 0.100,0.343, 0.455, 0.171,-0.281, -0.001, 0.175,0.415, 0.575, 0.359,-0.115, -0.004, 0.002,0.115, 0.005, -0.003,-0.086, -0.413, -0.087,0.110, -0.387, -0.111,-0.123, -0.720, -0.311,0.091, -0.705, -0.323
193223,17.823, 6.922,21,85,20,27,21,61,4,5,26,18,-0.185, 0.470, 0.117,0.159, 0.501, 0.092,-0.231, 0.227, 0.104,0.344, 0.453, 0.171,-0.281, -0.001, 0.181,0.417, 0.573, 0.359,-0.115, -0.004, 0.002,0.115, 0.005, -0.003,-0.087, -0.413, -0.084,0.110, -0.387, -0.108,-0.123, -0.720, -0.309,0.090, -0.706, -0.318
193223,17.929, 6.558,21,84,19,27,21,62,4,5,25,18,-0.184, 0.470, 0.121,0.162, 0.500, 0.095,-0.231, 0.226, 0.108,0.344, 0.447, 0.172,-0.280, -0.002, 0.188,0.419, 0.564, 0.360,-0.115, -0.004, 0.002,0.115, 0.005, -0.003,-0.087, -0.414, -0.083,0.110, -0.387, -0.107,-0.123, -0.721, -0.306,0.091, -0.707, -0.313
193223,17.975, 6.361,21,83,19,27,21,63,4,5,25,17,-0.184, 0.470, 0.124,0.163, 0.499, 0.097,-0.230, 0.225, 0.111,0.345, 0.443, 0.173,-0.280, -0.003, 0.190,0.420, 0.559, 0.362,-0.115, -0.004, 0.002,0.115, 0.004, -0.003,-0.087, -0.414, -0.083,0.110, -0.388, -0.106,-0.123, -0.721, -0.304,0.091, -0.708, -0.310
193223,17.957, 6.046,21,82,20,27,21,63,4,6,26,18,-0.184, 0.470, 0.124,0.163, 0.499, 0.097,-0.230, 0.226, 0.110,0.345, 0.439, 0.174,-0.281, -0.002, 0.189,0.419, 0.551, 0.363,-0.116, -0.004, 0.003,0.115, 0.004, -0.004,-0.086, -0.412, -0.085,0.110, -0.387, -0.115,-0.123, -0.718, -0.312,0.089, -0.707, -0.328
193223,17.943, 5.881,21,82,20,27,21,63,4,6,26,17,-0.184, 0.470, 0.124,0.164, 0.499, 0.097,-0.230, 0.226, 0.110,0.345, 0.436, 0.174,-0.281, -0.001, 0.188,0.419, 0.547, 0.365,-0.116, -0.004, 0.003,0.115, 0.004, -0.004,-0.086, -0.411, -0.087,0.110, -0.386, -0.118,-0.123, -0.716, -0.316,0.088, -0.706, -0.335
193223,17.857, 5.894,21,81,22,27,21,64,4,6,26,18,-0.183, 0.470, 0.123,0.164, 0.499, 0.097,-0.231, 0.227, 0.107,0.344, 0.436, 0.174,-0.281, 0.000, 0.182,0.417, 0.547, 0.365,-0.116, -0.004, 0.003,0.115, 0.004, -0.004,-0.086, -0.411, -0.088,0.111, -0.386, -0.119,-0.122, -0.715, -0.321,0.091, -0.704, -0.337
193223,17.788, 5.898,21,81,23,27,21,64,3,6,26,18,-0.183, 0.471, 0.123,0.164, 0.499, 0.097,-0.231, 0.228, 0.106,0.344, 0.436, 0.174,-0.281, 0.000, 0.179,0.416, 0.547, 0.365,-0.116, -0.004, 0.003,0.115, 0.004, -0.004,-0.085, -0.411, -0.088,0.111, -0.386, -0.119,-0.122, -0.715, -0.323,0.091, -0.703, -0.338
193223,17.735, 5.901,21,81,23,27,21,64,3,7,26,18,-0.183, 0.471, 0.122,0.164, 0.499, 0.096,-0.231, 0.229, 0.105,0.344, 0.436, 0.174,-0.281, 0.001, 0.178,0.415, 0.548, 0.365,-0.116, -0.004, 0.003,0.115, 0.004, -0.004,-0.085, -0.411, -0.089,0.111, -0.385, -0.119,-0.122, -0.715, -0.324,0.092, -0.702, -0.339
193223,17.569, 6.154,21,82,22,27,21,65,3,6,25,17,-0.183, 0.471, 0.122,0.164, 0.499, 0.096,-0.231, 0.229, 0.107,0.344, 0.438, 0.174,-0.281, 0.001, 0.180,0.412, 0.554, 0.363,-0.116, -0.004, 0.003,0.115, 0.004, -0.004,-0.085, -0.411, -0.088,0.111, -0.386, -0.116,-0.122, -0.716, -0.316,0.091, -0.703, -0.328
193223,17.468, 6.263,21,82,21,27,20,65,3,6,25,17,-0.183, 0.471, 0.122,0.164, 0.499, 0.096,-0.232, 0.228, 0.107,0.344, 0.440, 0.174,-0.281, 0.000, 0.181,0.411, 0.557, 0.362,-0.116, -0.004, 0.003,0.115, 0.004, -0.004,-0.085, -0.411, -0.088,0.111, -0.386, -0.114,-0.122, -0.716, -0.312,0.090, -0.703, -0.323
193223,16.743, 6.675,21,84,22,28,20,66,3,6,25,18,-0.182, 0.471, 0.122,0.164, 0.499, 0.096,-0.231, 0.229, 0.105,0.343, 0.447, 0.178,-0.281, 0.001, 0.175,0.398, 0.567, 0.366,-0.116, -0.004, 0.003,0.115, 0.004, -0.004,-0.085, -0.410, -0.094,0.111, -0.386, -0.119,-0.122, -0.716, -0.325,0.089, -0.703, -0.336
193223,16.465, 6.846,21,85,22,29,20,66,3,7,25,18,-0.182, 0.471, 0.121,0.164, 0.499, 0.096,-0.231, 0.230, 0.104,0.342, 0.450, 0.180,-0.281, 0.002, 0.173,0.393, 0.571, 0.368,-0.116, -0.004, 0.003,0.115, 0.004, -0.004,-0.085, -0.410, -0.097,0.110, -0.386, -0.122,-0.122, -0.716, -0.330,0.088, -0.702, -0.341
193223,15.369, 7.367,21,88,24,30,20,67,3,6,24,17,-0.182, 0.471, 0.119,0.164, 0.499, 0.100,-0.231, 0.230, 0.100,0.339, 0.457, 0.190,-0.282, 0.001, 0.165,0.373, 0.584, 0.376,-0.116, -0.004, 0.002,0.115, 0.004, -0.003,-0.087, -0.409, -0.097,0.110, -0.386, -0.116,-0.124, -0.716, -0.321,0.088, -0.704, -0.325
193223,15.098, 7.489,21,88,24,30,20,68,3,6,23,16,-0.182, 0.471, 0.119,0.163, 0.500, 0.101,-0.231, 0.230, 0.099,0.338, 0.459, 0.192,-0.284, 0.001, 0.164,0.368, 0.587, 0.376,-0.116, -0.003, 0.002,0.116, 0.004, -0.003,-0.087, -0.409, -0.097,0.110, -0.386, -0.115,-0.126, -0.716, -0.316,0.088, -0.705, -0.320
193223,13.866, 7.749,21,90,25,30,19,72,3,6,23,16,-0.182, 0.471, 0.119,0.163, 0.499, 0.103,-0.230, 0.231, 0.099,0.338, 0.464, 0.194,-0.284, 0.003, 0.161,0.347, 0.594, 0.376,-0.116, -0.003, 0.002,0.115, 0.004, -0.003,-0.088, -0.407, -0.097,0.109, -0.386, -0.115,-0.126, -0.716, -0.314,0.088, -0.705, -0.321
193223,13.499, 7.805,20,90,26,30,19,73,3,6,23,16,-0.181, 0.471, 0.119,0.163, 0.499, 0.103,-0.230, 0.232, 0.098,0.338, 0.466, 0.194,-0.284, 0.004, 0.157,0.340, 0.595, 0.375,-0.116, -0.003, 0.002,0.115, 0.004, -0.003,-0.088, -0.406, -0.097,0.109, -0.386, -0.116,-0.127, -0.716, -0.312,0.087, -0.705, -0.321
193224,12.357, 8.257,19,92,32,31,19,75,3,6,22,16,-0.181, 0.471, 0.118,0.162, 0.499, 0.102,-0.226, 0.232, 0.092,0.330, 0.471, 0.195,-0.284, 0.005, 0.146,0.320, 0.606, 0.377,-0.116, -0.003, 0.002,0.115, 0.004, -0.003,-0.088, -0.404, -0.097,0.109, -0.386, -0.116,-0.128, -0.715, -0.310,0.089, -0.705, -0.320
193224,12.124, 8.381,19,92,34,32,19,74,3,6,22,16,-0.181, 0.471, 0.118,0.162, 0.500, 0.102,-0.224, 0.233, 0.090,0.328, 0.473, 0.196,-0.284, 0.006, 0.144,0.316, 0.610, 0.377,-0.116, -0.003, 0.002,0.116, 0.003, -0.003,-0.089, -0.403, -0.097,0.109, -0.386, -0.116,-0.129, -0.715, -0.309,0.089, -0.705, -0.318
193224,12.054, 8.412,19,93,35,32,19,74,3,6,22,16,-0.181, 0.471, 0.117,0.162, 0.499, 0.102,-0.224, 0.233, 0.089,0.327, 0.475, 0.197,-0.284, 0.006, 0.143,0.314, 0.610, 0.378,-0.116, -0.003, 0.002,0.116, 0.003, -0.003,-0.089, -0.402, -0.097,0.109, -0.386, -0.116,-0.129, -0.715, -0.308,0.090, -0.705, -0.318
193224,10.831, 8.758,18,94,40,33,20,76,4,6,22,16,-0.182, 0.472, 0.112,0.157, 0.500, 0.095,-0.223, 0.234, 0.081,0.320, 0.481, 0.193,-0.283, 0.010, 0.130,0.293, 0.619, 0.373,-0.116, -0.003, 0.002,0.116, 0.003, -0.003,-0.091, -0.403, -0.096,0.109, -0.386, -0.116,-0.134, -0.715, -0.307,0.089, -0.706, -0.319
193224,10.539, 8.865,17,94,42,34,20,75,4,6,22,16,-0.183, 0.472, 0.110,0.154, 0.500, 0.091,-0.223, 0.235, 0.077,0.317, 0.483, 0.191,-0.282, 0.011, 0.126,0.287, 0.622, 0.370,-0.116, -0.003, 0.002,0.116, 0.003, -0.003,-0.092, -0.403, -0.095,0.109, -0.387, -0.116,-0.137, -0.715, -0.307,0.088, -0.706, -0.320
193224,10.077, 9.240,17,96,43,35,20,74,4,6,23,16,-0.184, 0.473, 0.109,0.151, 0.500, 0.088,-0.222, 0.235, 0.077,0.310, 0.491, 0.188,-0.281, 0.012, 0.126,0.279, 0.631, 0.365,-0.116, -0.003, 0.002,0.115, 0.003, -0.003,-0.091, -0.405, -0.095,0.110, -0.387, -0.116,-0.135, -0.715, -0.308,0.091, -0.706, -0.319
193224,9.942, 9.388,17,96,43,35,20,74,4,6,23,16,-0.185, 0.473, 0.109,0.149, 0.500, 0.086,-0.223, 0.236, 0.077,0.308, 0.494, 0.186,-0.280, 0.012, 0.127,0.277, 0.635, 0.362,-0.116, -0.003, 0.002,0.115, 0.003, -0.003,-0.091, -0.405, -0.095,0.110, -0.387, -0.116,-0.134, -0.715, -0.309,0.093, -0.706, -0.319
193224,9.540, 9.378,17,96,47,35,19,75,4,7,23,16,-0.185, 0.473, 0.109,0.149, 0.501, 0.086,-0.220, 0.236, 0.076,0.307, 0.494, 0.186,-0.280, 0.013, 0.121,0.270, 0.634, 0.361,-0.116, -0.003, 0.002,0.115, 0.003, -0.003,-0.091, -0.405, -0.095,0.110, -0.387, -0.119,-0.134, -0.715, -0.310,0.092, -0.705, -0.325
193224,9.421, 9.374,16,96,49,35,19,76,4,7,23,16,-0.185, 0.473, 0.109,0.148, 0.501, 0.086,-0.219, 0.237, 0.075,0.307, 0.494, 0.185,-0.280, 0.013, 0.118,0.267, 0.634, 0.360,-0.116, -0.003, 0.002,0.115, 0.003, -0.003,-0.091, -0.405, -0.095,0.110, -0.387, -0.121,-0.134, -0.714, -0.311,0.091, -0.705, -0.327
193224,9.423, 9.359,16,95,51,35,20,76,4,7,24,16,-0.186, 0.473, 0.107,0.147, 0.501, 0.083,-0.218, 0.237, 0.073,0.305, 0.494, 0.179,-0.277, 0.014, 0.118,0.268, 0.634, 0.355,-0.116, -0.003, 0.002,0.115, 0.003, -0.003,-0.091, -0.407, -0.093,0.112, -0.387, -0.118,-0.136, -0.715, -0.311,0.091, -0.706, -0.322
193224,9.411, 9.345,16,95,52,35,20,76,4,7,24,16,-0.186, 0.473, 0.106,0.146, 0.502, 0.081,-0.218, 0.237, 0.071,0.304, 0.493, 0.176,-0.276, 0.014, 0.117,0.267, 0.634, 0.352,-0.115, -0.003, 0.002,0.115, 0.003, -0.003,-0.092, -0.408, -0.092,0.113, -0.387, -0.116,-0.136, -0.715, -0.311,0.091, -0.706, -0.321
193224,9.383, 9.324,16,94,52,35,21,76,5,7,24,16,-0.186, 0.474, 0.105,0.145, 0.502, 0.079,-0.217, 0.237, 0.070,0.304, 0.493, 0.174,-0.276, 0.014, 0.117,0.267, 0.633, 0.350,-0.115, -0.003, 0.002,0.115, 0.003, -0.003,-0.092, -0.409, -0.091,0.113, -0.387, -0.115,-0.136, -0.715, -0.311,0.092, -0.706, -0.319
193224,9.451, 9.133,16,94,53,35,21,76,4,7,24,16,-0.186, 0.474, 0.105,0.146, 0.502, 0.079,-0.217, 0.239, 0.069,0.304, 0.493, 0.174,-0.275, 0.015, 0.116,0.268, 0.628, 0.351,-0.115, -0.003, 0.002,0.115, 0.004, -0.003,-0.090, -0.409, -0.091,0.114, -0.387, -0.116,-0.131, -0.716, -0.311,0.094, -0.706, -0.320
193224,9.494, 9.035,16,94,53,35,21,76,4,7,24,16,-0.185, 0.475, 0.105,0.147, 0.502, 0.079,-0.217, 0.240, 0.068,0.304, 0.493, 0.174,-0.274, 0.016, 0.115,0.269, 0.626, 0.351,-0.115, -0.003, 0.002,0.115, 0.004, -0.003,-0.088, -0.409, -0.091,0.114, -0.387, -0.116,-0.128, -0.717, -0.311,0.094, -0.706, -0.320
193224,9.409, 8.922,16,95,53,36,20,75,4,7,23,16,-0.185, 0.474, 0.104,0.147, 0.502, 0.083,-0.217, 0.240, 0.067,0.304, 0.491, 0.183,-0.274, 0.016, 0.111,0.267, 0.623, 0.361,-0.115, -0.003, 0.002,0.115, 0.004, -0.003,-0.088, -0.409, -0.094,0.114, -0.387, -0.115,-0.128, -0.717, -0.311,0.096, -0.707, -0.317
193224,9.367, 8.859,16,95,52,36,20,74,4,6,23,16,-0.185, 0.474, 0.104,0.147, 0.502, 0.085,-0.217, 0.240, 0.066,0.304, 0.491, 0.187,-0.274, 0.015, 0.109,0.267, 0.621, 0.366,-0.115, -0.003, 0.001,0.115, 0.003, -0.002,-0.088, -0.409, -0.096,0.114, -0.387, -0.114,-0.128, -0.717, -0.311,0.097, -0.707, -0.315
193224,9.377, 8.851,15,94,53,35,20,75,4,7,22,16,-0.185, 0.475, 0.103,0.147, 0.502, 0.084,-0.217, 0.241, 0.065,0.305, 0.490, 0.186,-0.274, 0.015, 0.107,0.267, 0.621, 0.365,-0.115, -0.003, 0.001,0.115, 0.003, -0.002,-0.087, -0.409, -0.100,0.115, -0.387, -0.115,-0.127, -0.717, -0.313,0.098, -0.707, -0.315
193224,9.385, 8.836,15,94,53,35,20,75,4,7,22,15,-0.185, 0.476, 0.102,0.147, 0.502, 0.084,-0.217, 0.241, 0.064,0.306, 0.490, 0.185,-0.274, 0.015, 0.106,0.267, 0.621, 0.364,-0.115, -0.003, 0.001,0.115, 0.003, -0.002,-0.087, -0.409, -0.101,0.115, -0.387, -0.116,-0.126, -0.718, -0.313,0.099, -0.707, -0.315
193224,9.433, 8.699,15,94,53,35,20,76,4,6,22,16,-0.185, 0.476, 0.102,0.147, 0.502, 0.084,-0.217, 0.241, 0.063,0.307, 0.488, 0.184,-0.274, 0.015, 0.106,0.268, 0.617, 0.362,-0.115, -0.003, 0.001,0.115, 0.003, -0.002,-0.087, -0.411, -0.094,0.115, -0.388, -0.111,-0.128, -0.721, -0.300,0.098, -0.711, -0.308
193224,9.458, 8.644,15,93,53,34,21,76,4,6,23,16,-0.185, 0.476, 0.101,0.147, 0.502, 0.084,-0.217, 0.241, 0.062,0.307, 0.487, 0.183,-0.274, 0.015, 0.106,0.268, 0.616, 0.361,-0.115, -0.003, 0.001,0.115, 0.003, -0.002,-0.087, -0.413, -0.089,0.115, -0.389, -0.109,-0.129, -0.722, -0.295,0.098, -0.712, -0.307
193224,9.492, 8.610,15,93,53,34,21,77,4,6,23,16,-0.185, 0.476, 0.101,0.147, 0.502, 0.084,-0.217, 0.241, 0.062,0.307, 0.487, 0.182,-0.275, 0.015, 0.106,0.269, 0.615, 0.360,-0.115, -0.003, 0.001,0.115, 0.004, -0.002,-0.088, -0.413, -0.086,0.115, -0.390, -0.108,-0.130, -0.723, -0.292,0.097, -0.713, -0.306
193224,9.564, 7.729,15,89,54,34,21,79,4,6,24,16,-0.185, 0.476, 0.102,0.147, 0.502, 0.085,-0.217, 0.241, 0.062,0.309, 0.471, 0.183,-0.274, 0.016, 0.106,0.270, 0.593, 0.362,-0.115, -0.003, 0.001,0.115, 0.004, -0.002,-0.088, -0.413, -0.088,0.116, -0.390, -0.113,-0.130, -0.721, -0.298,0.098, -0.712, -0.316
193225,9.637, 7.478,15,87,53,34,21,80,4,7,24,16,-0.184, 0.476, 0.104,0.147, 0.502, 0.086,-0.217, 0.242, 0.064,0.311, 0.466, 0.183,-0.274, 0.016, 0.107,0.271, 0.587, 0.363,-0.115, -0.003, 0.001,0.115, 0.004, -0.002,-0.088, -0.412, -0.090,0.116, -0.390, -0.115,-0.129, -0.720, -0.301,0.098, -0.711, -0.318
193225,10.022, 5.788,15,78,54,33,21,83,4,7,24,16,-0.184, 0.476, 0.106,0.147, 0.501, 0.088,-0.217, 0.242, 0.065,0.310, 0.433, 0.183,-0.273, 0.016, 0.109,0.278, 0.545, 0.367,-0.115, -0.003, 0.001,0.115, 0.004, -0.002,-0.088, -0.411, -0.094,0.116, -0.389, -0.119,-0.130, -0.719, -0.312,0.099, -0.709, -0.326
193225,10.220, 5.475,16,76,54,32,21,84,4,7,24,16,-0.184, 0.475, 0.107,0.148, 0.501, 0.089,-0.217, 0.242, 0.066,0.310, 0.426, 0.183,-0.272, 0.016, 0.111,0.282, 0.537, 0.369,-0.115, -0.003, 0.001,0.115, 0.004, -0.002,-0.088, -0.411, -0.097,0.116, -0.389, -0.121,-0.130, -0.719, -0.317,0.099, -0.708, -0.329
193225,10.656, 3.782,16,70,53,33,22,82,4,7,23,16,-0.185, 0.475, 0.108,0.147, 0.499, 0.092,-0.217, 0.242, 0.070,0.306, 0.399, 0.185,-0.272, 0.016, 0.120,0.289, 0.495, 0.383,-0.115, -0.004, 0.001,0.115, 0.004, -0.002,-0.088, -0.411, -0.097,0.116, -0.389, -0.121,-0.129, -0.719, -0.312,0.100, -0.708, -0.330
193225,10.853, 3.508,16,69,52,32,22,81,4,7,23,16,-0.185, 0.475, 0.108,0.146, 0.498, 0.093,-0.217, 0.242, 0.071,0.305, 0.393, 0.186,-0.271, 0.016, 0.122,0.293, 0.488, 0.388,-0.115, -0.004, 0.001,0.115, 0.004, -0.002,-0.088, -0.411, -0.097,0.116, -0.389, -0.121,-0.129, -0.719, -0.311,0.100, -0.708, -0.331
193225,11.225, 2.291,16,64,53,32,22,80,4,7,23,16,-0.186, 0.476, 0.108,0.146, 0.497, 0.092,-0.217, 0.243, 0.070,0.303, 0.375, 0.181,-0.270, 0.016, 0.122,0.300, 0.457, 0.387,-0.115, -0.004, 0.001,0.115, 0.004, -0.002,-0.088, -0.411, -0.097,0.116, -0.388, -0.121,-0.129, -0.720, -0.311,0.099, -0.708, -0.330
193225,11.389, 2.118,16,63,53,32,22,80,4,7,23,16,-0.186, 0.477, 0.108,0.146, 0.496, 0.090,-0.217, 0.244, 0.069,0.302, 0.372, 0.178,-0.269, 0.016, 0.122,0.302, 0.453, 0.386,-0.115, -0.004, 0.001,0.115, 0.005, -0.002,-0.088, -0.411, -0.097,0.116, -0.388, -0.121,-0.129, -0.720, -0.310,0.098, -0.709, -0.330
193225,11.471, 2.097,15,63,54,32,22,80,4,7,23,16,-0.186, 0.478, 0.107,0.146, 0.496, 0.089,-0.217, 0.244, 0.068,0.301, 0.371, 0.176,-0.268, 0.017, 0.121,0.304, 0.452, 0.385,-0.115, -0.004, 0.001,0.115, 0.005, -0.002,-0.087, -0.411, -0.097,0.117, -0.388, -0.121,-0.129, -0.720, -0.309,0.098, -0.709, -0.329
193225,11.960, 1.271,16,60,54,32,23,79,4,7,23,16,-0.185, 0.478, 0.108,0.148, 0.495, 0.090,-0.217, 0.245, 0.068,0.301, 0.357, 0.175,-0.268, 0.017, 0.124,0.313, 0.432, 0.387,-0.115, -0.004, 0.001,0.115, 0.005, -0.002,-0.087, -0.411, -0.097,0.118, -0.388, -0.121,-0.129, -0.720, -0.309,0.098, -0.709, -0.329
193225,12.217, 1.088,16,59,53,32,23,78,4,7,23,16,-0.185, 0.478, 0.108,0.149, 0.495, 0.090,-0.217, 0.245, 0.069,0.301, 0.353, 0.175,-0.267, 0.017, 0.126,0.317, 0.427, 0.387,-0.115, -0.004, 0.001,0.115, 0.005, -0.002,-0.086, -0.411, -0.097,0.119, -0.387, -0.121,-0.128, -0.720, -0.309,0.098, -0.709, -0.329
193225,12.624, 0.646,16,58,53,32,23,77,4,7,23,16,-0.185, 0.479, 0.108,0.150, 0.494, 0.090,-0.218, 0.246, 0.069,0.300, 0.345, 0.174,-0.268, 0.017, 0.128,0.324, 0.416, 0.388,-0.115, -0.005, 0.001,0.115, 0.005, -0.002,-0.088, -0.410, -0.095,0.118, -0.387, -0.121,-0.131, -0.718, -0.308,0.089, -0.709, -0.329
193225,12.776, 0.538,16,57,52,32,24,77,4,7,23,17,-0.185, 0.479, 0.108,0.151, 0.493, 0.091,-0.218, 0.246, 0.069,0.300, 0.342, 0.174,-0.268, 0.017, 0.129,0.327, 0.413, 0.389,-0.115, -0.005, 0.001,0.115, 0.005, -0.002,-0.089, -0.409, -0.095,0.117, -0.387, -0.120,-0.132, -0.717, -0.308,0.086, -0.709, -0.329
193225,13.077, 0.519,16,57,51,32,23,76,4,7,23,16,-0.185, 0.480, 0.108,0.151, 0.491, 0.091,-0.219, 0.247, 0.070,0.298, 0.342, 0.173,-0.268, 0.018, 0.129,0.332, 0.413, 0.390,-0.115, -0.005, 0.001,0.115, 0.005, -0.002,-0.089, -0.409, -0.095,0.117, -0.387, -0.119,-0.133, -0.717, -0.308,0.087, -0.710, -0.325
193225,13.194, 0.476,16,57,50,32,23,75,4,7,23,16,-0.185, 0.480, 0.108,0.151, 0.491, 0.091,-0.220, 0.247, 0.071,0.297, 0.341, 0.174,-0.268, 0.018, 0.129,0.335, 0.412, 0.391,-0.115, -0.005, 0.001,0.115, 0.005, -0.002,-0.089, -0.409, -0.096,0.117, -0.387, -0.119,-0.133, -0.717, -0.308,0.087, -0.710, -0.324
193225,13.245, 0.455,16,57,49,32,22,75,4,7,23,16,-0.186, 0.480, 0.109,0.151, 0.490, 0.091,-0.221, 0.248, 0.071,0.296, 0.341, 0.174,-0.268, 0.018, 0.129,0.335, 0.411, 0.393,-0.115, -0.005, 0.001,0.115, 0.005, -0.002,-0.090, -0.409, -0.096,0.117, -0.387, -0.119,-0.133, -0.717, -0.308,0.087, -0.710, -0.324
193225,13.916, 0.508,17,57,47,32,23,73,4,7,23,16,-0.186, 0.481, 0.106,0.152, 0.490, 0.091,-0.222, 0.248, 0.069,0.296, 0.342, 0.174,-0.270, 0.017, 0.128,0.347, 0.413, 0.396,-0.115, -0.005, 0.001,0.115, 0.005, -0.002,-0.090, -0.409, -0.096,0.115, -0.387, -0.117,-0.134, -0.717, -0.307,0.087, -0.713, -0.319
193225,14.113, 0.528,17,58,47,32,23,72,4,6,23,15,-0.186, 0.481, 0.105,0.153, 0.490, 0.091,-0.224, 0.248, 0.067,0.296, 0.343, 0.174,-0.271, 0.017, 0.127,0.351, 0.413, 0.398,-0.115, -0.005, 0.001,0.115, 0.005, -0.002,-0.090, -0.409, -0.096,0.114, -0.388, -0.116,-0.135, -0.718, -0.307,0.087, -0.714, -0.318
193225,14.622, 0.501,17,57,45,32,23,70,4,7,23,15,-0.186, 0.481, 0.103,0.153, 0.490, 0.087,-0.224, 0.247, 0.067,0.296, 0.344, 0.169,-0.271, 0.016, 0.128,0.360, 0.413, 0.395,-0.115, -0.005, 0.001,0.115, 0.005, -0.002,-0.089, -0.410, -0.096,0.114, -0.387, -0.116,-0.133, -0.719, -0.306,0.087, -0.715, -0.317
193225,14.787, 0.472,17,57,44,32,23,70,4,7,22,15,-0.186, 0.482, 0.102,0.154, 0.490, 0.086,-0.225, 0.246, 0.067,0.296, 0.344, 0.167,-0.271, 0.016, 0.129,0.363, 0.412, 0.393,-0.115, -0.005, 0.001,0.115, 0.005, -0.002,-0.089, -0.410, -0.097,0.115, -0.387, -0.116,-0.132, -0.719, -0.306,0.088, -0.715, -0.317
193225,15.245, 0.417,18,57,41,32,24,69,4,7,23,16,-0.186, 0.482, 0.106,0.155, 0.491, 0.086,-0.226, 0.245, 0.074,0.296, 0.345, 0.165,-0.272, 0.015, 0.145,0.371, 0.410, 0.390,-0.115, -0.005, 0.001,0.115, 0.005, -0.002,-0.088, -0.411, -0.094,0.115, -0.387, -0.117,-0.131, -0.719, -0.305,0.087, -0.715, -0.322
193225,15.401, 0.386,18,57,40,32,24,69,4,7,23,16,-0.186, 0.481, 0.108,0.155, 0.491, 0.086,-0.226, 0.244, 0.077,0.296, 0.345, 0.164,-0.272, 0.014, 0.151,0.374, 0.410, 0.388,-0.115, -0.005, 0.002,0.115, 0.005, -0.002,-0.088, -0.411, -0.092,0.116, -0.387, -0.117,-0.131, -0.719, -0.304,0.086, -0.715, -0.325
193225,15.860, 0.625,18,58,39,32,24,68,4,7,24,16,-0.185, 0.482, 0.108,0.157, 0.491, 0.086,-0.226, 0.244, 0.078,0.301, 0.348, 0.164,-0.273, 0.014, 0.152,0.382, 0.416, 0.388,-0.115, -0.005, 0.002,0.115, 0.005, -0.002,-0.087, -0.412, -0.092,0.116, -0.387, -0.117,-0.130, -0.720, -0.304,0.086, -0.715, -0.325
193225,16.063, 0.734,18,59,39,31,24,68,4,7,24,16,-0.185, 0.482, 0.108,0.159, 0.491, 0.086,-0.226, 0.244, 0.079,0.304, 0.350, 0.164,-0.273, 0.014, 0.153,0.386, 0.418, 0.388,-0.115, -0.005, 0.002,0.115, 0.005, -0.002,-0.087, -0.413, -0.092,0.116, -0.387, -0.117,-0.129, -0.720, -0.305,0.085, -0.715, -0.326
193226,16.172, 0.775,18,59,38,31,24,68,4,8,24,16,-0.185, 0.482, 0.108,0.160, 0.491, 0.087,-0.226, 0.244, 0.079,0.306, 0.350, 0.164,-0.273, 0.014, 0.153,0.387, 0.419, 0.388,-0.115, -0.005, 0.002,0.115, 0.005, -0.002,-0.086, -0.413, -0.092,0.116, -0.387, -0.117,-0.129, -0.720, -0.306,0.085, -0.714, -0.326
193226,16.757, 1.346,19,60,30,31,23,69,4,8,25,17,-0.184, 0.480, 0.118,0.161, 0.490, 0.089,-0.226, 0.242, 0.097,0.311, 0.354, 0.164,-0.273, 0.013, 0.176,0.398, 0.434, 0.381,-0.115, -0.005, 0.002,0.115, 0.005, -0.003,-0.087, -0.412, -0.089,0.116, -0.387, -0.119,-0.128, -0.717, -0.308,0.085, -0.711, -0.337
193226,17.004, 1.586,20,61,27,30,23,70,4,7,25,18,-0.183, 0.480, 0.122,0.161, 0.489, 0.091,-0.226, 0.240, 0.105,0.314, 0.356, 0.164,-0.273, 0.013, 0.184,0.402, 0.440, 0.378,-0.115, -0.005, 0.002,0.115, 0.005, -0.003,-0.087, -0.411, -0.088,0.116, -0.387, -0.120,-0.128, -0.715, -0.309,0.085, -0.709, -0.339
193226,17.433, 2.021,21,63,22,30,21,69,4,7,25,17,-0.183, 0.479, 0.129,0.161, 0.488, 0.096,-0.227, 0.239, 0.116,0.316, 0.361, 0.169,-0.273, 0.013, 0.194,0.410, 0.451, 0.379,-0.115, -0.004, 0.003,0.115, 0.005, -0.003,-0.087, -0.410, -0.088,0.115, -0.386, -0.120,-0.128, -0.716, -0.308,0.086, -0.709, -0.334
193226,17.577, 2.180,21,64,21,30,21,68,4,7,24,17,-0.183, 0.478, 0.132,0.161, 0.487, 0.098,-0.227, 0.239, 0.119,0.318, 0.364, 0.171,-0.274, 0.013, 0.196,0.412, 0.455, 0.379,-0.115, -0.004, 0.003,0.115, 0.005, -0.004,-0.088, -0.409, -0.088,0.115, -0.386, -0.120,-0.128, -0.716, -0.307,0.087, -0.709, -0.332
193226,17.877, 2.498,21,66,20,29,21,68,4,6,25,17,-0.183, 0.478, 0.132,0.162, 0.487, 0.100,-0.227, 0.238, 0.120,0.324, 0.368, 0.175,-0.274, 0.013, 0.200,0.418, 0.462, 0.379,-0.115, -0.004, 0.003,0.115, 0.005, -0.004,-0.088, -0.409, -0.089,0.115, -0.386, -0.118,-0.126, -0.716, -0.311,0.089, -0.708, -0.330
193226,17.995, 2.594,21,67,19,29,22,68,4,6,25,17,-0.183, 0.477, 0.132,0.162, 0.486, 0.102,-0.227, 0.238, 0.121,0.327, 0.369, 0.177,-0.274, 0.013, 0.202,0.420, 0.465, 0.379,-0.115, -0.004, 0.003,0.115, 0.005, -0.004,-0.087, -0.409, -0.089,0.116, -0.386, -0.118,-0.125, -0.716, -0.313,0.091, -0.707, -0.330
193226,18.195, 2.677,22,68,17,29,22,67,4,6,25,17,-0.183, 0.476, 0.133,0.162, 0.486, 0.102,-0.227, 0.236, 0.123,0.329, 0.371, 0.177,-0.274, 0.013, 0.207,0.423, 0.467, 0.377,-0.115, -0.004, 0.003,0.115, 0.005, -0.004,-0.087, -0.409, -0.088,0.116, -0.385, -0.117,-0.125, -0.714, -0.314,0.091, -0.706, -0.330
193226,18.276, 2.708,22,68,16,29,22,67,4,6,25,17,-0.183, 0.476, 0.133,0.162, 0.486, 0.102,-0.228, 0.236, 0.124,0.330, 0.372, 0.177,-0.274, 0.012, 0.209,0.425, 0.468, 0.376,-0.115, -0.004, 0.003,0.115, 0.005, -0.004,-0.087, -0.409, -0.088,0.116, -0.385, -0.117,-0.125, -0.714, -0.316,0.092, -0.705, -0.330
193226,18.308, 2.727,22,68,16,29,22,67,4,6,25,17,-0.183, 0.475, 0.134,0.162, 0.486, 0.102,-0.228, 0.235, 0.125,0.331, 0.372, 0.177,-0.274, 0.012, 0.211,0.425, 0.468, 0.375,-0.115, -0.004, 0.003,0.115, 0.005, -0.004,-0.087, -0.409, -0.088,0.116, -0.385, -0.117,-0.125, -0.713, -0.316,0.092, -0.704, -0.330
193226,18.499, 2.698,22,68,16,29,22,66,4,6,25,17,-0.183, 0.475, 0.134,0.163, 0.486, 0.102,-0.227, 0.235, 0.125,0.332, 0.373, 0.177,-0.273, 0.011, 0.211,0.429, 0.467, 0.375,-0.115, -0.004, 0.003,0.115, 0.005, -0.004,-0.087, -0.410, -0.086,0.117, -0.385, -0.116,-0.124, -0.714, -0.312,0.094, -0.705, -0.327
193226,18.595, 2.682,22,69,16,29,22,66,4,6,25,17,-0.183, 0.475, 0.134,0.163, 0.486, 0.102,-0.227, 0.235, 0.126,0.332, 0.373, 0.176,-0.273, 0.011, 0.211,0.431, 0.467, 0.375,-0.115, -0.004, 0.003,0.115, 0.005, -0.004,-0.086, -0.410, -0.085,0.117, -0.385, -0.115,-0.124, -0.715, -0.310,0.095, -0.705, -0.326
193226,18.619, 2.641,22,68,16,28,22,66,4,7,25,17,-0.184, 0.475, 0.132,0.163, 0.487, 0.098,-0.227, 0.235, 0.123,0.332, 0.374, 0.171,-0.273, 0.011, 0.209,0.431, 0.466, 0.371,-0.115, -0.004, 0.003,0.115, 0.005, -0.004,-0.087, -0.410, -0.085,0.117, -0.384, -0.115,-0.124, -0.715, -0.310,0.095, -0.705, -0.326
193226,18.624, 2.606,22,68,17,28,22,66,4,7,25,17,-0.184, 0.476, 0.130,0.162, 0.487, 0.096,-0.228, 0.235, 0.121,0.332, 0.374, 0.168,-0.273, 0.011, 0.207,0.431, 0.465, 0.369,-0.115, -0.004, 0.004,0.115, 0.005, -0.004,-0.087, -0.410, -0.085,0.117, -0.384, -0.115,-0.124, -0.715, -0.310,0.094, -0.705, -0.326
193226,18.281, 1.691,21,65,18,29,22,65,4,6,25,17,-0.184, 0.476, 0.130,0.162, 0.487, 0.098,-0.227, 0.235, 0.120,0.326, 0.364, 0.172,-0.273, 0.012, 0.205,0.425, 0.442, 0.377,-0.115, -0.004, 0.003,0.115, 0.005, -0.004,-0.087, -0.410, -0.085,0.117, -0.384, -0.115,-0.127, -0.715, -0.310,0.092, -0.707, -0.326
193226,18.098, 1.401,21,64,18,29,22,65,4,6,25,17,-0.184, 0.476, 0.130,0.162, 0.487, 0.099,-0.227, 0.235, 0.120,0.322, 0.359, 0.173,-0.273, 0.012, 0.204,0.422, 0.435, 0.381,-0.115, -0.004, 0.003,0.115, 0.004, -0.004,-0.088, -0.410, -0.086,0.117, -0.384, -0.115,-0.128, -0.715, -0.310,0.091, -0.708, -0.325
193226,17.996, 1.292,21,64,18,30,22,65,4,6,25,17,-0.184, 0.476, 0.130,0.162, 0.487, 0.100,-0.227, 0.235, 0.120,0.320, 0.357, 0.174,-0.273, 0.012, 0.203,0.420, 0.432, 0.383,-0.115, -0.004, 0.003,0.115, 0.004, -0.004,-0.088, -0.410, -0.087,0.117, -0.385, -0.115,-0.129, -0.716, -0.309,0.091, -0.708, -0.325
193226,17.592, 0.765,20,61,24,29,24,66,4,7,25,17,-0.184, 0.477, 0.122,0.163, 0.487, 0.092,-0.227, 0.235, 0.107,0.315, 0.351, 0.164,-0.273, 0.011, 0.196,0.413, 0.419, 0.379,-0.115, -0.004, 0.003,0.115, 0.004, -0.004,-0.088, -0.411, -0.084,0.117, -0.385, -0.110,-0.130, -0.717, -0.303,0.091, -0.711, -0.317
193226,17.381, 0.603,20,60,26,30,25,67,4,7,25,17,-0.183, 0.478, 0.117,0.163, 0.488, 0.088,-0.227, 0.236, 0.100,0.312, 0.349, 0.159,-0.273, 0.011, 0.191,0.409, 0.415, 0.377,-0.115, -0.004, 0.003,0.115, 0.004, -0.004,-0.088, -0.411, -0.083,0.117, -0.386, -0.108,-0.131, -0.718, -0.300,0.091, -0.713, -0.312
193226,16.090, -0.276,18,56,40,33,24,65,4,7,24,17,-0.184, 0.480, 0.111,0.161, 0.488, 0.088,-0.227, 0.238, 0.080,0.294, 0.343, 0.163,-0.273, 0.011, 0.150,0.386, 0.393, 0.393,-0.115, -0.004, 0.003,0.115, 0.004, -0.003,-0.088, -0.412, -0.087,0.117, -0.386, -0.108,-0.133, -0.721, -0.299,0.091, -0.717, -0.312
193226,15.706, -0.504,18,55,43,34,24,64,4,7,23,16,-0.184, 0.481, 0.108,0.161, 0.488, 0.089,-0.226, 0.239, 0.073,0.288, 0.341, 0.166,-0.273, 0.012, 0.140,0.379, 0.387, 0.400,-0.115, -0.004, 0.002,0.115, 0.004, -0.003,-0.088, -0.412, -0.090,0.117, -0.387, -0.109,-0.134, -0.723, -0.298,0.091, -0.719, -0.311
193226,15.074, -1.812,17,51,47,36,24,62,4,7,23,16,-0.184, 0.482, 0.106,0.160, 0.487, 0.090,-0.225, 0.241, 0.066,0.275, 0.328, 0.167,-0.272, 0.014, 0.129,0.368, 0.355, 0.402,-0.115, -0.004, 0.001,0.115, 0.004, -0.002,-0.088, -0.413, -0.090,0.117, -0.387, -0.107,-0.134, -0.726, -0.294,0.094, -0.719, -0.306
193227,14.863, -2.071,17,50,48,37,24,63,4,7,22,16,-0.184, 0.482, 0.105,0.160, 0.487, 0.091,-0.224, 0.241, 0.064,0.271, 0.323, 0.168,-0.272, 0.015, 0.126,0.364, 0.348, 0.404,-0.115, -0.004, 0.000,0.115, 0.004, -0.001,-0.088, -0.413, -0.090,0.118, -0.387, -0.106,-0.134, -0.727, -0.290,0.096, -0.719, -0.304
193227,14.347, -3.070,17,47,50,38,24,62,4,6,21,14,-0.184, 0.483, 0.102,0.160, 0.485, 0.092,-0.224, 0.244, 0.057,0.264, 0.310, 0.168,-0.273, 0.019, 0.111,0.355, 0.323, 0.403,-0.115, -0.004, 0.000,0.115, 0.004, 0.000,-0.088, -0.413, -0.093,0.113, -0.387, -0.103,-0.134, -0.728, -0.290,0.095, -0.720, -0.286
193227,14.170, -3.262,17,46,50,38,24,63,4,5,21,13,-0.183, 0.484, 0.100,0.160, 0.484, 0.092,-0.224, 0.245, 0.054,0.262, 0.306, 0.169,-0.273, 0.021, 0.108,0.352, 0.318, 0.403,-0.115, -0.004, -0.001,0.115, 0.004, 0.000,-0.088, -0.412, -0.095,0.110, -0.387, -0.101,-0.134, -0.728, -0.290,0.094, -0.721, -0.281
193227,13.178, -4.061,17,43,48,38,25,64,4,5,21,13,-0.183, 0.486, 0.098,0.161, 0.483, 0.093,-0.223, 0.248, 0.053,0.258, 0.291, 0.169,-0.273, 0.028, 0.112,0.334, 0.298, 0.403,-0.115, -0.004, -0.001,0.115, 0.004, 0.000,-0.088, -0.412, -0.097,0.110, -0.387, -0.098,-0.134, -0.729, -0.290,0.096, -0.721, -0.274
193227,12.895, -4.238,17,43,48,38,25,65,4,5,20,13,-0.183, 0.487, 0.097,0.162, 0.482, 0.094,-0.222, 0.250, 0.053,0.257, 0.287, 0.169,-0.273, 0.032, 0.115,0.329, 0.294, 0.403,-0.115, -0.004, -0.001,0.115, 0.004, 0.001,-0.087, -0.412, -0.098,0.111, -0.386, -0.097,-0.134, -0.729, -0.290,0.097, -0.721, -0.272
193227,12.780, -4.384,17,43,47,38,26,65,4,5,21,13,-0.183, 0.487, 0.097,0.162, 0.482, 0.094,-0.223, 0.250, 0.053,0.257, 0.287, 0.169,-0.274, 0.031, 0.116,0.327, 0.290, 0.403,-0.115, -0.004, -0.001,0.115, 0.004, 0.001,-0.087, -0.412, -0.094,0.110, -0.386, -0.097,-0.133, -0.729, -0.289,0.097, -0.721, -0.274
193227,12.720, -4.407,17,43,47,38,26,65,4,5,22,14,-0.183, 0.487, 0.097,0.162, 0.481, 0.095,-0.223, 0.250, 0.053,0.257, 0.287, 0.169,-0.275, 0.031, 0.116,0.326, 0.290, 0.404,-0.115, -0.004, -0.001,0.115, 0.004, 0.001,-0.087, -0.412, -0.092,0.110, -0.386, -0.097,-0.133, -0.729, -0.289,0.097, -0.721, -0.275
193227,12.691, -4.399,17,43,47,38,26,65,3,5,22,14,-0.183, 0.487, 0.096,0.162, 0.481, 0.095,-0.223, 0.250, 0.052,0.257, 0.288, 0.169,-0.275, 0.031, 0.115,0.326, 0.290, 0.404,-0.115, -0.004, -0.001,0.115, 0.004, 0.001,-0.087, -0.412, -0.090,0.110, -0.386, -0.097,-0.133, -0.729, -0.288,0.097, -0.720, -0.276
193227,12.468, -4.269,17,42,49,38,26,66,4,5,22,14,-0.184, 0.487, 0.093,0.161, 0.482, 0.093,-0.224, 0.250, 0.046,0.255, 0.288, 0.166,-0.278, 0.031, 0.105,0.322, 0.293, 0.404,-0.115, -0.004, -0.001,0.115, 0.004, 0.001,-0.087, -0.412, -0.089,0.110, -0.386, -0.098,-0.134, -0.728, -0.287,0.096, -0.720, -0.284
193227,12.395, -4.208,17,42,50,38,26,66,4,5,22,15,-0.185, 0.487, 0.091,0.161, 0.482, 0.091,-0.224, 0.250, 0.043,0.254, 0.289, 0.165,-0.279, 0.032, 0.102,0.320, 0.295, 0.403,-0.115, -0.004, -0.001,0.115, 0.004, 0.001,-0.087, -0.412, -0.088,0.110, -0.386, -0.100,-0.134, -0.728, -0.285,0.096, -0.720, -0.288
193227,12.402, -4.229,17,43,51,38,24,65,4,5,22,15,-0.183, 0.487, 0.091,0.161, 0.482, 0.093,-0.223, 0.251, 0.039,0.254, 0.290, 0.168,-0.278, 0.032, 0.089,0.320, 0.294, 0.405,-0.115, -0.004, -0.002,0.115, 0.004, 0.001,-0.087, -0.411, -0.090,0.110, -0.386, -0.100,-0.132, -0.728, -0.288,0.095, -0.720, -0.288
193227,12.389, -4.231,17,43,52,38,24,65,4,5,22,15,-0.183, 0.487, 0.091,0.161, 0.482, 0.095,-0.222, 0.251, 0.038,0.254, 0.290, 0.170,-0.277, 0.032, 0.085,0.320, 0.294, 0.406,-0.115, -0.004, -0.002,0.115, 0.004, 0.001,-0.087, -0.411, -0.090,0.110, -0.386, -0.100,-0.132, -0.728, -0.288,0.095, -0.719, -0.288
193227,12.536, -3.905,17,44,52,39,24,63,4,5,22,15,-0.183, 0.489, 0.091,0.160, 0.483, 0.093,-0.222, 0.252, 0.039,0.253, 0.300, 0.171,-0.277, 0.032, 0.087,0.323, 0.302, 0.407,-0.115, -0.004, -0.002,0.115, 0.004, 0.001,-0.087, -0.411, -0.092,0.111, -0.386, -0.100,-0.132, -0.728, -0.293,0.095, -0.720, -0.288
193227,12.665, -3.746,16,45,52,39,24,62,4,5,22,14,-0.183, 0.490, 0.091,0.160, 0.484, 0.093,-0.222, 0.252, 0.039,0.253, 0.304, 0.171,-0.276, 0.032, 0.089,0.325, 0.306, 0.408,-0.115, -0.004, -0.002,0.115, 0.004, 0.001,-0.087, -0.411, -0.092,0.111, -0.386, -0.100,-0.132, -0.728, -0.294,0.095, -0.720, -0.287
193227,13.168, -3.456,16,45,51,38,25,63,4,6,23,15,-0.183, 0.489, 0.094,0.160, 0.484, 0.093,-0.222, 0.252, 0.045,0.257, 0.304, 0.171,-0.277, 0.031, 0.100,0.334, 0.314, 0.408,-0.115, -0.004, -0.002,0.115, 0.004, 0.001,-0.086, -0.411, -0.094,0.111, -0.386, -0.103,-0.131, -0.728, -0.304,0.095, -0.719, -0.297
193227,13.383, -3.310,16,46,51,38,25,64,4,6,23,15,-0.183, 0.489, 0.096,0.160, 0.484, 0.094,-0.222, 0.252, 0.048,0.259, 0.304, 0.171,-0.277, 0.030, 0.104,0.338, 0.317, 0.408,-0.115, -0.004, -0.002,0.115, 0.004, 0.001,-0.086, -0.411, -0.096,0.111, -0.386, -0.105,-0.131, -0.728, -0.308,0.095, -0.719, -0.303
193227,13.488, -3.238,16,46,50,38,25,64,4,6,23,15,-0.183, 0.489, 0.096,0.161, 0.484, 0.094,-0.223, 0.252, 0.049,0.260, 0.304, 0.172,-0.277, 0.030, 0.106,0.340, 0.319, 0.408,-0.115, -0.004, -0.002,0.115, 0.004, 0.001,-0.086, -0.411, -0.097,0.110, -0.386, -0.107,-0.131, -0.727, -0.310,0.095, -0.718, -0.305
193227,13.842, -2.474,16,48,50,37,25,65,4,6,23,15,-0.184, 0.489, 0.097,0.160, 0.484, 0.094,-0.223, 0.251, 0.050,0.263, 0.312, 0.172,-0.277, 0.029, 0.106,0.346, 0.338, 0.408,-0.115, -0.004, -0.002,0.115, 0.004, 0.001,-0.086, -0.411, -0.097,0.110, -0.386, -0.107,-0.131, -0.727, -0.310,0.092, -0.718, -0.305
193227,14.001, -2.238,17,49,50,37,25,65,4,6,23,15,-0.184, 0.489, 0.097,0.160, 0.484, 0.094,-0.223, 0.251, 0.050,0.265, 0.315, 0.173,-0.278, 0.028, 0.106,0.349, 0.344, 0.409,-0.115, -0.004, -0.002,0.115, 0.004, 0.001,-0.086, -0.411, -0.098,0.110, -0.386, -0.107,-0.131, -0.726, -0.310,0.091, -0.718, -0.305
193227,14.337, -1.645,17,51,49,35,24,65,4,6,22,15,-0.184, 0.488, 0.098,0.159, 0.484, 0.094,-0.224, 0.251, 0.053,0.272, 0.323, 0.173,-0.278, 0.026, 0.109,0.355, 0.359, 0.408,-0.115, -0.004, -0.002,0.115, 0.004, 0.001,-0.086, -0.411, -0.099,0.110, -0.386, -0.109,-0.131, -0.726, -0.308,0.091, -0.718, -0.307
193227,14.476, -1.483,17,52,48,35,24,65,4,6,22,14,-0.185, 0.488, 0.099,0.159, 0.484, 0.094,-0.225, 0.250, 0.054,0.275, 0.326, 0.173,-0.278, 0.026, 0.111,0.357, 0.363, 0.408,-0.115, -0.004, -0.002,0.115, 0.004, 0.001,-0.086, -0.411, -0.099,0.111, -0.386, -0.111,-0.131, -0.726, -0.308,0.091, -0.718, -0.308
193227,14.585, -0.672,17,53,47,34,24,67,4,7,22,15,-0.185, 0.487, 0.099,0.158, 0.485, 0.090,-0.225, 0.250, 0.058,0.280, 0.332, 0.170,-0.277, 0.023, 0.116,0.359, 0.383, 0.404,-0.115, -0.004, -0.001,0.115, 0.004, 0.000,-0.086, -0.412, -0.097,0.112, -0.387, -0.112,-0.131, -0.726, -0.303,0.091, -0.719, -0.311
193227,14.672, -0.464,17,54,47,34,23,67,4,7,22,15,-0.185, 0.486, 0.100,0.158, 0.485, 0.088,-0.225, 0.249, 0.060,0.283, 0.334, 0.169,-0.277, 0.021, 0.119,0.361, 0.388, 0.401,-0.115, -0.004, -0.001,0.115, 0.004, 0.000,-0.086, -0.412, -0.095,0.113, -0.388, -0.113,-0.130, -0.726, -0.300,0.090, -0.720, -0.313
193228,14.874, 0.319,17,57,44,33,24,68,4,7,22,15,-0.185, 0.486, 0.100,0.158, 0.486, 0.087,-0.225, 0.248, 0.064,0.290, 0.342, 0.169,-0.277, 0.020, 0.128,0.364, 0.408, 0.400,-0.115, -0.004, 0.000,0.115, 0.004, 0.000,-0.087, -0.411, -0.095,0.112, -0.388, -0.114,-0.130, -0.725, -0.300,0.089, -0.719, -0.317
193228,14.969, 0.482,17,58,43,33,24,68,4,7,22,15,-0.185, 0.486, 0.101,0.158, 0.487, 0.086,-0.225, 0.247, 0.066,0.294, 0.345, 0.169,-0.277, 0.019, 0.132,0.366, 0.412, 0.400,-0.115, -0.004, 0.000,0.115, 0.004, 0.000,-0.087, -0.411, -0.095,0.112, -0.388, -0.115,-0.130, -0.724, -0.301,0.088, -0.719, -0.319
193228,15.022, 0.514,17,58,42,33,23,68,4,7,22,15,-0.185, 0.485, 0.101,0.158, 0.487, 0.086,-0.225, 0.247, 0.067,0.295, 0.346, 0.169,-0.277, 0.018, 0.133,0.367, 0.413, 0.400,-0.115, -0.004, 0.000,0.115, 0.004, 0.000,-0.087, -0.411, -0.095,0.112, -0.388, -0.115,-0.130, -0.724, -0.301,0.088, -0.719, -0.319
193228,15.005, 1.230,18,61,37,32,23,69,4,7,22,16,-0.185, 0.484, 0.103,0.158, 0.488, 0.087,-0.228, 0.246, 0.074,0.302, 0.358, 0.169,-0.277, 0.016, 0.145,0.367, 0.431, 0.396,-0.115, -0.004, 0.000,0.115, 0.004, -0.001,-0.087, -0.412, -0.094,0.112, -0.388, -0.116,-0.128, -0.725, -0.299,0.088, -0.718, -0.322
193228,14.993, 1.416,19,62,35,32,23,69,4,7,22,16,-0.185, 0.483, 0.105,0.158, 0.489, 0.087,-0.229, 0.246, 0.078,0.304, 0.362, 0.169,-0.277, 0.016, 0.150,0.367, 0.435, 0.394,-0.115, -0.004, 0.000,0.115, 0.004, -0.001,-0.086, -0.413, -0.094,0.112, -0.388, -0.116,-0.128, -0.726, -0.298,0.088, -0.717, -0.324
193228,15.039, 1.914,19,64,33,32,22,70,4,6,23,16,-0.185, 0.481, 0.111,0.158, 0.489, 0.093,-0.230, 0.244, 0.084,0.310, 0.367, 0.178,-0.277, 0.013, 0.153,0.367, 0.448, 0.396,-0.115, -0.004, 0.000,0.115, 0.004, -0.001,-0.086, -0.413, -0.094,0.112, -0.389, -0.115,-0.127, -0.726, -0.306,0.089, -0.717, -0.323
193228,15.074, 2.029,19,65,33,31,22,70,4,6,23,16,-0.185, 0.479, 0.114,0.158, 0.488, 0.096,-0.230, 0.243, 0.088,0.313, 0.368, 0.181,-0.278, 0.012, 0.156,0.368, 0.451, 0.396,-0.115, -0.004, 0.000,0.115, 0.004, -0.001,-0.087, -0.414, -0.094,0.111, -0.389, -0.114,-0.126, -0.726, -0.309,0.089, -0.717, -0.323
193228,15.069, 2.897,20,69,33,31,21,71,4,6,24,17,-0.184, 0.478, 0.114,0.158, 0.489, 0.097,-0.230, 0.242, 0.087,0.320, 0.380, 0.186,-0.278, 0.012, 0.150,0.368, 0.472, 0.397,-0.115, -0.004, 0.000,0.115, 0.004, -0.001,-0.088, -0.412, -0.096,0.109, -0.389, -0.116,-0.126, -0.722, -0.317,0.089, -0.714, -0.332
193228,15.066, 3.076,20,70,32,31,20,70,4,6,24,17,-0.184, 0.478, 0.113,0.158, 0.489, 0.099,-0.230, 0.242, 0.086,0.323, 0.384, 0.190,-0.279, 0.011, 0.148,0.368, 0.477, 0.401,-0.115, -0.004, 0.000,0.115, 0.004, 0.000,-0.088, -0.411, -0.098,0.108, -0.389, -0.118,-0.125, -0.721, -0.322,0.089, -0.712, -0.337
193228,15.007, 3.455,20,71,32,31,21,70,4,6,23,17,-0.184, 0.477, 0.113,0.158, 0.489, 0.100,-0.233, 0.242, 0.086,0.322, 0.388, 0.192,-0.281, 0.011, 0.147,0.367, 0.486, 0.401,-0.115, -0.004, -0.001,0.115, 0.004, 0.000,-0.088, -0.411, -0.098,0.106, -0.389, -0.117,-0.125, -0.721, -0.321,0.087, -0.711, -0.337
193228,14.954, 3.540,20,72,31,31,21,70,4,5,23,17,-0.185, 0.476, 0.114,0.158, 0.489, 0.101,-0.234, 0.241, 0.085,0.322, 0.389, 0.193,-0.283, 0.011, 0.147,0.366, 0.488, 0.401,-0.115, -0.004, -0.001,0.115, 0.004, 0.000,-0.088, -0.411, -0.099,0.105, -0.389, -0.117,-0.125, -0.721, -0.321,0.086, -0.710, -0.336
193228,14.730, 3.786,20,72,33,30,21,72,4,5,23,17,-0.185, 0.474, 0.119,0.156, 0.489, 0.104,-0.234, 0.238, 0.090,0.322, 0.392, 0.193,-0.283, 0.008, 0.149,0.362, 0.495, 0.400,-0.115, -0.004, -0.001,0.115, 0.004, 0.000,-0.089, -0.411, -0.099,0.105, -0.389, -0.117,-0.125, -0.721, -0.319,0.086, -0.710, -0.335
193228,14.609, 3.870,20,73,34,30,20,72,4,5,23,17,-0.186, 0.472, 0.122,0.155, 0.489, 0.106,-0.234, 0.236, 0.091,0.321, 0.393, 0.194,-0.283, 0.006, 0.149,0.360, 0.497, 0.400,-0.115, -0.004, -0.001,0.115, 0.004, 0.000,-0.090, -0.411, -0.099,0.105, -0.390, -0.117,-0.126, -0.721, -0.319,0.086, -0.710, -0.335
193228,14.540, 3.930,20,73,34,30,20,72,4,5,23,17,-0.186, 0.472, 0.122,0.155, 0.489, 0.106,-0.234, 0.235, 0.092,0.321, 0.395, 0.194,-0.283, 0.006, 0.149,0.358, 0.498, 0.399,-0.115, -0.004, -0.001,0.115, 0.004, 0.000,-0.090, -0.411, -0.099,0.105, -0.390, -0.117,-0.126, -0.721, -0.319,0.086, -0.710, -0.335
193228,14.172, 3.827,20,73,35,30,20,73,4,5,23,17,-0.186, 0.472, 0.122,0.154, 0.489, 0.106,-0.234, 0.235, 0.091,0.320, 0.394, 0.195,-0.282, 0.006, 0.145,0.352, 0.496, 0.400,-0.115, -0.004, -0.001,0.115, 0.004, 0.000,-0.090, -0.411, -0.101,0.104, -0.390, -0.120,-0.127, -0.721, -0.320,0.086, -0.710, -0.336
193228,14.010, 3.758,20,73,36,30,20,73,4,5,22,17,-0.186, 0.472, 0.122,0.154, 0.489, 0.106,-0.234, 0.235, 0.090,0.320, 0.394, 0.195,-0.282, 0.006, 0.143,0.349, 0.494, 0.401,-0.115, -0.004, -0.001,0.115, 0.004, 0.000,-0.091, -0.411, -0.102,0.104, -0.390, -0.121,-0.127, -0.721, -0.321,0.086, -0.710, -0.337
193228,13.385, 3.347,20,72,37,31,20,75,4,5,23,16,-0.186, 0.471, 0.122,0.153, 0.489, 0.106,-0.233, 0.236, 0.090,0.320, 0.389, 0.196,-0.281, 0.006, 0.142,0.338, 0.484, 0.402,-0.115, -0.004, -0.001,0.115, 0.004, 0.000,-0.091, -0.410, -0.098,0.104, -0.390, -0.120,-0.128, -0.721, -0.315,0.086, -0.710, -0.335
193228,13.181, 3.185,20,71,38,31,20,76,5,5,23,16,-0.187, 0.471, 0.123,0.153, 0.489, 0.106,-0.233, 0.236, 0.090,0.319, 0.386, 0.196,-0.281, 0.006, 0.142,0.334, 0.480, 0.402,-0.115, -0.004, 0.000,0.115, 0.004, 0.000,-0.091, -0.410, -0.096,0.104, -0.390, -0.119,-0.129, -0.721, -0.311,0.085, -0.711, -0.332
193228,12.438, 2.423,18,68,46,32,19,76,4,5,23,17,-0.186, 0.472, 0.121,0.152, 0.489, 0.106,-0.228, 0.238, 0.081,0.310, 0.376, 0.197,-0.279, 0.008, 0.123,0.321, 0.461, 0.404,-0.115, -0.004, 0.000,0.115, 0.005, 0.000,-0.091, -0.410, -0.096,0.105, -0.389, -0.124,-0.129, -0.719, -0.312,0.086, -0.709, -0.344
193228,12.216, 2.167,18,67,49,32,20,76,4,6,23,17,-0.186, 0.472, 0.120,0.151, 0.489, 0.106,-0.226, 0.239, 0.076,0.306, 0.372, 0.197,-0.278, 0.010, 0.117,0.317, 0.454, 0.406,-0.115, -0.004, -0.001,0.115, 0.005, 0.000,-0.091, -0.410, -0.096,0.106, -0.388, -0.126,-0.129, -0.719, -0.312,0.087, -0.708, -0.349
193228,12.129, 2.070,17,66,51,32,20,76,4,6,23,16,-0.186, 0.472, 0.119,0.150, 0.489, 0.106,-0.225, 0.240, 0.075,0.304, 0.371, 0.197,-0.277, 0.011, 0.115,0.316, 0.452, 0.407,-0.115, -0.004, -0.001,0.115, 0.005, 0.000,-0.091, -0.409, -0.096,0.106, -0.388, -0.128,-0.129, -0.718, -0.312,0.088, -0.708, -0.350
193228,11.953, 2.002,17,65,52,32,20,78,4,6,23,16,-0.186, 0.473, 0.119,0.150, 0.490, 0.105,-0.222, 0.243, 0.075,0.304, 0.368, 0.194,-0.272, 0.013, 0.116,0.313, 0.450, 0.403,-0.115, -0.004, 0.000,0.115, 0.005, -0.001,-0.091, -0.409, -0.096,0.108, -0.388, -0.128,-0.131, -0.718, -0.310,0.090, -0.708, -0.348
193229,11.884, 1.973,17,65,53,31,21,79,4,6,23,16,-0.186, 0.474, 0.119,0.150, 0.490, 0.105,-0.221, 0.245, 0.075,0.304, 0.366, 0.192,-0.269, 0.014, 0.117,0.311, 0.449, 0.401,-0.115, -0.004, 0.000,0.115, 0.005, -0.001,-0.091, -0.409, -0.096,0.108, -0.388, -0.128,-0.133, -0.718, -0.309,0.091, -0.708, -0.346
193229,11.723, 1.736,16,64,54,31,21,79,4,6,23,16,-0.185, 0.475, 0.117,0.150, 0.490, 0.105,-0.220, 0.248, 0.073,0.303, 0.363, 0.192,-0.267, 0.017, 0.116,0.308, 0.443, 0.401,-0.115, -0.004, 0.000,0.115, 0.005, -0.001,-0.091, -0.409, -0.095,0.109, -0.388, -0.127,-0.131, -0.716, -0.313,0.091, -0.707, -0.347
193229,11.623, 1.647,16,63,54,31,21,79,4,6,24,16,-0.185, 0.476, 0.117,0.150, 0.490, 0.105,-0.219, 0.250, 0.072,0.303, 0.361, 0.192,-0.266, 0.019, 0.116,0.307, 0.441, 0.401,-0.115, -0.005, 0.000,0.115, 0.005, -0.001,-0.091, -0.409, -0.094,0.110, -0.388, -0.127,-0.130, -0.715, -0.314,0.091, -0.706, -0.348
193229,11.334, 1.264,16,62,56,32,22,78,4,6,24,17,-0.185, 0.478, 0.114,0.149, 0.491, 0.103,-0.217, 0.252, 0.068,0.297, 0.358, 0.191,-0.265, 0.021, 0.113,0.301, 0.432, 0.401,-0.115, -0.005, 0.000,0.115, 0.005, -0.001,-0.091, -0.409, -0.096,0.111, -0.388, -0.127,-0.130, -0.715, -0.317,0.090, -0.706, -0.347
193229,11.217, 1.105,15,61,57,32,22,78,4,6,24,17,-0.185, 0.480, 0.112,0.148, 0.492, 0.101,-0.216, 0.253, 0.066,0.294, 0.356, 0.189,-0.265, 0.022, 0.113,0.299, 0.428, 0.400,-0.115, -0.005, 0.000,0.115, 0.005, -0.001,-0.091, -0.409, -0.096,0.113, -0.388, -0.127,-0.130, -0.715, -0.318,0.090, -0.706, -0.347
193229,11.259, 0.771,15,59,56,32,22,77,4,7,24,17,-0.185, 0.481, 0.108,0.148, 0.493, 0.096,-0.216, 0.253, 0.064,0.293, 0.354, 0.182,-0.265, 0.022, 0.113,0.300, 0.419, 0.397,-0.115, -0.005, 0.000,0.115, 0.005, -0.001,-0.089, -0.410, -0.097,0.115, -0.387, -0.127,-0.128, -0.715, -0.318,0.091, -0.706, -0.347
193229,11.286, 0.660,15,59,56,33,22,77,4,8,24,17,-0.185, 0.483, 0.105,0.148, 0.494, 0.092,-0.216, 0.253, 0.063,0.292, 0.353, 0.179,-0.265, 0.022, 0.113,0.301, 0.417, 0.394,-0.115, -0.005, 0.000,0.115, 0.005, -0.001,-0.088, -0.410, -0.098,0.116, -0.387, -0.128,-0.128, -0.715, -0.319,0.093, -0.706, -0.347
193229,11.307, 0.620,15,58,55,33,22,77,4,8,24,16,-0.185, 0.484, 0.103,0.148, 0.494, 0.090,-0.216, 0.254, 0.062,0.291, 0.352, 0.176,-0.265, 0.022, 0.113,0.301, 0.416, 0.392,-0.115, -0.005, 0.000,0.114, 0.005, -0.001,-0.088, -0.411, -0.099,0.117, -0.387, -0.128,-0.127, -0.716, -0.319,0.094, -0.706, -0.345
193229,11.365, 0.527,15,57,56,32,23,78,4,7,24,18,-0.185, 0.484, 0.103,0.148, 0.494, 0.090,-0.215, 0.253, 0.062,0.291, 0.348, 0.173,-0.264, 0.021, 0.116,0.302, 0.413, 0.386,-0.115, -0.005, 0.000,0.114, 0.006, -0.001,-0.088, -0.411, -0.098,0.119, -0.387, -0.119,-0.127, -0.715, -0.321,0.095, -0.706, -0.336
193229,11.402, 0.475,15,56,57,32,23,79,4,7,25,18,-0.185, 0.484, 0.103,0.148, 0.494, 0.090,-0.214, 0.253, 0.062,0.291, 0.346, 0.172,-0.263, 0.021, 0.118,0.303, 0.412, 0.385,-0.115, -0.005, 0.000,0.114, 0.006, -0.001,-0.089, -0.412, -0.097,0.121, -0.387, -0.115,-0.128, -0.715, -0.322,0.096, -0.706, -0.332
193229,11.486, 0.370,15,56,57,32,23,78,4,7,23,17,-0.186, 0.484, 0.103,0.147, 0.494, 0.090,-0.215, 0.252, 0.062,0.289, 0.343, 0.172,-0.263, 0.021, 0.118,0.304, 0.409, 0.387,-0.115, -0.005, 0.000,0.114, 0.006, -0.001,-0.089, -0.411, -0.097,0.120, -0.387, -0.116,-0.129, -0.716, -0.308,0.095, -0.706, -0.329
193229,11.553, 0.330,15,55,57,32,23,78,5,7,22,17,-0.187, 0.484, 0.103,0.147, 0.494, 0.090,-0.215, 0.252, 0.062,0.288, 0.342, 0.172,-0.264, 0.021, 0.119,0.305, 0.408, 0.388,-0.115, -0.005, 0.000,0.114, 0.006, -0.001,-0.090, -0.410, -0.096,0.119, -0.386, -0.116,-0.130, -0.716, -0.304,0.095, -0.706, -0.328
193229,12.027, -0.020,15,55,57,32,24,75,4,7,23,17,-0.187, 0.484, 0.101,0.148, 0.494, 0.086,-0.215, 0.251, 0.059,0.288, 0.341, 0.169,-0.264, 0.019, 0.116,0.314, 0.399, 0.388,-0.115, -0.005, 0.000,0.114, 0.006, -0.001,-0.089, -0.410, -0.088,0.119, -0.386, -0.116,-0.130, -0.716, -0.294,0.095, -0.707, -0.328
193229,12.253, -0.151,15,55,58,33,24,74,4,7,24,17,-0.186, 0.484, 0.100,0.149, 0.494, 0.085,-0.215, 0.250, 0.057,0.287, 0.340, 0.166,-0.264, 0.018, 0.114,0.318, 0.396, 0.388,-0.115, -0.005, 0.000,0.114, 0.006, -0.001,-0.088, -0.410, -0.085,0.119, -0.386, -0.116,-0.130, -0.716, -0.291,0.094, -0.707, -0.328
193229,12.280, -0.886,15,53,59,34,24,69,4,7,23,17,-0.188, 0.484, 0.096,0.148, 0.495, 0.084,-0.217, 0.249, 0.052,0.279, 0.340, 0.167,-0.265, 0.018, 0.109,0.318, 0.378, 0.396,-0.115, -0.005, 0.000,0.114, 0.006, -0.001,-0.089, -0.410, -0.084,0.116, -0.386, -0.113,-0.132, -0.717, -0.287,0.093, -0.707, -0.321
193229,12.316, -1.093,15,53,59,34,25,67,5,7,23,17,-0.189, 0.484, 0.094,0.148, 0.495, 0.084,-0.217, 0.249, 0.048,0.276, 0.340, 0.167,-0.265, 0.018, 0.106,0.319, 0.373, 0.400,-0.115, -0.005, 0.000,0.114, 0.006, -0.001,-0.090, -0.410, -0.084,0.115, -0.386, -0.112,-0.134, -0.717, -0.285,0.093, -0.707, -0.318
193229,12.344, -1.171,15,53,59,34,25,67,5,7,23,17,-0.190, 0.484, 0.093,0.148, 0.495, 0.084,-0.218, 0.249, 0.047,0.274, 0.340, 0.167,-0.266, 0.018, 0.105,0.319, 0.371, 0.402,-0.115, -0.005, 0.000,0.114, 0.006, -0.001,-0.091, -0.410, -0.083,0.114, -0.386, -0.112,-0.135, -0.717, -0.284,0.093, -0.707, -0.317
193229,12.371, -1.703,15,50,58,35,24,66,5,6,23,16,-0.190, 0.484, 0.092,0.148, 0.494, 0.084,-0.220, 0.248, 0.047,0.269, 0.329, 0.167,-0.266, 0.018, 0.105,0.320, 0.357, 0.402,-0.115, -0.005, 0.000,0.115, 0.006, -0.001,-0.090, -0.410, -0.080,0.114, -0.386, -0.104,-0.135, -0.721, -0.276,0.095, -0.709, -0.300
193229,12.394, -1.809,15,49,57,36,24,67,5,5,23,16,-0.190, 0.484, 0.092,0.148, 0.494, 0.084,-0.220, 0.248, 0.048,0.267, 0.327, 0.167,-0.266, 0.018, 0.106,0.320, 0.355, 0.402,-0.115, -0.005, 0.000,0.115, 0.006, -0.001,-0.090, -0.411, -0.078,0.114, -0.386, -0.102,-0.135, -0.723, -0.271,0.097, -0.710, -0.294
193229,12.428, -1.898,15,50,57,36,24,66,5,5,23,16,-0.191, 0.484, 0.092,0.148, 0.494, 0.085,-0.220, 0.248, 0.048,0.266, 0.327, 0.168,-0.266, 0.018, 0.106,0.321, 0.353, 0.406,-0.115, -0.005, 0.000,0.115, 0.006, -0.001,-0.092, -0.410, -0.081,0.114, -0.386, -0.102,-0.139, -0.722, -0.279,0.096, -0.711, -0.297
193229,12.451, -1.953,15,50,58,36,24,65,5,5,23,16,-0.191, 0.484, 0.092,0.148, 0.494, 0.085,-0.220, 0.248, 0.048,0.266, 0.327, 0.169,-0.266, 0.017, 0.106,0.321, 0.351, 0.408,-0.115, -0.005, 0.000,0.115, 0.006, -0.001,-0.093, -0.410, -0.083,0.113, -0.385, -0.102,-0.141, -0.721, -0.283,0.096, -0.711, -0.298
193229,12.536, -2.027,15,49,59,37,24,64,6,5,22,16,-0.193, 0.485, 0.090,0.147, 0.494, 0.085,-0.221, 0.247, 0.045,0.261, 0.327, 0.169,-0.266, 0.017, 0.100,0.323, 0.349, 0.408,-0.115, -0.005, -0.001,0.115, 0.006, 0.000,-0.093, -0.410, -0.083,0.113, -0.385, -0.101,-0.143, -0.723, -0.277,0.094, -0.712, -0.294
193230,12.564, -2.061,15,49,60,37,24,63,6,5,22,16,-0.194, 0.485, 0.088,0.146, 0.494, 0.085,-0.221, 0.247, 0.043,0.258, 0.328, 0.169,-0.267, 0.016, 0.097,0.323, 0.348, 0.409,-0.115, -0.005, -0.001,0.115, 0.006, 0.000,-0.093, -0.411, -0.083,0.113, -0.385, -0.099,-0.143, -0.724, -0.274,0.093, -0.713, -0.289
193230,12.572, -2.096,15,49,60,37,24,63,6,5,22,15,-0.195, 0.485, 0.087,0.145, 0.494, 0.085,-0.221, 0.246, 0.042,0.256, 0.328, 0.169,-0.267, 0.016, 0.095,0.323, 0.348, 0.409,-0.115, -0.005, -0.001,0.115, 0.006, 0.000,-0.094, -0.411, -0.083,0.112, -0.385, -0.097,-0.144, -0.726, -0.273,0.093, -0.714, -0.285
193230,12.580, -2.492,15,48,59,37,24,62,6,5,22,15,-0.195, 0.485, 0.088,0.145, 0.494, 0.086,-0.222, 0.246, 0.042,0.254, 0.324, 0.169,-0.270, 0.017, 0.095,0.324, 0.338, 0.410,-0.115, -0.005, -0.001,0.115, 0.006, 0.000,-0.093, -0.411, -0.085,0.112, -0.385, -0.098,-0.144, -0.727, -0.274,0.093, -0.714, -0.286
193230,12.589, -2.660,15,47,59,37,24,62,6,5,21,15,-0.195, 0.485, 0.088,0.146, 0.494, 0.087,-0.223, 0.246, 0.042,0.253, 0.322, 0.170,-0.272, 0.018, 0.096,0.324, 0.333, 0.411,-0.115, -0.005, -0.001,0.115, 0.006, 0.000,-0.093, -0.411, -0.086,0.112, -0.385, -0.099,-0.144, -0.727, -0.275,0.093, -0.714, -0.287
193230,12.994, -2.630,15,47,59,37,24,62,6,5,21,15,-0.194, 0.485, 0.091,0.147, 0.494, 0.088,-0.223, 0.246, 0.045,0.255, 0.322, 0.170,-0.272, 0.018, 0.100,0.331, 0.334, 0.412,-0.115, -0.005, -0.001,0.115, 0.006, 0.000,-0.093, -0.411, -0.086,0.112, -0.386, -0.100,-0.143, -0.727, -0.276,0.093, -0.715, -0.291
193230,13.209, -2.609,15,48,58,37,24,61,6,5,22,16,-0.194, 0.485, 0.092,0.148, 0.494, 0.088,-0.223, 0.246, 0.046,0.257, 0.322, 0.170,-0.272, 0.018, 0.102,0.335, 0.335, 0.412,-0.115, -0.005, -0.001,0.115, 0.006, 0.000,-0.093, -0.411, -0.085,0.112, -0.386, -0.101,-0.143, -0.727, -0.276,0.093, -0.715, -0.294
193230,13.360, -2.053,15,49,58,37,24,62,6,5,21,15,-0.194, 0.485, 0.092,0.148, 0.494, 0.088,-0.223, 0.246, 0.046,0.261, 0.327, 0.172,-0.272, 0.018, 0.102,0.338, 0.349, 0.413,-0.115, -0.005, -0.001,0.115, 0.006, 0.000,-0.093, -0.411, -0.088,0.112, -0.386, -0.105,-0.143, -0.727, -0.280,0.093, -0.715, -0.302
193230,13.441, -1.812,15,50,58,37,24,62,6,6,21,15,-0.194, 0.485, 0.093,0.148, 0.494, 0.088,-0.223, 0.246, 0.046,0.263, 0.330, 0.174,-0.273, 0.018, 0.102,0.339, 0.355, 0.414,-0.115, -0.005, -0.001,0.115, 0.006, 0.000,-0.093, -0.411, -0.089,0.112, -0.386, -0.108,-0.143, -0.727, -0.282,0.093, -0.715, -0.306
193230,13.527, -0.765,16,53,55,34,24,67,6,6,21,15,-0.193, 0.485, 0.094,0.149, 0.494, 0.088,-0.224, 0.247, 0.050,0.279, 0.337, 0.174,-0.273, 0.018, 0.107,0.340, 0.381, 0.410,-0.115, -0.005, -0.001,0.115, 0.006, 0.000,-0.093, -0.411, -0.088,0.112, -0.386, -0.112,-0.144, -0.727, -0.280,0.091, -0.715, -0.315
193230,13.579, -0.464,16,55,54,33,24,68,5,7,21,15,-0.193, 0.485, 0.095,0.150, 0.494, 0.088,-0.225, 0.247, 0.052,0.285, 0.340, 0.174,-0.274, 0.017, 0.109,0.341, 0.388, 0.407,-0.115, -0.005, -0.001,0.115, 0.006, 0.000,-0.093, -0.411, -0.088,0.112, -0.386, -0.114,-0.144, -0.726, -0.279,0.091, -0.715, -0.317
193230,13.612, -0.367,16,55,52,33,24,68,5,7,22,15,-0.192, 0.485, 0.095,0.150, 0.494, 0.088,-0.225, 0.247, 0.053,0.288, 0.342, 0.174,-0.274, 0.017, 0.111,0.342, 0.391, 0.406,-0.115, -0.005, -0.001,0.115, 0.006, 0.000,-0.093, -0.411, -0.087,0.112, -0.386, -0.116,-0.144, -0.726, -0.278,0.090, -0.715, -0.319
193230,13.525, 0.184,16,57,51,32,23,70,5,6,22,15,-0.190, 0.483, 0.098,0.151, 0.493, 0.094,-0.225, 0.247, 0.055,0.291, 0.344, 0.182,-0.274, 0.015, 0.112,0.340, 0.405, 0.410,-0.115, -0.005, -0.001,0.115, 0.006, 0.000,-0.093, -0.411, -0.092,0.112, -0.386, -0.116,-0.142, -0.725, -0.290,0.090, -0.715, -0.324
193230,13.490, 0.364,17,58,50,32,23,71,5,6,22,16,-0.189, 0.481, 0.099,0.152, 0.492, 0.096,-0.225, 0.247, 0.056,0.293, 0.345, 0.184,-0.274, 0.014, 0.113,0.340, 0.409, 0.411,-0.115, -0.005, -0.001,0.115, 0.006, 0.000,-0.093, -0.411, -0.094,0.112, -0.387, -0.116,-0.140, -0.725, -0.295,0.090, -0.715, -0.324
193230,13.485, 1.086,17,61,50,31,23,72,5,6,21,16,-0.188, 0.481, 0.106,0.152, 0.492, 0.099,-0.224, 0.247, 0.065,0.302, 0.356, 0.187,-0.273, 0.014, 0.121,0.340, 0.427, 0.411,-0.115, -0.005, -0.001,0.115, 0.006, 0.000,-0.093, -0.412, -0.099,0.113, -0.388, -0.116,-0.137, -0.726, -0.304,0.093, -0.715, -0.324
193230,13.481, 1.265,17,63,49,31,23,72,5,6,21,16,-0.188, 0.480, 0.109,0.153, 0.492, 0.101,-0.224, 0.247, 0.069,0.306, 0.361, 0.189,-0.273, 0.014, 0.125,0.340, 0.432, 0.411,-0.115, -0.005, -0.001,0.115, 0.006, 0.000,-0.092, -0.413, -0.101,0.113, -0.388, -0.116,-0.135, -0.726, -0.308,0.095, -0.715, -0.324
193230,13.451, 1.891,17,65,49,30,23,73,5,6,21,16,-0.187, 0.479, 0.109,0.153, 0.492, 0.102,-0.223, 0.247, 0.068,0.312, 0.370, 0.191,-0.273, 0.013, 0.123,0.339, 0.447, 0.410,-0.115, -0.005, -0.001,0.115, 0.006, 0.000,-0.091, -0.413, -0.101,0.113, -0.388, -0.116,-0.131, -0.726, -0.308,0.094, -0.714, -0.324
193230,13.432, 2.043,17,66,49,29,22,74,4,6,21,16,-0.186, 0.479, 0.109,0.154, 0.492, 0.103,-0.223, 0.246, 0.068,0.315, 0.373, 0.191,-0.273, 0.013, 0.121,0.339, 0.451, 0.408,-0.115, -0.005, -0.001,0.115, 0.006, 0.001,-0.091, -0.413, -0.101,0.113, -0.388, -0.116,-0.129, -0.726, -0.309,0.093, -0.714, -0.326
193230,13.221, 3.239,17,69,49,30,22,77,4,7,23,17,-0.186, 0.476, 0.114,0.154, 0.492, 0.104,-0.223, 0.245, 0.073,0.316, 0.384, 0.192,-0.273, 0.013, 0.123,0.335, 0.481, 0.403,-0.115, -0.005, -0.001,0.115, 0.006, 0.000,-0.091, -0.412, -0.096,0.112, -0.388, -0.127,-0.130, -0.722, -0.309,0.092, -0.709, -0.355
193230,13.080, 3.447,17,70,49,30,21,77,4,7,23,17,-0.185, 0.475, 0.118,0.154, 0.492, 0.106,-0.223, 0.244, 0.077,0.317, 0.387, 0.194,-0.273, 0.012, 0.125,0.333, 0.486, 0.401,-0.115, -0.005, -0.001,0.115, 0.006, 0.000,-0.091, -0.412, -0.094,0.111, -0.388, -0.132,-0.130, -0.720, -0.309,0.091, -0.707, -0.363
193230,12.983, 3.435,17,70,49,30,21,78,4,7,24,17,-0.185, 0.473, 0.120,0.154, 0.492, 0.108,-0.223, 0.243, 0.079,0.317, 0.387, 0.196,-0.273, 0.012, 0.126,0.331, 0.486, 0.401,-0.115, -0.005, 0.000,0.115, 0.006, -0.001,-0.091, -0.412, -0.092,0.111, -0.388, -0.135,-0.130, -0.718, -0.309,0.091, -0.705, -0.368
193230,12.739, 4.455,17,74,48,30,21,77,5,7,24,17,-0.185, 0.473, 0.119,0.154, 0.495, 0.107,-0.224, 0.242, 0.078,0.317, 0.406, 0.196,-0.276, 0.012, 0.123,0.326, 0.511, 0.401,-0.115, -0.005, 0.000,0.115, 0.005, -0.001,-0.091, -0.411, -0.090,0.111, -0.388, -0.134,-0.131, -0.717, -0.306,0.091, -0.705, -0.366
193230,12.621, 4.633,18,75,47,30,20,77,5,7,24,17,-0.185, 0.473, 0.118,0.154, 0.496, 0.107,-0.224, 0.242, 0.077,0.317, 0.410, 0.196,-0.278, 0.012, 0.122,0.324, 0.516, 0.400,-0.115, -0.005, 0.000,0.115, 0.005, -0.001,-0.091, -0.410, -0.089,0.111, -0.388, -0.134,-0.131, -0.715, -0.304,0.090, -0.704, -0.364
193230,12.534, 5.230,18,77,46,30,21,77,5,6,24,16,-0.185, 0.472, 0.118,0.153, 0.496, 0.108,-0.224, 0.239, 0.080,0.317, 0.419, 0.197,-0.278, 0.010, 0.128,0.323, 0.531, 0.398,-0.115, -0.005, 0.000,0.115, 0.005, 0.000,-0.091, -0.410, -0.089,0.111, -0.388, -0.127,-0.131, -0.716, -0.304,0.090, -0.705, -0.346
193231,12.476, 5.342,18,78,45,30,21,76,5,6,24,16,-0.185, 0.471, 0.118,0.153, 0.496, 0.108,-0.224, 0.237, 0.080,0.317, 0.422, 0.198,-0.278, 0.009, 0.128,0.322, 0.534, 0.397,-0.115, -0.005, 0.000,0.115, 0.005, 0.000,-0.091, -0.410, -0.089,0.111, -0.389, -0.124,-0.131, -0.716, -0.304,0.090, -0.706, -0.338
193231,12.384, 5.681,18,80,44,30,20,77,5,5,24,16,-0.185, 0.469, 0.120,0.152, 0.497, 0.108,-0.224, 0.236, 0.084,0.319, 0.429, 0.197,-0.278, 0.008, 0.132,0.320, 0.542, 0.389,-0.115, -0.005, 0.000,0.115, 0.005, -0.001,-0.091, -0.410, -0.089,0.111, -0.389, -0.123,-0.131, -0.717, -0.304,0.090, -0.707, -0.335
193231,12.327, 5.747,18,80,44,30,20,77,5,5,24,16,-0.185, 0.468, 0.122,0.152, 0.497, 0.107,-0.224, 0.235, 0.087,0.319, 0.431, 0.197,-0.278, 0.008, 0.135,0.319, 0.544, 0.385,-0.115, -0.005, 0.000,0.115, 0.005, -0.001,-0.091, -0.410, -0.089,0.111, -0.390, -0.122,-0.132, -0.717, -0.304,0.090, -0.707, -0.334
193231,12.330, 6.022,18,82,44,30,20,77,5,5,24,16,-0.185, 0.468, 0.122,0.152, 0.498, 0.106,-0.224, 0.235, 0.086,0.322, 0.438, 0.195,-0.278, 0.008, 0.135,0.319, 0.551, 0.382,-0.115, -0.005, 0.000,0.115, 0.005, -0.001,-0.092, -0.410, -0.087,0.111, -0.390, -0.121,-0.132, -0.717, -0.303,0.091, -0.707, -0.332
193231,12.333, 6.106,18,82,45,30,20,77,5,5,24,16,-0.185, 0.468, 0.122,0.152, 0.498, 0.105,-0.224, 0.235, 0.086,0.323, 0.440, 0.195,-0.277, 0.008, 0.135,0.319, 0.553, 0.381,-0.115, -0.005, 0.000,0.115, 0.005, -0.001,-0.092, -0.410, -0.087,0.112, -0.390, -0.120,-0.133, -0.717, -0.303,0.091, -0.707, -0.331
193231,12.337, 6.135,18,82,45,30,20,77,5,5,24,17,-0.186, 0.468, 0.121,0.152, 0.499, 0.105,-0.224, 0.235, 0.086,0.324, 0.441, 0.194,-0.277, 0.007, 0.135,0.319, 0.553, 0.380,-0.115, -0.005, 0.001,0.115, 0.005, -0.001,-0.092, -0.410, -0.087,0.112, -0.390, -0.120,-0.133, -0.717, -0.303,0.092, -0.708, -0.330
193231,12.348, 6.561,18,84,43,29,21,77,5,5,24,17,-0.186, 0.469, 0.121,0.153, 0.499, 0.107,-0.224, 0.235, 0.087,0.325, 0.447, 0.196,-0.278, 0.007, 0.140,0.320, 0.564, 0.381,-0.115, -0.005, 0.000,0.115, 0.005, -0.001,-0.091, -0.410, -0.087,0.111, -0.390, -0.117,-0.133, -0.717, -0.303,0.090, -0.707, -0.326
193231,12.352, 6.764,18,85,41,29,21,77,5,5,24,17,-0.186, 0.469, 0.121,0.153, 0.499, 0.107,-0.224, 0.235, 0.090,0.326, 0.450, 0.197,-0.278, 0.007, 0.145,0.320, 0.569, 0.381,-0.115, -0.005, 0.000,0.115, 0.005, -0.001,-0.091, -0.410, -0.087,0.111, -0.390, -0.115,-0.133, -0.718, -0.303,0.088, -0.707, -0.324
193231,12.347, 7.428,18,88,41,29,20,75,5,5,25,17,-0.186, 0.469, 0.117,0.153, 0.500, 0.106,-0.224, 0.235, 0.085,0.326, 0.462, 0.197,-0.279, 0.006, 0.138,0.319, 0.586, 0.377,-0.115, -0.004, 0.000,0.115, 0.005, -0.001,-0.092, -0.409, -0.089,0.110, -0.390, -0.116,-0.133, -0.715, -0.311,0.088, -0.705, -0.330
193231,12.333, 7.564,18,89,41,29,20,75,5,5,25,18,-0.186, 0.469, 0.115,0.153, 0.500, 0.105,-0.225, 0.235, 0.083,0.326, 0.465, 0.197,-0.279, 0.006, 0.135,0.319, 0.589, 0.376,-0.115, -0.004, 0.000,0.115, 0.005, -0.001,-0.092, -0.409, -0.092,0.110, -0.389, -0.118,-0.133, -0.714, -0.315,0.088, -0.704, -0.333
193231,12.385, 8.522,18,93,38,29,20,73,5,5,24,17,-0.186, 0.468, 0.116,0.153, 0.500, 0.105,-0.225, 0.232, 0.087,0.328, 0.479, 0.197,-0.280, 0.004, 0.143,0.320, 0.613, 0.375,-0.115, -0.004, 0.000,0.115, 0.005, -0.001,-0.092, -0.409, -0.090,0.110, -0.389, -0.117,-0.134, -0.714, -0.310,0.088, -0.704, -0.331
193231,12.439, 8.736,18,94,36,29,20,73,5,5,24,17,-0.186, 0.468, 0.116,0.154, 0.500, 0.105,-0.225, 0.230, 0.089,0.330, 0.484, 0.198,-0.280, 0.003, 0.146,0.321, 0.618, 0.375,-0.116, -0.004, 0.000,0.115, 0.005, -0.001,-0.092, -0.409, -0.090,0.110, -0.389, -0.117,-0.134, -0.714, -0.308,0.089, -0.705, -0.330
193231,12.502, 9.863,19,98,35,30,20,71,5,5,25,18,-0.186, 0.467, 0.116,0.153, 0.500, 0.104,-0.225, 0.228, 0.091,0.330, 0.498, 0.198,-0.280, 0.002, 0.149,0.322, 0.647, 0.372,-0.116, -0.004, 0.000,0.115, 0.004, -0.001,-0.092, -0.408, -0.089,0.109, -0.389, -0.115,-0.134, -0.713, -0.307,0.087, -0.705, -0.327
193231,12.521, 10.133,19,99,34,30,20,70,5,5,25,18,-0.186, 0.466, 0.116,0.153, 0.500, 0.104,-0.225, 0.225, 0.091,0.330, 0.502, 0.198,-0.281, 0.000, 0.151,0.323, 0.653, 0.371,-0.116, -0.004, 0.000,0.116, 0.004, -0.001,-0.092, -0.408, -0.089,0.108, -0.389, -0.113,-0.134, -0.713, -0.307,0.085, -0.705, -0.325
193231,12.568, 11.235,19,104,35,30,21,66,5,4,24,17,-0.189, 0.464, 0.116,0.151, 0.501, 0.101,-0.225, 0.219, 0.092,0.327, 0.520, 0.196,-0.281, -0.004, 0.154,0.323, 0.681, 0.368,-0.116, -0.004, 0.001,0.116, 0.004, -0.001,-0.093, -0.408, -0.089,0.107, -0.389, -0.111,-0.136, -0.714, -0.303,0.085, -0.705, -0.315
193231,12.584, 11.418,19,105,34,30,21,65,5,4,24,17,-0.190, 0.463, 0.116,0.149, 0.501, 0.100,-0.226, 0.216, 0.093,0.325, 0.524, 0.194,-0.281, -0.006, 0.157,0.324, 0.685, 0.366,-0.116, -0.003, 0.001,0.116, 0.004, -0.002,-0.093, -0.408, -0.089,0.107, -0.389, -0.110,-0.137, -0.715, -0.302,0.085, -0.705, -0.311
193231,12.590, 11.402,19,105,34,31,21,64,5,4,24,17,-0.191, 0.462, 0.116,0.148, 0.501, 0.099,-0.226, 0.214, 0.094,0.324, 0.525, 0.194,-0.281, -0.007, 0.157,0.324, 0.685, 0.366,-0.116, -0.003, 0.001,0.116, 0.004, -0.002,-0.093, -0.408, -0.089,0.107, -0.389, -0.110,-0.137, -0.715, -0.301,0.085, -0.705, -0.311
193231,12.754, 11.794,19,107,35,31,21,63,6,4,24,17,-0.191, 0.462, 0.116,0.148, 0.501, 0.099,-0.226, 0.214, 0.094,0.325, 0.532, 0.194,-0.281, -0.009, 0.157,0.327, 0.695, 0.364,-0.116, -0.003, 0.001,0.116, 0.004, -0.002,-0.095, -0.408, -0.089,0.106, -0.388, -0.108,-0.138, -0.714, -0.302,0.087, -0.705, -0.311
193231,12.809, 11.860,18,107,35,30,21,63,6,4,24,17,-0.191, 0.461, 0.116,0.148, 0.502, 0.099,-0.226, 0.214, 0.093,0.325, 0.534, 0.194,-0.281, -0.010, 0.156,0.328, 0.697, 0.364,-0.116, -0.003, 0.001,0.116, 0.004, -0.002,-0.095, -0.408, -0.089,0.106, -0.388, -0.107,-0.139, -0.713, -0.303,0.088, -0.704, -0.311
193231,12.809, 12.000,19,108,31,31,21,62,6,4,24,17,-0.192, 0.461, 0.116,0.147, 0.503, 0.098,-0.227, 0.213, 0.097,0.325, 0.538, 0.194,-0.283, -0.010, 0.163,0.328, 0.702, 0.364,-0.116, -0.003, 0.001,0.116, 0.004, -0.002,-0.097, -0.407, -0.088,0.106, -0.388, -0.108,-0.143, -0.713, -0.300,0.086, -0.703, -0.313
193231,12.793, 12.000,19,108,29,31,21,61,6,4,24,17,-0.193, 0.461, 0.117,0.146, 0.503, 0.098,-0.228, 0.212, 0.100,0.324, 0.539, 0.195,-0.283, -0.010, 0.167,0.327, 0.704, 0.366,-0.116, -0.003, 0.002,0.116, 0.004, -0.002,-0.098, -0.406, -0.088,0.105, -0.387, -0.108,-0.145, -0.712, -0.299,0.085, -0.703, -0.314
193231,12.873, 12.000,19,108,29,31,21,61,6,4,24,18,-0.193, 0.460, 0.117,0.148, 0.503, 0.099,-0.227, 0.211, 0.099,0.325, 0.539, 0.195,-0.283, -0.011, 0.167,0.329, 0.705, 0.366,-0.116, -0.003, 0.001,0.116, 0.003, -0.002,-0.097, -0.405, -0.091,0.105, -0.386, -0.107,-0.143, -0.709, -0.305,0.085, -0.702, -0.313
193232,12.928, 12.000,19,109,30,31,21,61,6,4,24,17,-0.193, 0.460, 0.116,0.148, 0.503, 0.100,-0.227, 0.211, 0.098,0.326, 0.540, 0.195,-0.282, -0.011, 0.166,0.330, 0.706, 0.366,-0.116, -0.002, 0.001,0.116, 0.003, -0.002,-0.097, -0.405, -0.093,0.105, -0.386, -0.107,-0.142, -0.708, -0.308,0.085, -0.701, -0.313
193232,12.908, 12.000,19,109,31,30,21,61,6,4,23,17,-0.192, 0.460, 0.117,0.148, 0.503, 0.101,-0.225, 0.211, 0.098,0.325, 0.541, 0.196,-0.281, -0.011, 0.166,0.329, 0.706, 0.367,-0.116, -0.002, 0.001,0.116, 0.003, -0.002,-0.096, -0.405, -0.094,0.105, -0.386, -0.107,-0.140, -0.709, -0.308,0.087, -0.701, -0.312
193232,12.893, 12.000,19,109,32,30,21,61,6,4,23,17,-0.192, 0.460, 0.117,0.148, 0.504, 0.102,-0.224, 0.211, 0.098,0.325, 0.541, 0.197,-0.281, -0.011, 0.166,0.329, 0.706, 0.368,-0.116, -0.002, 0.001,0.116, 0.003, -0.002,-0.096, -0.405, -0.096,0.105, -0.386, -0.107,-0.139, -0.709, -0.308,0.089, -0.701, -0.311
193232,12.888, 12.000,18,109,32,30,21,61,6,3,22,17,-0.192, 0.460, 0.117,0.148, 0.504, 0.103,-0.223, 0.211, 0.098,0.324, 0.542, 0.198,-0.280, -0.011, 0.165,0.329, 0.706, 0.369,-0.116, -0.002, 0.001,0.116, 0.003, -0.002,-0.096, -0.405, -0.097,0.105, -0.386, -0.107,-0.139, -0.710, -0.308,0.090, -0.702, -0.311
193232,12.887, 12.000,19,109,31,30,21,61,6,3,23,17,-0.192, 0.460, 0.118,0.148, 0.504, 0.103,-0.224, 0.211, 0.101,0.324, 0.542, 0.198,-0.280, -0.011, 0.168,0.329, 0.707, 0.369,-0.116, -0.002, 0.001,0.116, 0.003, -0.002,-0.095, -0.405, -0.095,0.105, -0.386, -0.107,-0.139, -0.711, -0.304,0.089, -0.702, -0.309
193232,12.886, 12.000,19,109,31,30,21,61,6,3,23,17,-0.192, 0.459, 0.119,0.148, 0.504, 0.104,-0.224, 0.211, 0.102,0.324, 0.542, 0.199,-0.280, -0.011, 0.169,0.329, 0.707, 0.369,-0.116, -0.002, 0.001,0.116, 0.002, -0.002,-0.094, -0.406, -0.094,0.105, -0.386, -0.106,-0.138, -0.711, -0.301,0.089, -0.702, -0.308
193232,12.882, 12.000,19,109,29,30,20,61,6,3,23,17,-0.192, 0.459, 0.120,0.148, 0.504, 0.105,-0.225, 0.211, 0.103,0.324, 0.541, 0.199,-0.280, -0.011, 0.169,0.329, 0.707, 0.369,-0.116, -0.002, 0.001,0.116, 0.002, -0.002,-0.094, -0.406, -0.093,0.105, -0.385, -0.105,-0.139, -0.711, -0.300,0.088, -0.701, -0.308
193232,12.879, 12.000,19,109,29,30,20,61,6,3,23,17,-0.192, 0.459, 0.121,0.148, 0.504, 0.105,-0.226, 0.211, 0.104,0.324, 0.541, 0.199,-0.281, -0.011, 0.169,0.329, 0.706, 0.368,-0.116, -0.002, 0.001,0.116, 0.002, -0.002,-0.094, -0.406, -0.092,0.105, -0.385, -0.105,-0.139, -0.711, -0.299,0.087, -0.701, -0.307
193232,12.878, 11.570,19,106,30,30,20,63,6,3,22,17,-0.192, 0.459, 0.121,0.149, 0.503, 0.106,-0.226, 0.211, 0.104,0.324, 0.529, 0.200,-0.281, -0.011, 0.169,0.329, 0.689, 0.371,-0.116, -0.002, 0.001,0.116, 0.002, -0.002,-0.093, -0.407, -0.097,0.106, -0.385, -0.105,-0.138, -0.711, -0.304,0.089, -0.701, -0.307
193232,12.878, 11.311,19,105,30,30,20,64,5,3,22,17,-0.192, 0.459, 0.122,0.149, 0.502, 0.107,-0.226, 0.211, 0.104,0.324, 0.524, 0.201,-0.281, -0.011, 0.168,0.329, 0.683, 0.372,-0.116, -0.002, 0.001,0.116, 0.002, -0.002,-0.093, -0.407, -0.099,0.106, -0.385, -0.105,-0.137, -0.712, -0.307,0.089, -0.701, -0.307
193232,13.045, 10.882,19,103,31,30,20,65,5,3,23,17,-0.191, 0.460, 0.122,0.149, 0.502, 0.107,-0.225, 0.213, 0.104,0.325, 0.516, 0.201,-0.280, -0.009, 0.168,0.332, 0.672, 0.372,-0.116, -0.002, 0.001,0.116, 0.002, -0.002,-0.092, -0.407, -0.098,0.106, -0.385, -0.109,-0.135, -0.712, -0.308,0.089, -0.700, -0.316
193232,13.128, 10.752,19,102,32,30,20,65,5,4,23,17,-0.191, 0.460, 0.123,0.150, 0.502, 0.108,-0.224, 0.214, 0.104,0.326, 0.513, 0.201,-0.280, -0.008, 0.168,0.333, 0.669, 0.372,-0.116, -0.002, 0.001,0.116, 0.002, -0.002,-0.091, -0.407, -0.098,0.107, -0.385, -0.111,-0.134, -0.712, -0.309,0.089, -0.699, -0.319
193232,13.178, 10.683,19,101,32,30,20,65,5,4,23,17,-0.191, 0.461, 0.123,0.150, 0.502, 0.108,-0.224, 0.214, 0.104,0.326, 0.512, 0.201,-0.279, -0.007, 0.167,0.334, 0.667, 0.372,-0.116, -0.002, 0.001,0.116, 0.002, -0.002,-0.090, -0.407, -0.098,0.107, -0.385, -0.112,-0.133, -0.712, -0.309,0.089, -0.699, -0.321
193232,13.341, 10.358,18,100,37,29,20,66,5,4,23,18,-0.190, 0.462, 0.118,0.151, 0.502, 0.104,-0.224, 0.218, 0.093,0.329, 0.509, 0.196,-0.279, -0.006, 0.153,0.337, 0.659, 0.367,-0.116, -0.002, 0.001,0.116, 0.002, -0.002,-0.090, -0.407, -0.097,0.107, -0.385, -0.112,-0.132, -0.712, -0.310,0.089, -0.698, -0.324
193232,13.425, 10.239,18,100,37,29,20,66,5,5,24,18,-0.189, 0.464, 0.115,0.152, 0.502, 0.102,-0.225, 0.221, 0.089,0.331, 0.508, 0.192,-0.280, -0.006, 0.148,0.339, 0.656, 0.364,-0.116, -0.002, 0.001,0.116, 0.003, -0.002,-0.090, -0.407, -0.095,0.107, -0.385, -0.113,-0.132, -0.711, -0.311,0.089, -0.698, -0.326
193232,13.539, 9.819,18,97,36,28,20,68,5,4,24,18,-0.189, 0.464, 0.117,0.152, 0.502, 0.104,-0.225, 0.220, 0.093,0.330, 0.498, 0.194,-0.280, -0.006, 0.153,0.341, 0.645, 0.367,-0.116, -0.002, 0.001,0.116, 0.003, -0.002,-0.090, -0.407, -0.096,0.107, -0.385, -0.113,-0.132, -0.711, -0.317,0.090, -0.698, -0.326
193232,13.599, 9.666,19,96,36,28,20,68,5,4,24,18,-0.189, 0.464, 0.119,0.152, 0.502, 0.106,-0.225, 0.220, 0.095,0.330, 0.495, 0.194,-0.281, -0.005, 0.156,0.342, 0.642, 0.369,-0.116, -0.002, 0.001,0.116, 0.003, -0.002,-0.090, -0.407, -0.097,0.108, -0.385, -0.113,-0.133, -0.711, -0.319,0.090, -0.698, -0.326
193232,13.808, 9.450,19,95,36,28,20,69,5,4,25,18,-0.189, 0.464, 0.120,0.152, 0.501, 0.106,-0.225, 0.220, 0.096,0.332, 0.490, 0.195,-0.280, -0.005, 0.157,0.345, 0.636, 0.369,-0.116, -0.002, 0.001,0.116, 0.003, -0.002,-0.090, -0.407, -0.097,0.108, -0.385, -0.113,-0.133, -0.711, -0.322,0.090, -0.698, -0.329
193232,13.912, 9.367,19,95,36,28,20,69,5,4,25,18,-0.189, 0.464, 0.121,0.152, 0.501, 0.107,-0.225, 0.220, 0.097,0.332, 0.488, 0.195,-0.280, -0.005, 0.157,0.347, 0.634, 0.369,-0.116, -0.002, 0.001,0.116, 0.003, -0.002,-0.090, -0.407, -0.097,0.109, -0.385, -0.114,-0.133, -0.711, -0.324,0.089, -0.698, -0.331
193232,14.229, 8.995,19,94,35,28,20,68,4,4,25,18,-0.189, 0.465, 0.121,0.153, 0.501, 0.107,-0.225, 0.222, 0.098,0.333, 0.485, 0.195,-0.280, -0.005, 0.159,0.353, 0.625, 0.371,-0.116, -0.002, 0.001,0.116, 0.003, -0.002,-0.089, -0.407, -0.098,0.109, -0.385, -0.114,-0.132, -0.711, -0.324,0.089, -0.698, -0.327
193232,14.365, 8.861,19,94,34,28,20,67,4,4,24,17,-0.188, 0.465, 0.121,0.154, 0.501, 0.107,-0.226, 0.223, 0.098,0.334, 0.483, 0.195,-0.280, -0.005, 0.160,0.355, 0.622, 0.372,-0.116, -0.002, 0.001,0.116, 0.003, -0.002,-0.089, -0.407, -0.098,0.109, -0.385, -0.114,-0.131, -0.712, -0.324,0.089, -0.699, -0.325
193232,14.433, 8.806,19,94,33,28,20,67,4,4,24,17,-0.188, 0.466, 0.121,0.155, 0.501, 0.108,-0.226, 0.223, 0.099,0.334, 0.482, 0.196,-0.280, -0.005, 0.161,0.357, 0.620, 0.373,-0.116, -0.002, 0.001,0.116, 0.003, -0.002,-0.088, -0.407, -0.099,0.109, -0.385, -0.114,-0.131, -0.712, -0.324,0.089, -0.699, -0.324
193232,14.542, 8.400,19,93,32,28,20,67,4,4,24,17,-0.188, 0.466, 0.120,0.155, 0.501, 0.108,-0.226, 0.225, 0.098,0.334, 0.478, 0.196,-0.280, -0.004, 0.161,0.359, 0.610, 0.375,-0.116, -0.002, 0.000,0.116, 0.003, -0.001,-0.088, -0.407, -0.100,0.109, -0.385, -0.112,-0.130, -0.713, -0.323,0.090, -0.701, -0.319
193233,14.599, 8.260,19,92,31,28,20,67,4,4,24,17,-0.188, 0.467, 0.120,0.155, 0.501, 0.107,-0.226, 0.226, 0.098,0.333, 0.476, 0.196,-0.280, -0.003, 0.161,0.360, 0.606, 0.376,-0.116, -0.002, 0.000,0.116, 0.003, -0.001,-0.088, -0.407, -0.100,0.109, -0.386, -0.111,-0.129, -0.713, -0.323,0.091, -0.701, -0.317
193233,14.771, 8.011,19,91,31,28,20,66,4,5,24,17,-0.188, 0.468, 0.117,0.154, 0.501, 0.103,-0.226, 0.226, 0.096,0.332, 0.473, 0.190,-0.280, -0.003, 0.160,0.363, 0.600, 0.372,-0.116, -0.002, 0.000,0.116, 0.003, -0.001,-0.087, -0.408, -0.098,0.109, -0.386, -0.110,-0.129, -0.714, -0.319,0.091, -0.703, -0.317
193233,14.867, 7.905,19,90,30,28,20,66,4,5,24,17,-0.188, 0.469, 0.116,0.154, 0.501, 0.102,-0.226, 0.226, 0.095,0.332, 0.472, 0.188,-0.280, -0.003, 0.159,0.364, 0.598, 0.371,-0.116, -0.002, 0.000,0.116, 0.003, -0.001,-0.087, -0.408, -0.097,0.109, -0.386, -0.110,-0.129, -0.715, -0.317,0.091, -0.704, -0.316
193233,14.878, 7.731,19,89,30,28,20,66,4,5,24,17,-0.188, 0.469, 0.115,0.154, 0.501, 0.101,-0.226, 0.227, 0.095,0.330, 0.469, 0.188,-0.279, -0.003, 0.159,0.364, 0.593, 0.371,-0.116, -0.002, 0.000,0.116, 0.003, -0.001,-0.086, -0.409, -0.097,0.109, -0.387, -0.113,-0.128, -0.717, -0.315,0.090, -0.704, -0.320
193233,14.882, 7.651,19,89,30,29,20,66,4,5,23,17,-0.188, 0.469, 0.115,0.154, 0.501, 0.100,-0.226, 0.227, 0.095,0.329, 0.468, 0.188,-0.279, -0.003, 0.159,0.365, 0.591, 0.371,-0.116, -0.002, 0.000,0.116, 0.003, -0.001,-0.086, -0.409, -0.097,0.109, -0.387, -0.114,-0.127, -0.719, -0.313,0.090, -0.705, -0.322
193233,14.876, 7.578,19,89,30,29,20,65,4,5,23,16,-0.188, 0.469, 0.115,0.154, 0.502, 0.101,-0.227, 0.227, 0.094,0.329, 0.468, 0.189,-0.280, -0.003, 0.157,0.364, 0.589, 0.375,-0.116, -0.002, 0.000,0.116, 0.003, -0.001,-0.086, -0.409, -0.100,0.110, -0.387, -0.114,-0.127, -0.719, -0.314,0.092, -0.705, -0.322
193233,14.871, 7.553,19,89,31,29,20,65,4,5,22,16,-0.188, 0.469, 0.115,0.154, 0.502, 0.101,-0.227, 0.227, 0.093,0.329, 0.468, 0.190,-0.280, -0.003, 0.156,0.364, 0.589, 0.377,-0.116, -0.002, 0.000,0.116, 0.003, -0.001,-0.086, -0.409, -0.101,0.110, -0.387, -0.115,-0.127, -0.719, -0.314,0.092, -0.705, -0.322
193233,14.868, 7.545,19,89,31,29,20,65,4,5,22,16,-0.188, 0.469, 0.115,0.154, 0.502, 0.101,-0.227, 0.227, 0.093,0.329, 0.468, 0.190,-0.281, -0.003, 0.155,0.364, 0.589, 0.378,-0.116, -0.002, 0.000,0.116, 0.003, -0.001,-0.086, -0.409, -0.102,0.110, -0.387, -0.115,-0.127, -0.719, -0.314,0.093, -0.705, -0.321
193233,14.864, 7.436,19,88,31,29,19,65,4,5,22,16,-0.188, 0.470, 0.116,0.154, 0.502, 0.101,-0.227, 0.229, 0.094,0.328, 0.465, 0.191,-0.280, -0.003, 0.156,0.364, 0.586, 0.379,-0.116, -0.002, 0.000,0.116, 0.003, -0.001,-0.086, -0.409, -0.102,0.110, -0.387, -0.115,-0.127, -0.720, -0.313,0.094, -0.706, -0.320
193233,14.859, 7.370,19,88,30,29,19,65,4,5,22,16,-0.188, 0.470, 0.117,0.154, 0.502, 0.102,-0.228, 0.229, 0.095,0.328, 0.464, 0.191,-0.280, -0.003, 0.157,0.364, 0.584, 0.380,-0.116, -0.002, 0.000,0.116, 0.003, -0.001,-0.086, -0.409, -0.102,0.110, -0.387, -0.115,-0.127, -0.720, -0.313,0.095, -0.706, -0.318
193233,14.582, 7.311,19,87,33,30,19,67,4,6,22,16,-0.187, 0.471, 0.115,0.154, 0.502, 0.095,-0.227, 0.231, 0.092,0.327, 0.463, 0.184,-0.278, -0.002, 0.149,0.359, 0.583, 0.372,-0.116, -0.003, 0.001,0.116, 0.003, -0.002,-0.086, -0.409, -0.101,0.110, -0.387, -0.116,-0.127, -0.720, -0.314,0.095, -0.706, -0.323
193233,14.433, 7.280,19,87,34,30,18,67,4,6,23,16,-0.187, 0.471, 0.114,0.153, 0.502, 0.093,-0.227, 0.231, 0.090,0.327, 0.462, 0.181,-0.277, -0.001, 0.146,0.357, 0.582, 0.368,-0.116, -0.003, 0.001,0.116, 0.003, -0.002,-0.086, -0.409, -0.100,0.111, -0.387, -0.118,-0.126, -0.720, -0.315,0.095, -0.705, -0.326
193233,14.319, 7.162,19,86,34,30,19,67,4,6,23,16,-0.187, 0.472, 0.113,0.152, 0.502, 0.091,-0.227, 0.233, 0.089,0.326, 0.462, 0.180,-0.278, 0.001, 0.145,0.355, 0.579, 0.368,-0.116, -0.003, 0.001,0.115, 0.003, -0.002,-0.086, -0.409, -0.101,0.110, -0.387, -0.118,-0.126, -0.719, -0.317,0.095, -0.705, -0.325
193233,14.259, 7.095,19,86,34,31,19,67,4,7,23,16,-0.188, 0.473, 0.111,0.151, 0.503, 0.090,-0.227, 0.233, 0.087,0.325, 0.461, 0.180,-0.278, 0.002, 0.144,0.353, 0.577, 0.368,-0.115, -0.003, 0.001,0.115, 0.003, -0.002,-0.085, -0.409, -0.102,0.110, -0.387, -0.118,-0.125, -0.718, -0.318,0.095, -0.706, -0.325
193233,14.134, 6.773,18,85,38,31,19,68,4,7,22,16,-0.187, 0.473, 0.111,0.151, 0.503, 0.090,-0.225, 0.234, 0.084,0.325, 0.457, 0.180,-0.277, 0.002, 0.137,0.351, 0.569, 0.369,-0.115, -0.003, 0.001,0.115, 0.003, -0.002,-0.085, -0.409, -0.103,0.111, -0.387, -0.120,-0.124, -0.719, -0.320,0.096, -0.705, -0.327
193233,14.067, 6.631,18,84,41,31,19,68,4,7,22,15,-0.187, 0.473, 0.111,0.152, 0.503, 0.090,-0.224, 0.235, 0.082,0.325, 0.454, 0.181,-0.276, 0.002, 0.134,0.350, 0.566, 0.370,-0.115, -0.003, 0.001,0.115, 0.003, -0.002,-0.084, -0.409, -0.104,0.111, -0.387, -0.121,-0.123, -0.719, -0.321,0.096, -0.705, -0.327
193233,14.016, 6.558,18,84,42,31,19,69,4,7,22,15,-0.186, 0.474, 0.111,0.152, 0.503, 0.090,-0.224, 0.235, 0.080,0.324, 0.452, 0.181,-0.276, 0.002, 0.133,0.349, 0.564, 0.370,-0.115, -0.003, 0.001,0.115, 0.003, -0.002,-0.084, -0.409, -0.104,0.111, -0.387, -0.121,-0.122, -0.719, -0.321,0.096, -0.705, -0.327
193233,13.954, 6.500,18,82,42,30,19,70,4,7,23,16,-0.186, 0.474, 0.111,0.151, 0.503, 0.090,-0.224, 0.235, 0.081,0.323, 0.449, 0.179,-0.276, 0.003, 0.133,0.348, 0.562, 0.368,-0.115, -0.003, 0.001,0.115, 0.004, -0.002,-0.084, -0.409, -0.101,0.112, -0.387, -0.121,-0.122, -0.719, -0.320,0.095, -0.705, -0.328
193233,13.920, 6.471,18,82,41,30,19,70,4,7,23,16,-0.186, 0.474, 0.110,0.151, 0.503, 0.090,-0.224, 0.235, 0.081,0.322, 0.447, 0.177,-0.276, 0.003, 0.133,0.347, 0.562, 0.367,-0.115, -0.003, 0.001,0.115, 0.004, -0.002,-0.084, -0.409, -0.099,0.112, -0.387, -0.121,-0.123, -0.719, -0.319,0.094, -0.705, -0.328
193233,13.869, 6.136,18,79,40,30,20,73,4,7,23,16,-0.186, 0.474, 0.111,0.151, 0.502, 0.089,-0.224, 0.235, 0.084,0.321, 0.437, 0.175,-0.276, 0.003, 0.140,0.347, 0.553, 0.364,-0.115, -0.003, 0.001,0.115, 0.004, -0.002,-0.086, -0.409, -0.099,0.112, -0.387, -0.121,-0.125, -0.719, -0.319,0.093, -0.705, -0.326
193233,13.829, 5.982,18,78,39,30,20,73,4,7,23,16,-0.186, 0.474, 0.112,0.151, 0.501, 0.089,-0.224, 0.235, 0.086,0.320, 0.433, 0.174,-0.275, 0.003, 0.143,0.346, 0.550, 0.363,-0.115, -0.003, 0.001,0.115, 0.004, -0.002,-0.087, -0.409, -0.099,0.112, -0.387, -0.120,-0.127, -0.719, -0.319,0.093, -0.705, -0.325
193233,13.737, 5.149,18,76,39,30,20,73,4,6,23,15,-0.187, 0.474, 0.112,0.151, 0.500, 0.092,-0.224, 0.235, 0.085,0.320, 0.423, 0.178,-0.276, 0.004, 0.143,0.344, 0.529, 0.374,-0.115, -0.003, 0.001,0.115, 0.004, -0.002,-0.088, -0.410, -0.100,0.112, -0.387, -0.114,-0.127, -0.720, -0.316,0.094, -0.708, -0.314
193234,13.687, 4.906,18,75,39,30,20,73,4,6,22,15,-0.187, 0.474, 0.112,0.151, 0.499, 0.094,-0.225, 0.235, 0.084,0.319, 0.419, 0.181,-0.276, 0.004, 0.143,0.343, 0.523, 0.378,-0.115, -0.003, 0.000,0.115, 0.004, -0.001,-0.088, -0.410, -0.100,0.112, -0.388, -0.111,-0.127, -0.722, -0.315,0.095, -0.709, -0.309
193234,13.512, 4.320,18,73,38,30,20,74,4,5,23,16,-0.187, 0.473, 0.113,0.151, 0.498, 0.096,-0.227, 0.235, 0.084,0.318, 0.409, 0.184,-0.277, 0.004, 0.142,0.340, 0.508, 0.386,-0.115, -0.003, 0.000,0.115, 0.004, -0.001,-0.088, -0.410, -0.100,0.111, -0.388, -0.112,-0.127, -0.721, -0.316,0.095, -0.709, -0.315
193234,13.412, 4.156,19,72,38,30,20,75,4,5,23,16,-0.187, 0.473, 0.113,0.150, 0.498, 0.097,-0.228, 0.235, 0.084,0.318, 0.405, 0.185,-0.277, 0.004, 0.141,0.338, 0.504, 0.389,-0.115, -0.003, 0.000,0.115, 0.004, -0.001,-0.088, -0.410, -0.100,0.111, -0.387, -0.112,-0.128, -0.720, -0.317,0.095, -0.709, -0.319
193234,13.360, 4.114,19,72,38,30,20,75,4,5,23,17,-0.188, 0.473, 0.114,0.150, 0.497, 0.098,-0.229, 0.235, 0.084,0.317, 0.404, 0.186,-0.277, 0.004, 0.141,0.338, 0.503, 0.391,-0.115, -0.004, 0.000,0.115, 0.004, -0.001,-0.088, -0.410, -0.100,0.111, -0.387, -0.113,-0.128, -0.720, -0.317,0.095, -0.708, -0.321
193234,13.157, 3.969,19,72,40,30,20,75,4,5,23,17,-0.188, 0.473, 0.113,0.149, 0.497, 0.095,-0.229, 0.237, 0.082,0.316, 0.403, 0.183,-0.278, 0.008, 0.137,0.334, 0.499, 0.387,-0.115, -0.004, 0.000,0.115, 0.004, -0.001,-0.088, -0.410, -0.099,0.111, -0.388, -0.114,-0.130, -0.720, -0.317,0.094, -0.708, -0.324
193234,13.098, 3.973,19,72,40,31,20,75,4,6,24,17,-0.188, 0.473, 0.113,0.148, 0.497, 0.092,-0.229, 0.238, 0.082,0.316, 0.403, 0.180,-0.278, 0.009, 0.137,0.333, 0.499, 0.383,-0.115, -0.004, 0.000,0.115, 0.004, -0.001,-0.088, -0.410, -0.097,0.111, -0.388, -0.114,-0.132, -0.720, -0.317,0.093, -0.708, -0.325
193234,13.012, 2.645,17,68,46,31,21,74,4,6,23,16,-0.188, 0.474, 0.111,0.148, 0.497, 0.092,-0.225, 0.239, 0.076,0.313, 0.389, 0.179,-0.274, 0.010, 0.130,0.331, 0.466, 0.385,-0.115, -0.004, 0.000,0.115, 0.004, -0.001,-0.089, -0.410, -0.098,0.111, -0.388, -0.112,-0.132, -0.720, -0.315,0.093, -0.709, -0.317
193234,12.968, 2.378,17,67,48,31,21,74,5,6,23,16,-0.188, 0.474, 0.109,0.148, 0.497, 0.091,-0.224, 0.239, 0.072,0.312, 0.385, 0.179,-0.272, 0.010, 0.126,0.331, 0.459, 0.387,-0.115, -0.004, 0.000,0.115, 0.004, -0.001,-0.090, -0.410, -0.097,0.111, -0.388, -0.112,-0.133, -0.719, -0.313,0.092, -0.709, -0.315
193234,12.717, 1.160,17,62,50,32,22,74,4,6,23,16,-0.187, 0.475, 0.110,0.149, 0.496, 0.092,-0.222, 0.241, 0.072,0.306, 0.365, 0.179,-0.270, 0.012, 0.126,0.326, 0.429, 0.390,-0.115, -0.004, 0.000,0.115, 0.004, -0.001,-0.090, -0.410, -0.097,0.112, -0.388, -0.114,-0.134, -0.719, -0.311,0.093, -0.709, -0.319
193234,12.551, 0.829,16,60,51,32,22,75,4,6,23,16,-0.186, 0.475, 0.110,0.149, 0.495, 0.093,-0.220, 0.243, 0.072,0.303, 0.357, 0.179,-0.268, 0.013, 0.127,0.323, 0.421, 0.392,-0.115, -0.004, 0.000,0.115, 0.005, -0.001,-0.090, -0.410, -0.097,0.114, -0.387, -0.115,-0.134, -0.719, -0.309,0.094, -0.709, -0.322
193234,12.448, 0.737,16,60,51,32,22,75,4,6,23,16,-0.186, 0.476, 0.111,0.150, 0.495, 0.094,-0.219, 0.243, 0.072,0.302, 0.354, 0.179,-0.267, 0.013, 0.127,0.321, 0.418, 0.394,-0.115, -0.004, 0.000,0.115, 0.005, -0.001,-0.090, -0.409, -0.096,0.115, -0.387, -0.116,-0.134, -0.718, -0.309,0.095, -0.709, -0.326
193234,12.339, -0.323,16,57,55,33,23,69,5,6,22,16,-0.189, 0.478, 0.099,0.148, 0.495, 0.092,-0.221, 0.244, 0.054,0.285, 0.349, 0.179,-0.270, 0.015, 0.104,0.319, 0.392, 0.402,-0.115, -0.004, 0.000,0.115, 0.005, -0.001,-0.091, -0.409, -0.097,0.113, -0.387, -0.116,-0.141, -0.718, -0.299,0.092, -0.709, -0.325
193234,12.288, -0.551,16,56,56,34,23,67,5,6,22,16,-0.192, 0.479, 0.096,0.147, 0.495, 0.092,-0.223, 0.245, 0.049,0.278, 0.348, 0.179,-0.272, 0.015, 0.100,0.318, 0.386, 0.407,-0.115, -0.004, -0.001,0.115, 0.005, 0.000,-0.091, -0.409, -0.097,0.111, -0.387, -0.116,-0.146, -0.718, -0.293,0.090, -0.711, -0.321
193234,12.144, -1.769,16,50,57,38,24,64,6,4,21,15,-0.193, 0.479, 0.096,0.145, 0.493, 0.093,-0.223, 0.242, 0.050,0.258, 0.329, 0.179,-0.272, 0.014, 0.103,0.316, 0.356, 0.410,-0.115, -0.004, -0.001,0.115, 0.005, 0.000,-0.093, -0.409, -0.092,0.110, -0.387, -0.099,-0.149, -0.723, -0.281,0.088, -0.715, -0.288
193234,12.078, -1.972,15,48,57,38,24,65,6,3,21,16,-0.193, 0.478, 0.097,0.145, 0.492, 0.093,-0.223, 0.240, 0.051,0.253, 0.323, 0.179,-0.272, 0.012, 0.104,0.315, 0.351, 0.411,-0.115, -0.004, -0.001,0.115, 0.005, 0.000,-0.095, -0.409, -0.090,0.109, -0.387, -0.095,-0.151, -0.725, -0.278,0.085, -0.717, -0.284
193234,10.979, -3.002,16,48,61,41,23,59,6,3,21,15,-0.193, 0.480, 0.088,0.145, 0.492, 0.096,-0.223, 0.243, 0.029,0.243, 0.325, 0.186,-0.274, 0.017, 0.066,0.295, 0.325, 0.429,-0.115, -0.004, -0.003,0.115, 0.005, 0.002,-0.094, -0.409, -0.093,0.107, -0.387, -0.095,-0.150, -0.725, -0.280,0.086, -0.716, -0.282
193234,10.637, -3.205,16,48,61,41,23,58,6,3,21,15,-0.193, 0.482, 0.084,0.145, 0.492, 0.097,-0.224, 0.245, 0.022,0.240, 0.326, 0.188,-0.275, 0.019, 0.057,0.289, 0.320, 0.432,-0.115, -0.004, -0.004,0.115, 0.005, 0.003,-0.094, -0.409, -0.096,0.105, -0.386, -0.095,-0.150, -0.725, -0.282,0.086, -0.716, -0.280
193234,10.217, -4.006,16,48,59,40,24,56,6,3,21,15,-0.193, 0.482, 0.082,0.145, 0.494, 0.096,-0.224, 0.246, 0.025,0.243, 0.324, 0.186,-0.275, 0.020, 0.066,0.282, 0.300, 0.431,-0.115, -0.004, -0.004,0.115, 0.005, 0.003,-0.094, -0.409, -0.092,0.105, -0.386, -0.094,-0.150, -0.724, -0.280,0.086, -0.716, -0.281
193234,10.054, -4.148,16,48,58,39,24,56,6,3,21,15,-0.193, 0.483, 0.081,0.145, 0.495, 0.095,-0.224, 0.247, 0.026,0.245, 0.324, 0.185,-0.275, 0.020, 0.070,0.279, 0.296, 0.429,-0.115, -0.005, -0.004,0.115, 0.005, 0.003,-0.095, -0.408, -0.090,0.105, -0.386, -0.093,-0.150, -0.724, -0.279,0.086, -0.715, -0.281
193234,9.991, -4.169,16,48,57,39,24,56,6,3,22,15,-0.193, 0.483, 0.081,0.146, 0.495, 0.094,-0.224, 0.248, 0.027,0.247, 0.324, 0.184,-0.275, 0.021, 0.073,0.278, 0.296, 0.428,-0.115, -0.005, -0.004,0.115, 0.005, 0.003,-0.095, -0.408, -0.089,0.105, -0.385, -0.093,-0.150, -0.723, -0.279,0.087, -0.715, -0.281
193234,10.081, -4.978,16,47,55,35,27,58,6,3,22,16,-0.192, 0.483, 0.082,0.150, 0.495, 0.097,-0.224, 0.247, 0.032,0.263, 0.312, 0.183,-0.275, 0.021, 0.096,0.279, 0.276, 0.424,-0.115, -0.005, -0.004,0.115, 0.005, 0.003,-0.095, -0.408, -0.089,0.105, -0.385, -0.090,-0.144, -0.723, -0.282,0.088, -0.715, -0.277
193234,10.137, -5.146,16,48,53,33,28,60,6,3,22,16,-0.191, 0.483, 0.083,0.153, 0.494, 0.098,-0.224, 0.247, 0.035,0.269, 0.308, 0.183,-0.275, 0.022, 0.104,0.280, 0.271, 0.424,-0.116, -0.005, -0.004,0.115, 0.005, 0.003,-0.095, -0.408, -0.089,0.105, -0.385, -0.088,-0.142, -0.723, -0.284,0.089, -0.715, -0.275
193234,10.107, -5.098,16,47,51,33,28,61,5,3,22,16,-0.190, 0.484, 0.083,0.154, 0.494, 0.099,-0.224, 0.250, 0.035,0.269, 0.306, 0.183,-0.275, 0.024, 0.103,0.280, 0.273, 0.423,-0.116, -0.005, -0.004,0.116, 0.005, 0.003,-0.095, -0.406, -0.089,0.105, -0.385, -0.089,-0.142, -0.722, -0.284,0.090, -0.715, -0.276
193235,10.104, -5.100,16,47,50,33,27,61,5,3,22,16,-0.189, 0.485, 0.084,0.155, 0.493, 0.099,-0.224, 0.251, 0.036,0.269, 0.305, 0.183,-0.275, 0.025, 0.102,0.280, 0.273, 0.423,-0.116, -0.005, -0.004,0.116, 0.005, 0.003,-0.095, -0.405, -0.090,0.105, -0.385, -0.090,-0.142, -0.722, -0.284,0.091, -0.715, -0.277
193235,9.988, -5.190,16,46,51,33,27,62,5,3,21,15,-0.188, 0.485, 0.085,0.155, 0.493, 0.101,-0.223, 0.251, 0.036,0.266, 0.301, 0.183,-0.273, 0.026, 0.102,0.278, 0.270, 0.422,-0.116, -0.005, -0.004,0.116, 0.005, 0.003,-0.096, -0.405, -0.090,0.105, -0.385, -0.091,-0.143, -0.722, -0.282,0.091, -0.715, -0.278
193235,9.937, -5.221,16,46,52,33,27,62,5,3,21,15,-0.188, 0.485, 0.085,0.156, 0.492, 0.101,-0.222, 0.251, 0.036,0.266, 0.299, 0.183,-0.271, 0.026, 0.102,0.277, 0.269, 0.422,-0.116, -0.005, -0.004,0.116, 0.005, 0.004,-0.097, -0.404, -0.090,0.106, -0.385, -0.092,-0.143, -0.722, -0.283,0.092, -0.714, -0.279
193235,9.966, -5.427,16,45,50,34,27,62,5,4,21,15,-0.185, 0.485, 0.090,0.159, 0.492, 0.102,-0.221, 0.251, 0.043,0.265, 0.295, 0.180,-0.269, 0.026, 0.111,0.277, 0.264, 0.417,-0.116, -0.005, -0.004,0.116, 0.005, 0.003,-0.096, -0.404, -0.088,0.108, -0.385, -0.094,-0.143, -0.722, -0.282,0.094, -0.715, -0.282
193235,10.035, -5.519,16,44,49,34,27,63,5,4,22,15,-0.184, 0.485, 0.093,0.160, 0.491, 0.103,-0.221, 0.251, 0.048,0.265, 0.292, 0.179,-0.268, 0.027, 0.116,0.278, 0.262, 0.414,-0.116, -0.005, -0.004,0.116, 0.005, 0.003,-0.097, -0.404, -0.087,0.109, -0.385, -0.094,-0.144, -0.721, -0.282,0.094, -0.715, -0.283
193235,10.106, -5.591,16,43,48,34,27,63,4,4,22,15,-0.183, 0.485, 0.096,0.161, 0.491, 0.105,-0.220, 0.251, 0.051,0.264, 0.289, 0.179,-0.267, 0.027, 0.121,0.280, 0.260, 0.414,-0.116, -0.004, -0.004,0.116, 0.005, 0.003,-0.097, -0.404, -0.086,0.110, -0.385, -0.094,-0.145, -0.721, -0.282,0.095, -0.715, -0.283
193235,10.205, -5.590,16,44,49,33,27,63,5,4,22,15,-0.183, 0.485, 0.097,0.161, 0.489, 0.107,-0.220, 0.250, 0.051,0.264, 0.289, 0.180,-0.267, 0.027, 0.119,0.281, 0.260, 0.414,-0.116, -0.004, -0.004,0.116, 0.005, 0.003,-0.097, -0.404, -0.090,0.110, -0.385, -0.095,-0.145, -0.721, -0.288,0.095, -0.715, -0.284
193235,10.257, -5.601,16,44,49,33,27,63,5,4,21,15,-0.183, 0.485, 0.097,0.161, 0.488, 0.109,-0.220, 0.250, 0.051,0.264, 0.289, 0.182,-0.267, 0.027, 0.118,0.282, 0.260, 0.415,-0.116, -0.004, -0.004,0.116, 0.005, 0.003,-0.097, -0.404, -0.094,0.109, -0.385, -0.095,-0.146, -0.721, -0.293,0.095, -0.715, -0.286
193235,10.409, -5.318,16,45,52,34,26,60,5,4,21,15,-0.186, 0.485, 0.093,0.156, 0.491, 0.101,-0.220, 0.250, 0.047,0.262, 0.300, 0.178,-0.267, 0.027, 0.109,0.285, 0.267, 0.415,-0.116, -0.005, -0.004,0.116, 0.005, 0.003,-0.099, -0.404, -0.090,0.108, -0.385, -0.095,-0.150, -0.721, -0.282,0.092, -0.715, -0.286
193235,10.510, -5.180,15,45,54,34,26,59,6,4,21,15,-0.188, 0.485, 0.090,0.153, 0.493, 0.097,-0.220, 0.250, 0.043,0.261, 0.305, 0.176,-0.267, 0.027, 0.103,0.287, 0.271, 0.414,-0.116, -0.005, -0.004,0.116, 0.005, 0.003,-0.100, -0.404, -0.088,0.107, -0.385, -0.095,-0.152, -0.721, -0.279,0.091, -0.715, -0.284
193235,10.835, -4.630,15,45,54,36,25,61,6,4,21,15,-0.188, 0.486, 0.090,0.153, 0.492, 0.097,-0.220, 0.250, 0.043,0.256, 0.305, 0.176,-0.268, 0.026, 0.101,0.293, 0.284, 0.415,-0.116, -0.005, -0.004,0.116, 0.005, 0.003,-0.100, -0.404, -0.088,0.106, -0.385, -0.095,-0.153, -0.721, -0.279,0.088, -0.715, -0.284
193235,10.986, -4.412,15,45,54,37,25,61,6,4,21,15,-0.189, 0.486, 0.090,0.152, 0.492, 0.097,-0.221, 0.250, 0.043,0.254, 0.306, 0.176,-0.269, 0.026, 0.100,0.295, 0.290, 0.415,-0.116, -0.005, -0.004,0.116, 0.005, 0.003,-0.100, -0.403, -0.087,0.106, -0.385, -0.095,-0.153, -0.721, -0.279,0.087, -0.715, -0.284
193235,11.082, -4.300,15,44,54,37,25,61,6,4,21,15,-0.189, 0.486, 0.089,0.152, 0.492, 0.096,-0.221, 0.250, 0.042,0.252, 0.306, 0.176,-0.269, 0.026, 0.099,0.297, 0.293, 0.415,-0.116, -0.005, -0.004,0.116, 0.005, 0.003,-0.100, -0.403, -0.087,0.105, -0.384, -0.095,-0.153, -0.721, -0.279,0.087, -0.715, -0.284
193235,12.041, -3.129,15,46,54,37,24,64,6,4,21,15,-0.190, 0.486, 0.089,0.152, 0.492, 0.096,-0.222, 0.250, 0.042,0.252, 0.312, 0.178,-0.271, 0.026, 0.093,0.314, 0.322, 0.417,-0.116, -0.004, -0.004,0.116, 0.005, 0.003,-0.099, -0.403, -0.091,0.106, -0.384, -0.097,-0.151, -0.720, -0.287,0.088, -0.714, -0.285
193235,12.383, -2.778,16,46,54,38,23,63,6,4,21,15,-0.190, 0.486, 0.089,0.151, 0.491, 0.096,-0.222, 0.250, 0.042,0.252, 0.315, 0.179,-0.272, 0.025, 0.092,0.320, 0.331, 0.418,-0.116, -0.004, -0.004,0.116, 0.005, 0.003,-0.098, -0.403, -0.093,0.106, -0.384, -0.097,-0.149, -0.720, -0.290,0.089, -0.714, -0.285
193235,13.221, -1.805,16,49,54,36,23,65,6,4,20,15,-0.190, 0.486, 0.089,0.151, 0.491, 0.096,-0.223, 0.249, 0.041,0.259, 0.324, 0.179,-0.275, 0.021, 0.091,0.335, 0.355, 0.417,-0.116, -0.004, -0.004,0.116, 0.005, 0.003,-0.099, -0.405, -0.092,0.106, -0.385, -0.097,-0.149, -0.724, -0.277,0.086, -0.715, -0.287
193235,13.468, -1.585,16,50,54,35,23,64,6,4,19,15,-0.191, 0.486, 0.088,0.151, 0.490, 0.095,-0.224, 0.248, 0.041,0.263, 0.328, 0.179,-0.277, 0.019, 0.090,0.339, 0.360, 0.417,-0.116, -0.004, -0.004,0.116, 0.005, 0.003,-0.099, -0.406, -0.092,0.105, -0.385, -0.097,-0.149, -0.728, -0.272,0.084, -0.716, -0.287
193235,13.496, -0.042,16,55,52,33,23,68,6,4,19,15,-0.191, 0.486, 0.089,0.151, 0.491, 0.092,-0.225, 0.248, 0.045,0.279, 0.343, 0.178,-0.277, 0.018, 0.097,0.340, 0.399, 0.413,-0.116, -0.004, -0.004,0.116, 0.005, 0.003,-0.099, -0.406, -0.092,0.105, -0.386, -0.098,-0.149, -0.727, -0.273,0.083, -0.717, -0.288
193235,13.516, 0.252,16,57,51,33,23,68,6,5,19,15,-0.191, 0.485, 0.090,0.151, 0.491, 0.090,-0.225, 0.248, 0.047,0.285, 0.348, 0.178,-0.277, 0.018, 0.100,0.340, 0.406, 0.412,-0.116, -0.004, -0.004,0.116, 0.005, 0.003,-0.099, -0.406, -0.093,0.105, -0.386, -0.099,-0.149, -0.726, -0.275,0.082, -0.718, -0.289
193235,13.332, 0.535,16,59,52,32,23,70,6,5,20,16,-0.190, 0.482, 0.100,0.151, 0.490, 0.098,-0.226, 0.248, 0.056,0.292, 0.349, 0.188,-0.277, 0.017, 0.107,0.337, 0.413, 0.416,-0.116, -0.004, -0.004,0.116, 0.005, 0.003,-0.098, -0.406, -0.095,0.105, -0.386, -0.109,-0.146, -0.724, -0.286,0.081, -0.715, -0.314
193235,13.202, 0.598,17,60,52,32,23,70,6,5,20,16,-0.190, 0.480, 0.105,0.151, 0.490, 0.102,-0.226, 0.248, 0.059,0.294, 0.349, 0.193,-0.277, 0.016, 0.109,0.335, 0.415, 0.420,-0.116, -0.004, -0.004,0.116, 0.005, 0.003,-0.098, -0.406, -0.096,0.104, -0.386, -0.114,-0.145, -0.722, -0.291,0.080, -0.714, -0.323
193235,13.125, 0.605,17,60,52,32,23,71,5,5,21,15,-0.190, 0.479, 0.107,0.151, 0.490, 0.104,-0.226, 0.247, 0.061,0.295, 0.350, 0.195,-0.277, 0.016, 0.111,0.333, 0.415, 0.422,-0.116, -0.004, -0.003,0.116, 0.005, 0.003,-0.097, -0.406, -0.097,0.104, -0.386, -0.116,-0.144, -0.722, -0.294,0.079, -0.713, -0.325
193236,12.893, 1.138,17,64,50,32,22,72,5,7,21,16,-0.187, 0.478, 0.107,0.153, 0.491, 0.106,-0.225, 0.247, 0.060,0.303, 0.360, 0.199,-0.277, 0.016, 0.105,0.329, 0.428, 0.424,-0.116, -0.004, -0.003,0.116, 0.005, 0.002,-0.096, -0.406, -0.096,0.106, -0.386, -0.128,-0.142, -0.720, -0.294,0.080, -0.711, -0.351
193236,12.813, 1.368,17,65,50,31,22,72,5,7,21,15,-0.186, 0.478, 0.107,0.153, 0.492, 0.105,-0.225, 0.247, 0.060,0.307, 0.365, 0.199,-0.277, 0.015, 0.105,0.328, 0.434, 0.423,-0.116, -0.004, -0.002,0.116, 0.005, 0.002,-0.094, -0.406, -0.094,0.108, -0.386, -0.134,-0.140, -0.720, -0.294,0.080, -0.710, -0.358
193236,12.498, 2.531,17,68,49,33,21,74,5,6,22,15,-0.186, 0.475, 0.116,0.153, 0.491, 0.112,-0.226, 0.246, 0.070,0.308, 0.376, 0.210,-0.279, 0.015, 0.111,0.322, 0.463, 0.428,-0.116, -0.004, -0.002,0.116, 0.005, 0.001,-0.094, -0.406, -0.094,0.106, -0.386, -0.134,-0.140, -0.720, -0.293,0.080, -0.709, -0.354
193236,12.329, 2.810,18,69,49,33,20,75,5,6,22,15,-0.185, 0.474, 0.119,0.153, 0.491, 0.113,-0.226, 0.244, 0.074,0.308, 0.380, 0.212,-0.279, 0.014, 0.114,0.319, 0.470, 0.428,-0.116, -0.004, -0.002,0.116, 0.005, 0.001,-0.094, -0.406, -0.093,0.106, -0.386, -0.134,-0.140, -0.719, -0.292,0.080, -0.708, -0.352
193236,12.161, 4.166,18,74,49,33,21,75,5,5,22,15,-0.185, 0.473, 0.118,0.153, 0.492, 0.113,-0.226, 0.243, 0.073,0.309, 0.402, 0.211,-0.280, 0.013, 0.114,0.316, 0.504, 0.417,-0.116, -0.004, -0.002,0.116, 0.005, 0.001,-0.094, -0.406, -0.092,0.105, -0.387, -0.125,-0.139, -0.720, -0.292,0.082, -0.709, -0.338
193236,12.085, 4.411,18,76,49,33,21,74,5,5,22,16,-0.185, 0.472, 0.118,0.153, 0.493, 0.112,-0.226, 0.242, 0.072,0.310, 0.409, 0.211,-0.281, 0.013, 0.114,0.315, 0.510, 0.412,-0.116, -0.004, -0.002,0.116, 0.005, 0.001,-0.094, -0.406, -0.092,0.105, -0.388, -0.120,-0.139, -0.720, -0.292,0.083, -0.709, -0.330
193236,12.213, 5.642,18,80,46,32,20,75,5,5,22,15,-0.185, 0.472, 0.118,0.153, 0.494, 0.110,-0.226, 0.240, 0.077,0.314, 0.427, 0.206,-0.281, 0.011, 0.120,0.317, 0.541, 0.397,-0.116, -0.004, -0.001,0.116, 0.005, 0.001,-0.094, -0.406, -0.092,0.105, -0.388, -0.120,-0.139, -0.720, -0.297,0.083, -0.709, -0.328
193236,12.284, 5.811,18,81,45,31,20,75,5,5,22,15,-0.185, 0.471, 0.118,0.153, 0.495, 0.107,-0.226, 0.239, 0.078,0.317, 0.431, 0.202,-0.281, 0.010, 0.123,0.318, 0.545, 0.391,-0.116, -0.004, -0.001,0.116, 0.005, 0.000,-0.094, -0.406, -0.092,0.105, -0.389, -0.119,-0.139, -0.720, -0.298,0.083, -0.709, -0.326
193236,12.334, 5.822,18,81,45,31,20,75,5,5,22,15,-0.185, 0.471, 0.118,0.153, 0.495, 0.106,-0.226, 0.238, 0.079,0.318, 0.432, 0.200,-0.281, 0.009, 0.124,0.319, 0.546, 0.389,-0.116, -0.004, -0.001,0.116, 0.005, 0.000,-0.094, -0.406, -0.092,0.105, -0.389, -0.119,-0.139, -0.720, -0.299,0.083, -0.709, -0.325
193236,12.440, 6.689,18,84,44,31,21,74,5,5,23,16,-0.186, 0.471, 0.116,0.153, 0.497, 0.102,-0.226, 0.237, 0.079,0.320, 0.447, 0.195,-0.281, 0.008, 0.130,0.321, 0.567, 0.379,-0.116, -0.004, -0.001,0.116, 0.005, 0.000,-0.094, -0.407, -0.089,0.106, -0.389, -0.117,-0.139, -0.720, -0.298,0.085, -0.710, -0.323
193236,12.523, 6.870,18,85,42,31,21,74,5,5,23,16,-0.186, 0.471, 0.113,0.153, 0.498, 0.099,-0.227, 0.236, 0.079,0.321, 0.451, 0.192,-0.281, 0.007, 0.131,0.323, 0.572, 0.377,-0.116, -0.004, -0.001,0.116, 0.005, 0.000,-0.094, -0.408, -0.087,0.107, -0.389, -0.116,-0.138, -0.720, -0.297,0.087, -0.710, -0.322
193236,12.664, 7.486,18,88,39,30,20,74,5,5,24,16,-0.185, 0.470, 0.114,0.153, 0.498, 0.099,-0.226, 0.236, 0.083,0.328, 0.461, 0.192,-0.280, 0.006, 0.138,0.325, 0.587, 0.375,-0.116, -0.004, -0.001,0.116, 0.005, 0.000,-0.095, -0.408, -0.087,0.107, -0.389, -0.116,-0.138, -0.719, -0.301,0.088, -0.710, -0.323
193236,12.719, 7.553,18,89,38,30,20,74,5,5,24,16,-0.185, 0.470, 0.114,0.154, 0.498, 0.099,-0.225, 0.235, 0.085,0.330, 0.463, 0.192,-0.280, 0.005, 0.140,0.326, 0.589, 0.374,-0.116, -0.004, -0.001,0.116, 0.004, 0.000,-0.095, -0.407, -0.087,0.107, -0.390, -0.116,-0.138, -0.719, -0.301,0.088, -0.709, -0.324
193236,12.701, 8.086,18,91,37,30,20,73,5,5,23,16,-0.185, 0.470, 0.113,0.154, 0.499, 0.098,-0.224, 0.234, 0.085,0.329, 0.471, 0.193,-0.280, 0.004, 0.139,0.326, 0.602, 0.376,-0.116, -0.004, -0.001,0.116, 0.004, 0.000,-0.095, -0.407, -0.086,0.106, -0.389, -0.116,-0.138, -0.719, -0.295,0.087, -0.709, -0.324
193236,12.678, 8.201,18,91,36,31,19,72,5,6,23,16,-0.184, 0.470, 0.111,0.154, 0.500, 0.097,-0.224, 0.233, 0.084,0.328, 0.473, 0.193,-0.280, 0.004, 0.139,0.325, 0.605, 0.376,-0.116, -0.004, 0.000,0.116, 0.004, 0.000,-0.095, -0.407, -0.085,0.106, -0.389, -0.116,-0.138, -0.719, -0.291,0.086, -0.708, -0.325
193236,12.756, 8.298,18,92,35,31,20,71,5,5,23,17,-0.184, 0.470, 0.109,0.154, 0.500, 0.097,-0.224, 0.232, 0.083,0.327, 0.476, 0.195,-0.280, 0.002, 0.139,0.327, 0.607, 0.378,-0.116, -0.004, -0.001,0.116, 0.004, 0.000,-0.096, -0.407, -0.085,0.106, -0.390, -0.115,-0.140, -0.720, -0.291,0.085, -0.709, -0.323
193236,12.797, 8.299,18,92,35,31,20,70,5,5,23,17,-0.184, 0.470, 0.107,0.154, 0.500, 0.097,-0.224, 0.232, 0.081,0.327, 0.476, 0.196,-0.280, 0.001, 0.139,0.328, 0.607, 0.379,-0.116, -0.003, -0.001,0.116, 0.004, 0.000,-0.096, -0.407, -0.085,0.105, -0.390, -0.113,-0.141, -0.720, -0.291,0.085, -0.710, -0.321
193236,12.816, 8.283,18,92,35,31,20,70,5,5,23,17,-0.185, 0.470, 0.105,0.154, 0.500, 0.097,-0.224, 0.231, 0.079,0.327, 0.477, 0.196,-0.280, 0.001, 0.137,0.328, 0.607, 0.379,-0.116, -0.003, -0.001,0.116, 0.004, 0.000,-0.097, -0.407, -0.085,0.105, -0.391, -0.113,-0.141, -0.720, -0.291,0.085, -0.710, -0.320
193236,12.994, 8.278,19,92,30,30,19,70,5,5,22,16,-0.185, 0.469, 0.110,0.154, 0.500, 0.102,-0.224, 0.230, 0.088,0.328, 0.477, 0.200,-0.281, 0.000, 0.149,0.331, 0.607, 0.381,-0.116, -0.003, -0.001,0.116, 0.004, 0.000,-0.095, -0.407, -0.091,0.105, -0.390, -0.113,-0.138, -0.720, -0.297,0.085, -0.710, -0.319
193236,13.079, 8.290,19,93,29,30,19,69,5,4,22,16,-0.185, 0.468, 0.113,0.154, 0.500, 0.105,-0.224, 0.229, 0.092,0.328, 0.477, 0.202,-0.281, -0.001, 0.153,0.333, 0.607, 0.382,-0.116, -0.003, -0.001,0.116, 0.004, 0.000,-0.093, -0.406, -0.094,0.105, -0.390, -0.113,-0.136, -0.720, -0.299,0.085, -0.709, -0.319
193236,13.528, 8.249,19,92,29,30,19,68,5,5,23,17,-0.185, 0.468, 0.113,0.154, 0.500, 0.105,-0.225, 0.228, 0.092,0.328, 0.477, 0.202,-0.281, -0.001, 0.152,0.341, 0.606, 0.382,-0.116, -0.003, -0.001,0.116, 0.004, 0.000,-0.093, -0.406, -0.090,0.105, -0.390, -0.114,-0.136, -0.718, -0.299,0.085, -0.708, -0.326
193236,13.749, 8.220,19,92,29,30,19,67,5,5,23,17,-0.186, 0.468, 0.114,0.154, 0.500, 0.105,-0.225, 0.228, 0.093,0.329, 0.476, 0.202,-0.281, -0.001, 0.152,0.344, 0.606, 0.382,-0.116, -0.003, -0.001,0.116, 0.004, 0.000,-0.094, -0.406, -0.089,0.105, -0.390, -0.115,-0.136, -0.717, -0.299,0.084, -0.707, -0.329
193236,13.820, 7.800,19,91,29,30,19,66,5,5,23,17,-0.186, 0.469, 0.112,0.153, 0.501, 0.104,-0.226, 0.229, 0.091,0.328, 0.473, 0.202,-0.281, 0.000, 0.152,0.346, 0.595, 0.387,-0.116, -0.003, -0.001,0.116, 0.004, 0.000,-0.094, -0.406, -0.091,0.104, -0.389, -0.115,-0.137, -0.717, -0.301,0.085, -0.707, -0.329
193237,13.847, 7.606,19,91,29,30,20,66,5,5,23,17,-0.186, 0.469, 0.111,0.153, 0.501, 0.104,-0.227, 0.230, 0.089,0.327, 0.471, 0.202,-0.281, 0.000, 0.151,0.346, 0.590, 0.390,-0.116, -0.003, -0.001,0.116, 0.004, 0.000,-0.094, -0.406, -0.093,0.104, -0.389, -0.116,-0.137, -0.717, -0.303,0.085, -0.707, -0.329
193237,13.764, 5.967,19,82,32,30,20,70,5,5,23,17,-0.186, 0.469, 0.113,0.153, 0.501, 0.104,-0.226, 0.230, 0.089,0.325, 0.440, 0.200,-0.280, 0.000, 0.150,0.345, 0.549, 0.391,-0.116, -0.003, -0.001,0.116, 0.004, 0.000,-0.092, -0.406, -0.091,0.104, -0.389, -0.116,-0.134, -0.717, -0.303,0.084, -0.707, -0.329
193237,13.698, 5.588,19,80,33,30,20,72,4,5,24,17,-0.186, 0.469, 0.114,0.154, 0.501, 0.104,-0.226, 0.230, 0.089,0.324, 0.431, 0.200,-0.280, 0.000, 0.150,0.344, 0.540, 0.392,-0.116, -0.003, -0.001,0.116, 0.004, 0.000,-0.091, -0.406, -0.089,0.105, -0.389, -0.116,-0.133, -0.717, -0.303,0.083, -0.707, -0.329
193237,13.649, 5.474,19,79,34,30,21,72,4,5,24,17,-0.185, 0.469, 0.115,0.154, 0.501, 0.104,-0.226, 0.230, 0.089,0.323, 0.428, 0.199,-0.279, 0.000, 0.150,0.343, 0.537, 0.392,-0.116, -0.004, -0.001,0.116, 0.004, 0.000,-0.091, -0.406, -0.088,0.105, -0.389, -0.116,-0.132, -0.717, -0.302,0.083, -0.707, -0.329
193237,13.133, 4.893,19,75,38,31,20,75,5,4,23,16,-0.187, 0.468, 0.119,0.150, 0.497, 0.104,-0.226, 0.230, 0.091,0.316, 0.413, 0.195,-0.277, 0.001, 0.150,0.333, 0.522, 0.391,-0.116, -0.004, -0.001,0.116, 0.004, 0.000,-0.092, -0.406, -0.089,0.105, -0.389, -0.113,-0.133, -0.719, -0.302,0.084, -0.708, -0.320
193237,12.900, 4.797,18,74,39,30,20,76,5,4,23,16,-0.189, 0.468, 0.120,0.147, 0.495, 0.104,-0.226, 0.230, 0.092,0.311, 0.409, 0.193,-0.276, 0.001, 0.150,0.329, 0.520, 0.389,-0.116, -0.004, -0.001,0.116, 0.004, 0.000,-0.092, -0.407, -0.089,0.105, -0.389, -0.111,-0.133, -0.721, -0.301,0.084, -0.709, -0.314
193237,12.564, 2.319,17,65,50,31,22,77,5,5,24,17,-0.188, 0.470, 0.117,0.147, 0.495, 0.098,-0.225, 0.236, 0.077,0.309, 0.376, 0.184,-0.274, 0.006, 0.130,0.323, 0.458, 0.389,-0.116, -0.004, 0.000,0.116, 0.004, -0.001,-0.092, -0.406, -0.089,0.107, -0.389, -0.116,-0.135, -0.717, -0.302,0.085, -0.709, -0.327
193237,12.438, 1.967,17,64,52,31,22,78,5,5,24,17,-0.188, 0.472, 0.116,0.147, 0.495, 0.097,-0.224, 0.239, 0.073,0.307, 0.370, 0.182,-0.273, 0.008, 0.125,0.321, 0.449, 0.390,-0.116, -0.004, 0.000,0.116, 0.005, -0.001,-0.093, -0.406, -0.088,0.108, -0.389, -0.117,-0.137, -0.716, -0.302,0.085, -0.709, -0.331
193237,11.833, 0.394,16,58,55,32,23,74,5,5,23,16,-0.188, 0.474, 0.106,0.147, 0.495, 0.097,-0.223, 0.242, 0.058,0.289, 0.352, 0.182,-0.273, 0.010, 0.104,0.310, 0.410, 0.403,-0.116, -0.004, -0.001,0.116, 0.005, 0.000,-0.096, -0.405, -0.093,0.106, -0.388, -0.115,-0.146, -0.715, -0.302,0.082, -0.709, -0.322
193237,11.651, 0.122,16,57,55,32,23,73,5,5,22,16,-0.188, 0.475, 0.102,0.147, 0.494, 0.097,-0.223, 0.244, 0.052,0.284, 0.347, 0.183,-0.273, 0.011, 0.098,0.307, 0.403, 0.408,-0.116, -0.004, -0.002,0.116, 0.005, 0.001,-0.098, -0.405, -0.094,0.103, -0.387, -0.113,-0.149, -0.715, -0.301,0.080, -0.709, -0.317
193237,11.515, -1.107,16,51,58,35,23,70,5,5,21,15,-0.188, 0.477, 0.099,0.147, 0.494, 0.096,-0.220, 0.244, 0.047,0.268, 0.331, 0.181,-0.270, 0.013, 0.092,0.305, 0.372, 0.409,-0.116, -0.004, -0.002,0.115, 0.005, 0.001,-0.098, -0.405, -0.093,0.104, -0.387, -0.110,-0.149, -0.716, -0.289,0.080, -0.711, -0.309
193237,11.483, -1.359,15,50,59,36,24,70,5,5,21,16,-0.188, 0.478, 0.098,0.147, 0.493, 0.096,-0.219, 0.245, 0.045,0.264, 0.327, 0.181,-0.269, 0.014, 0.092,0.304, 0.366, 0.412,-0.116, -0.004, -0.002,0.115, 0.005, 0.001,-0.098, -0.405, -0.093,0.104, -0.387, -0.109,-0.148, -0.717, -0.288,0.080, -0.711, -0.309
193237,11.499, -1.449,15,51,59,35,24,69,5,4,21,16,-0.188, 0.478, 0.097,0.147, 0.492, 0.096,-0.219, 0.245, 0.044,0.265, 0.327, 0.181,-0.269, 0.014, 0.092,0.304, 0.364, 0.413,-0.116, -0.004, -0.002,0.115, 0.005, 0.001,-0.097, -0.405, -0.093,0.104, -0.387, -0.108,-0.148, -0.717, -0.287,0.080, -0.711, -0.308
193237,11.145, -2.172,15,47,59,36,25,70,6,2,22,17,-0.189, 0.479, 0.090,0.146, 0.491, 0.095,-0.219, 0.245, 0.037,0.255, 0.313, 0.178,-0.269, 0.014, 0.089,0.298, 0.346, 0.413,-0.116, -0.004, -0.003,0.115, 0.005, 0.002,-0.098, -0.405, -0.082,0.104, -0.388, -0.084,-0.149, -0.719, -0.269,0.080, -0.714, -0.270
193237,10.991, -2.284,15,46,58,36,25,70,6,1,22,18,-0.189, 0.479, 0.086,0.146, 0.490, 0.095,-0.219, 0.245, 0.033,0.252, 0.311, 0.178,-0.269, 0.014, 0.086,0.295, 0.343, 0.413,-0.116, -0.004, -0.003,0.116, 0.005, 0.002,-0.099, -0.405, -0.078,0.104, -0.388, -0.077,-0.149, -0.719, -0.262,0.081, -0.715, -0.261
193237,10.320, -2.951,15,45,58,39,25,68,6,2,21,17,-0.189, 0.480, 0.087,0.146, 0.487, 0.096,-0.219, 0.245, 0.034,0.244, 0.304, 0.181,-0.269, 0.015, 0.086,0.283, 0.326, 0.421,-0.116, -0.004, -0.004,0.116, 0.004, 0.003,-0.099, -0.405, -0.083,0.103, -0.388, -0.079,-0.149, -0.720, -0.264,0.082, -0.716, -0.264
193237,10.059, -3.085,15,45,58,40,25,68,6,2,21,17,-0.189, 0.480, 0.086,0.146, 0.486, 0.096,-0.219, 0.245, 0.033,0.241, 0.303, 0.182,-0.269, 0.015, 0.084,0.279, 0.323, 0.425,-0.116, -0.004, -0.005,0.116, 0.004, 0.004,-0.099, -0.405, -0.085,0.103, -0.388, -0.081,-0.149, -0.721, -0.266,0.082, -0.716, -0.268
193237,9.403, -4.045,15,44,58,41,25,63,6,2,21,16,-0.189, 0.484, 0.083,0.147, 0.487, 0.097,-0.218, 0.250, 0.029,0.239, 0.301, 0.185,-0.269, 0.027, 0.081,0.267, 0.299, 0.432,-0.116, -0.004, -0.005,0.116, 0.004, 0.004,-0.099, -0.405, -0.086,0.103, -0.387, -0.084,-0.150, -0.721, -0.267,0.083, -0.716, -0.268
193237,9.209, -4.208,15,44,58,41,25,63,6,2,20,16,-0.189, 0.486, 0.081,0.147, 0.487, 0.097,-0.218, 0.252, 0.028,0.238, 0.299, 0.186,-0.269, 0.031, 0.078,0.264, 0.295, 0.434,-0.116, -0.004, -0.005,0.116, 0.004, 0.004,-0.099, -0.405, -0.087,0.103, -0.387, -0.086,-0.150, -0.721, -0.268,0.083, -0.715, -0.270
193237,9.320, -4.534,15,45,57,38,27,64,6,3,21,16,-0.189, 0.486, 0.086,0.148, 0.486, 0.098,-0.219, 0.252, 0.035,0.249, 0.294, 0.184,-0.269, 0.030, 0.093,0.266, 0.287, 0.426,-0.116, -0.004, -0.005,0.116, 0.004, 0.004,-0.099, -0.404, -0.087,0.105, -0.387, -0.088,-0.150, -0.720, -0.276,0.089, -0.715, -0.276
193237,9.385, -4.612,15,45,56,37,27,65,6,3,22,16,-0.189, 0.486, 0.089,0.149, 0.486, 0.098,-0.220, 0.252, 0.039,0.253, 0.292, 0.183,-0.269, 0.030, 0.100,0.267, 0.285, 0.422,-0.116, -0.004, -0.005,0.116, 0.004, 0.004,-0.100, -0.404, -0.087,0.106, -0.387, -0.090,-0.151, -0.720, -0.279,0.091, -0.715, -0.280
193237,9.315, -4.769,15,45,55,36,27,65,6,3,21,16,-0.189, 0.485, 0.088,0.149, 0.486, 0.098,-0.220, 0.252, 0.038,0.254, 0.293, 0.181,-0.269, 0.030, 0.099,0.266, 0.281, 0.421,-0.116, -0.004, -0.005,0.116, 0.004, 0.004,-0.100, -0.404, -0.087,0.106, -0.387, -0.091,-0.150, -0.720, -0.278,0.091, -0.716, -0.280
193238,9.295, -4.823,16,45,55,36,27,65,6,3,21,16,-0.189, 0.485, 0.088,0.149, 0.486, 0.098,-0.221, 0.252, 0.038,0.254, 0.293, 0.181,-0.269, 0.030, 0.099,0.265, 0.279, 0.421,-0.116, -0.004, -0.005,0.116, 0.004, 0.004,-0.100, -0.404, -0.088,0.106, -0.387, -0.091,-0.150, -0.720, -0.278,0.091, -0.716, -0.281
193238,9.316, -4.764,16,44,54,36,27,66,6,4,21,15,-0.189, 0.485, 0.089,0.150, 0.486, 0.098,-0.221, 0.252, 0.041,0.256, 0.291, 0.180,-0.269, 0.030, 0.102,0.266, 0.281, 0.419,-0.116, -0.004, -0.004,0.116, 0.004, 0.003,-0.099, -0.404, -0.088,0.107, -0.386, -0.097,-0.150, -0.720, -0.275,0.091, -0.716, -0.285
193238,9.331, -4.737,16,44,53,36,27,66,5,4,21,14,-0.188, 0.485, 0.090,0.151, 0.485, 0.098,-0.221, 0.252, 0.042,0.256, 0.291, 0.180,-0.269, 0.031, 0.104,0.266, 0.282, 0.418,-0.116, -0.004, -0.004,0.116, 0.004, 0.003,-0.099, -0.403, -0.087,0.108, -0.386, -0.100,-0.150, -0.720, -0.274,0.091, -0.716, -0.288
193238,9.340, -4.719,16,44,53,36,26,67,5,4,21,14,-0.188, 0.485, 0.090,0.151, 0.485, 0.098,-0.221, 0.252, 0.043,0.257, 0.290, 0.180,-0.269, 0.031, 0.105,0.266, 0.282, 0.417,-0.116, -0.004, -0.004,0.116, 0.004, 0.003,-0.099, -0.403, -0.087,0.108, -0.386, -0.102,-0.150, -0.720, -0.272,0.092, -0.716, -0.290
193238,9.345, -4.747,16,44,53,35,26,66,5,4,21,15,-0.188, 0.485, 0.090,0.151, 0.485, 0.098,-0.222, 0.251, 0.043,0.258, 0.291, 0.179,-0.270, 0.029, 0.105,0.266, 0.281, 0.416,-0.116, -0.004, -0.004,0.116, 0.004, 0.003,-0.099, -0.403, -0.087,0.108, -0.387, -0.099,-0.150, -0.721, -0.273,0.090, -0.717, -0.288
193238,9.350, -4.765,16,45,53,35,26,66,5,4,21,15,-0.188, 0.484, 0.090,0.152, 0.485, 0.098,-0.222, 0.251, 0.044,0.258, 0.291, 0.179,-0.270, 0.027, 0.105,0.266, 0.281, 0.415,-0.116, -0.004, -0.004,0.116, 0.004, 0.003,-0.099, -0.404, -0.087,0.107, -0.387, -0.097,-0.150, -0.721, -0.275,0.089, -0.717, -0.287
193238,9.371, -4.595,16,45,55,36,23,64,6,4,21,15,-0.188, 0.486, 0.086,0.151, 0.488, 0.096,-0.222, 0.252, 0.034,0.256, 0.300, 0.179,-0.270, 0.027, 0.079,0.267, 0.285, 0.415,-0.116, -0.004, -0.004,0.116, 0.004, 0.003,-0.099, -0.406, -0.089,0.108, -0.388, -0.097,-0.149, -0.723, -0.278,0.090, -0.717, -0.285
193238,9.380, -4.498,16,46,56,36,23,63,6,4,21,15,-0.188, 0.487, 0.083,0.150, 0.489, 0.095,-0.221, 0.253, 0.028,0.255, 0.304, 0.179,-0.270, 0.028, 0.070,0.267, 0.288, 0.415,-0.116, -0.004, -0.004,0.116, 0.004, 0.004,-0.099, -0.407, -0.091,0.109, -0.388, -0.096,-0.147, -0.724, -0.281,0.091, -0.718, -0.282
193238,9.473, -2.150,16,49,57,37,22,69,6,4,21,15,-0.191, 0.487, 0.083,0.146, 0.490, 0.092,-0.224, 0.252, 0.028,0.253, 0.322, 0.180,-0.274, 0.021, 0.067,0.268, 0.346, 0.417,-0.116, -0.004, -0.004,0.116, 0.004, 0.003,-0.099, -0.408, -0.090,0.107, -0.388, -0.092,-0.149, -0.724, -0.277,0.088, -0.718, -0.274
193238,9.532, -1.752,16,50,57,38,22,68,6,3,21,15,-0.192, 0.487, 0.082,0.145, 0.490, 0.091,-0.225, 0.250, 0.027,0.252, 0.328, 0.180,-0.275, 0.018, 0.066,0.269, 0.356, 0.418,-0.116, -0.004, -0.004,0.116, 0.004, 0.003,-0.098, -0.408, -0.090,0.107, -0.388, -0.091,-0.149, -0.724, -0.276,0.087, -0.718, -0.272
193238,10.253, -0.945,16,52,56,34,23,75,5,4,22,16,-0.189, 0.483, 0.098,0.147, 0.489, 0.098,-0.224, 0.248, 0.045,0.270, 0.326, 0.184,-0.275, 0.016, 0.088,0.282, 0.376, 0.417,-0.116, -0.004, -0.004,0.116, 0.004, 0.003,-0.096, -0.408, -0.090,0.107, -0.388, -0.098,-0.149, -0.722, -0.281,0.084, -0.717, -0.295
193238,10.531, -0.796,16,52,55,33,23,77,5,4,22,17,-0.187, 0.480, 0.103,0.148, 0.488, 0.102,-0.223, 0.247, 0.051,0.275, 0.324, 0.187,-0.275, 0.014, 0.094,0.287, 0.380, 0.416,-0.116, -0.004, -0.004,0.116, 0.004, 0.003,-0.095, -0.408, -0.090,0.107, -0.388, -0.100,-0.148, -0.721, -0.284,0.082, -0.716, -0.302
193238,10.769, 0.279,16,56,55,32,23,80,4,4,23,17,-0.183, 0.479, 0.105,0.150, 0.488, 0.106,-0.220, 0.247, 0.051,0.287, 0.334, 0.193,-0.274, 0.014, 0.094,0.291, 0.407, 0.416,-0.116, -0.004, -0.004,0.116, 0.005, 0.003,-0.094, -0.408, -0.090,0.108, -0.388, -0.109,-0.143, -0.721, -0.290,0.082, -0.712, -0.322
193238,10.786, 0.458,16,57,55,31,23,80,4,4,23,17,-0.182, 0.478, 0.109,0.152, 0.488, 0.111,-0.219, 0.247, 0.054,0.289, 0.337, 0.198,-0.274, 0.014, 0.094,0.292, 0.411, 0.418,-0.116, -0.004, -0.004,0.116, 0.005, 0.003,-0.093, -0.408, -0.090,0.108, -0.388, -0.111,-0.141, -0.721, -0.289,0.082, -0.711, -0.322
193238,10.921, 1.769,16,62,54,31,22,81,4,5,23,17,-0.181, 0.476, 0.110,0.152, 0.488, 0.111,-0.219, 0.246, 0.058,0.296, 0.356, 0.199,-0.273, 0.014, 0.097,0.294, 0.444, 0.416,-0.116, -0.004, -0.004,0.116, 0.005, 0.003,-0.093, -0.408, -0.090,0.107, -0.388, -0.118,-0.136, -0.719, -0.292,0.082, -0.710, -0.337
193238,10.986, 2.028,16,64,53,31,21,81,4,5,23,17,-0.181, 0.475, 0.111,0.152, 0.488, 0.111,-0.219, 0.246, 0.061,0.299, 0.362, 0.200,-0.273, 0.014, 0.099,0.295, 0.451, 0.416,-0.116, -0.004, -0.003,0.116, 0.005, 0.002,-0.093, -0.408, -0.089,0.107, -0.387, -0.123,-0.134, -0.717, -0.294,0.082, -0.708, -0.346
193238,10.966, 3.509,16,68,52,31,21,82,4,5,23,16,-0.182, 0.474, 0.113,0.151, 0.489, 0.110,-0.219, 0.244, 0.064,0.302, 0.383, 0.199,-0.274, 0.014, 0.103,0.295, 0.488, 0.407,-0.116, -0.004, -0.003,0.116, 0.005, 0.002,-0.093, -0.407, -0.089,0.106, -0.388, -0.123,-0.134, -0.717, -0.294,0.080, -0.708, -0.341
193238,10.951, 3.765,17,70,51,31,21,82,4,5,23,16,-0.182, 0.473, 0.114,0.151, 0.490, 0.109,-0.220, 0.243, 0.068,0.303, 0.387, 0.198,-0.275, 0.014, 0.107,0.295, 0.494, 0.401,-0.116, -0.004, -0.002,0.116, 0.005, 0.001,-0.093, -0.407, -0.089,0.106, -0.389, -0.123,-0.135, -0.717, -0.294,0.080, -0.709, -0.338
193238,10.957, 4.740,16,74,52,31,21,82,4,5,23,16,-0.182, 0.473, 0.113,0.152, 0.492, 0.104,-0.220, 0.241, 0.067,0.307, 0.408, 0.192,-0.275, 0.012, 0.107,0.295, 0.518, 0.387,-0.116, -0.004, -0.001,0.116, 0.005, 0.000,-0.093, -0.407, -0.087,0.106, -0.390, -0.121,-0.135, -0.719, -0.292,0.079, -0.710, -0.330
193238,10.953, 4.767,16,74,52,31,21,82,4,6,23,16,-0.182, 0.472, 0.113,0.152, 0.494, 0.101,-0.220, 0.240, 0.066,0.309, 0.409, 0.189,-0.275, 0.012, 0.107,0.295, 0.519, 0.382,-0.116, -0.004, -0.001,0.116, 0.005, 0.000,-0.093, -0.407, -0.085,0.106, -0.390, -0.121,-0.135, -0.720, -0.290,0.079, -0.711, -0.329
193239,10.879, 5.633,16,78,53,30,20,82,4,5,23,16,-0.182, 0.472, 0.112,0.152, 0.495, 0.101,-0.220, 0.241, 0.064,0.313, 0.426, 0.189,-0.276, 0.012, 0.101,0.293, 0.541, 0.381,-0.116, -0.004, -0.001,0.116, 0.005, 0.000,-0.093, -0.407, -0.085,0.106, -0.391, -0.118,-0.134, -0.720, -0.291,0.079, -0.711, -0.323
193239,10.784, 5.791,16,79,53,30,20,82,4,5,23,16,-0.182, 0.472, 0.112,0.152, 0.496, 0.101,-0.220, 0.241, 0.063,0.314, 0.430, 0.189,-0.277, 0.012, 0.097,0.292, 0.545, 0.381,-0.116, -0.004, -0.001,0.116, 0.005, 0.000,-0.093, -0.407, -0.085,0.105, -0.391, -0.117,-0.134, -0.721, -0.291,0.079, -0.712, -0.321
193239,10.745, 6.457,17,82,51,30,20,81,4,6,23,16,-0.182, 0.472, 0.112,0.152, 0.496, 0.101,-0.221, 0.241, 0.067,0.316, 0.440, 0.191,-0.277, 0.012, 0.106,0.291, 0.561, 0.381,-0.116, -0.004, -0.001,0.116, 0.005, 0.000,-0.093, -0.407, -0.086,0.105, -0.391, -0.122,-0.136, -0.718, -0.293,0.079, -0.709, -0.332
193239,10.726, 6.576,17,83,50,30,20,81,4,6,23,16,-0.183, 0.472, 0.112,0.152, 0.497, 0.101,-0.221, 0.241, 0.069,0.316, 0.443, 0.191,-0.277, 0.012, 0.110,0.291, 0.564, 0.381,-0.116, -0.004, 0.000,0.116, 0.005, 0.000,-0.093, -0.406, -0.086,0.105, -0.390, -0.124,-0.137, -0.717, -0.294,0.079, -0.708, -0.336
193239,10.650, 6.817,17,84,49,31,20,81,5,5,23,16,-0.183, 0.472, 0.110,0.152, 0.497, 0.099,-0.221, 0.241, 0.069,0.316, 0.447, 0.191,-0.277, 0.012, 0.110,0.289, 0.570, 0.379,-0.116, -0.004, 0.000,0.116, 0.004, -0.001,-0.095, -0.405, -0.085,0.105, -0.390, -0.118,-0.138, -0.717, -0.289,0.079, -0.708, -0.323
193239,10.591, 6.861,17,84,49,31,20,81,5,5,22,16,-0.183, 0.472, 0.109,0.152, 0.498, 0.098,-0.220, 0.240, 0.068,0.316, 0.447, 0.191,-0.277, 0.012, 0.110,0.288, 0.572, 0.379,-0.116, -0.004, 0.000,0.116, 0.004, -0.001,-0.096, -0.405, -0.085,0.105, -0.390, -0.115,-0.139, -0.717, -0.287,0.080, -0.708, -0.318
193239,10.556, 6.925,16,85,50,31,20,81,5,6,23,16,-0.183, 0.473, 0.108,0.152, 0.498, 0.097,-0.220, 0.241, 0.065,0.317, 0.451, 0.191,-0.277, 0.012, 0.106,0.288, 0.573, 0.377,-0.116, -0.004, 0.000,0.116, 0.004, -0.001,-0.096, -0.405, -0.087,0.105, -0.390, -0.120,-0.138, -0.717, -0.295,0.081, -0.708, -0.327
193239,10.546, 6.929,16,85,51,31,20,81,5,6,23,16,-0.183, 0.473, 0.106,0.152, 0.499, 0.096,-0.220, 0.241, 0.063,0.318, 0.452, 0.190,-0.277, 0.013, 0.103,0.287, 0.573, 0.375,-0.116, -0.004, 0.000,0.116, 0.004, -0.001,-0.096, -0.405, -0.088,0.105, -0.390, -0.121,-0.138, -0.716, -0.299,0.082, -0.708, -0.329
193239,10.491, 6.880,16,85,51,31,20,81,5,6,23,16,-0.183, 0.473, 0.105,0.152, 0.499, 0.096,-0.219, 0.241, 0.061,0.318, 0.451, 0.192,-0.277, 0.013, 0.100,0.287, 0.572, 0.377,-0.116, -0.004, 0.000,0.116, 0.004, -0.001,-0.096, -0.404, -0.088,0.104, -0.390, -0.120,-0.138, -0.717, -0.299,0.082, -0.708, -0.329
193239,10.446, 6.864,16,85,52,31,20,81,5,6,23,16,-0.183, 0.473, 0.105,0.151, 0.499, 0.096,-0.219, 0.241, 0.060,0.318, 0.451, 0.193,-0.277, 0.013, 0.098,0.286, 0.572, 0.378,-0.116, -0.004, 0.000,0.116, 0.004, -0.001,-0.096, -0.404, -0.088,0.103, -0.390, -0.120,-0.139, -0.717, -0.299,0.082, -0.708, -0.329
193239,10.462, 6.837,16,85,50,31,20,80,5,5,23,16,-0.183, 0.472, 0.105,0.151, 0.499, 0.097,-0.220, 0.240, 0.062,0.317, 0.451, 0.194,-0.277, 0.011, 0.103,0.286, 0.571, 0.380,-0.116, -0.004, 0.000,0.116, 0.004, 0.000,-0.097, -0.404, -0.088,0.103, -0.390, -0.113,-0.139, -0.717, -0.299,0.083, -0.709, -0.315
193239,10.473, 6.816,16,85,50,31,20,80,5,4,23,16,-0.183, 0.472, 0.105,0.151, 0.499, 0.097,-0.220, 0.240, 0.063,0.316, 0.451, 0.194,-0.277, 0.011, 0.106,0.286, 0.570, 0.381,-0.116, -0.004, -0.001,0.116, 0.004, 0.000,-0.097, -0.404, -0.089,0.103, -0.391, -0.109,-0.139, -0.717, -0.299,0.084, -0.709, -0.310
193239,10.596, 6.779,16,84,49,31,21,80,5,4,23,16,-0.183, 0.472, 0.105,0.151, 0.499, 0.098,-0.220, 0.239, 0.064,0.316, 0.449, 0.194,-0.277, 0.011, 0.109,0.288, 0.569, 0.381,-0.116, -0.004, -0.001,0.116, 0.004, 0.000,-0.097, -0.404, -0.089,0.104, -0.390, -0.109,-0.139, -0.717, -0.298,0.086, -0.709, -0.310
193239,10.667, 6.753,16,84,49,31,21,80,5,4,23,16,-0.183, 0.472, 0.106,0.151, 0.499, 0.098,-0.220, 0.239, 0.065,0.316, 0.448, 0.194,-0.277, 0.010, 0.110,0.290, 0.569, 0.381,-0.116, -0.004, -0.001,0.116, 0.004, 0.000,-0.097, -0.404, -0.090,0.104, -0.390, -0.109,-0.139, -0.717, -0.298,0.086, -0.709, -0.310
193239,10.672, 6.700,16,83,49,32,21,80,5,5,23,16,-0.184, 0.473, 0.103,0.150, 0.500, 0.091,-0.220, 0.239, 0.064,0.315, 0.448, 0.186,-0.277, 0.011, 0.110,0.290, 0.567, 0.376,-0.116, -0.004, 0.000,0.116, 0.004, -0.001,-0.096, -0.404, -0.090,0.104, -0.390, -0.109,-0.139, -0.717, -0.299,0.086, -0.709, -0.310
193239,10.673, 6.670,16,83,49,32,20,80,5,5,23,16,-0.184, 0.473, 0.102,0.150, 0.501, 0.088,-0.220, 0.239, 0.063,0.315, 0.448, 0.183,-0.276, 0.011, 0.109,0.290, 0.567, 0.373,-0.116, -0.004, 0.000,0.116, 0.004, -0.001,-0.096, -0.404, -0.090,0.104, -0.390, -0.109,-0.139, -0.717, -0.300,0.086, -0.709, -0.309
193239,10.494, 5.793,16,78,51,33,20,81,5,6,22,16,-0.184, 0.473, 0.103,0.149, 0.500, 0.088,-0.219, 0.239, 0.063,0.309, 0.431, 0.183,-0.274, 0.011, 0.107,0.287, 0.545, 0.376,-0.116, -0.004, 0.000,0.116, 0.004, -0.001,-0.096, -0.404, -0.090,0.104, -0.390, -0.112,-0.140, -0.717, -0.297,0.085, -0.710, -0.317
193239,10.404, 5.511,16,76,52,33,20,81,5,6,22,16,-0.184, 0.473, 0.104,0.149, 0.500, 0.089,-0.218, 0.239, 0.063,0.306, 0.425, 0.184,-0.273, 0.012, 0.106,0.285, 0.538, 0.379,-0.116, -0.004, 0.000,0.115, 0.004, -0.001,-0.097, -0.404, -0.090,0.104, -0.390, -0.114,-0.140, -0.718, -0.296,0.084, -0.710, -0.319
193239,10.351, 5.398,16,75,53,33,20,81,5,6,22,16,-0.184, 0.473, 0.105,0.148, 0.500, 0.090,-0.218, 0.239, 0.063,0.305, 0.422, 0.184,-0.272, 0.012, 0.105,0.284, 0.535, 0.380,-0.116, -0.004, 0.000,0.115, 0.004, -0.001,-0.097, -0.404, -0.090,0.104, -0.390, -0.115,-0.140, -0.718, -0.295,0.083, -0.710, -0.321
193239,10.424, 4.203,16,70,53,32,21,83,5,5,23,16,-0.184, 0.472, 0.106,0.148, 0.497, 0.094,-0.217, 0.239, 0.064,0.303, 0.398, 0.187,-0.272, 0.012, 0.106,0.285, 0.505, 0.389,-0.116, -0.004, 0.000,0.115, 0.004, -0.001,-0.097, -0.404, -0.090,0.104, -0.390, -0.115,-0.140, -0.716, -0.300,0.083, -0.709, -0.322
193239,10.471, 3.905,16,69,54,32,21,83,5,5,23,17,-0.184, 0.472, 0.106,0.147, 0.495, 0.097,-0.217, 0.238, 0.064,0.302, 0.392, 0.189,-0.272, 0.012, 0.106,0.286, 0.498, 0.393,-0.116, -0.004, -0.001,0.115, 0.004, 0.000,-0.097, -0.403, -0.091,0.103, -0.390, -0.115,-0.140, -0.714, -0.303,0.083, -0.709, -0.324
193240,10.506, 2.027,15,64,56,32,21,81,5,4,23,16,-0.184, 0.473, 0.106,0.147, 0.494, 0.103,-0.215, 0.242, 0.060,0.299, 0.368, 0.196,-0.270, 0.013, 0.098,0.287, 0.451, 0.407,-0.116, -0.004, -0.001,0.115, 0.004, 0.000,-0.097, -0.403, -0.092,0.103, -0.390, -0.114,-0.140, -0.714, -0.303,0.085, -0.709, -0.322
193240,10.530, 1.720,15,62,57,31,21,81,5,4,23,16,-0.184, 0.473, 0.106,0.147, 0.494, 0.105,-0.214, 0.243, 0.059,0.297, 0.362, 0.198,-0.269, 0.014, 0.097,0.287, 0.443, 0.410,-0.116, -0.004, -0.001,0.115, 0.004, 0.001,-0.097, -0.403, -0.093,0.103, -0.389, -0.114,-0.141, -0.714, -0.302,0.085, -0.709, -0.322
193240,10.436, -0.510,15,53,59,33,23,76,5,2,21,17,-0.185, 0.474, 0.101,0.145, 0.492, 0.104,-0.214, 0.243, 0.050,0.272, 0.330, 0.192,-0.268, 0.014, 0.095,0.286, 0.387, 0.410,-0.115, -0.004, -0.002,0.115, 0.004, 0.001,-0.098, -0.404, -0.090,0.103, -0.389, -0.098,-0.144, -0.717, -0.286,0.085, -0.712, -0.296
193240,10.398, -0.822,14,51,61,34,24,76,5,2,21,17,-0.186, 0.474, 0.100,0.144, 0.491, 0.104,-0.214, 0.243, 0.048,0.264, 0.323, 0.188,-0.268, 0.014, 0.094,0.285, 0.379, 0.410,-0.115, -0.004, -0.002,0.115, 0.004, 0.001,-0.098, -0.405, -0.088,0.103, -0.390, -0.097,-0.147, -0.720, -0.277,0.084, -0.713, -0.295
193240,10.399, -0.784,14,50,62,34,24,77,5,2,21,17,-0.187, 0.474, 0.100,0.143, 0.490, 0.104,-0.214, 0.243, 0.048,0.263, 0.322, 0.188,-0.268, 0.013, 0.094,0.285, 0.380, 0.410,-0.115, -0.004, -0.002,0.115, 0.005, 0.001,-0.098, -0.406, -0.086,0.103, -0.390, -0.097,-0.149, -0.721, -0.274,0.082, -0.713, -0.296
193240,10.186, -1.391,14,47,63,37,25,73,6,2,21,17,-0.190, 0.477, 0.092,0.141, 0.490, 0.097,-0.215, 0.243, 0.041,0.247, 0.319, 0.181,-0.268, 0.013, 0.091,0.281, 0.365, 0.409,-0.115, -0.004, -0.003,0.115, 0.005, 0.002,-0.098, -0.407, -0.085,0.106, -0.389, -0.090,-0.149, -0.724, -0.270,0.082, -0.715, -0.279
193240,10.050, -1.628,14,46,63,38,25,72,6,2,21,17,-0.192, 0.478, 0.088,0.141, 0.490, 0.094,-0.216, 0.243, 0.036,0.243, 0.316, 0.178,-0.268, 0.014, 0.088,0.279, 0.359, 0.409,-0.115, -0.004, -0.003,0.115, 0.005, 0.002,-0.097, -0.408, -0.084,0.107, -0.389, -0.087,-0.149, -0.726, -0.267,0.082, -0.716, -0.273
193240,9.666, -3.874,15,41,63,42,24,64,6,1,20,15,-0.193, 0.479, 0.084,0.140, 0.489, 0.094,-0.218, 0.243, 0.028,0.225, 0.300, 0.177,-0.270, 0.017, 0.069,0.272, 0.303, 0.409,-0.115, -0.004, -0.004,0.115, 0.005, 0.004,-0.097, -0.408, -0.088,0.104, -0.389, -0.079,-0.148, -0.729, -0.268,0.082, -0.717, -0.249
193240,9.506, -4.127,15,40,63,43,23,64,6,1,19,15,-0.194, 0.480, 0.080,0.140, 0.489, 0.094,-0.220, 0.243, 0.024,0.219, 0.297, 0.176,-0.271, 0.018, 0.061,0.269, 0.297, 0.409,-0.115, -0.004, -0.005,0.115, 0.005, 0.004,-0.097, -0.408, -0.090,0.102, -0.389, -0.074,-0.146, -0.730, -0.269,0.082, -0.718, -0.240
193240,9.408, -4.806,15,39,60,42,23,62,6,1,20,16,-0.192, 0.481, 0.076,0.142, 0.489, 0.092,-0.220, 0.244, 0.022,0.222, 0.293, 0.171,-0.270, 0.021, 0.063,0.267, 0.280, 0.407,-0.116, -0.004, -0.005,0.115, 0.005, 0.004,-0.097, -0.408, -0.089,0.103, -0.389, -0.075,-0.146, -0.730, -0.269,0.085, -0.719, -0.247
193240,9.353, -4.911,15,39,59,41,24,62,6,2,20,16,-0.192, 0.482, 0.074,0.144, 0.489, 0.091,-0.220, 0.245, 0.021,0.222, 0.292, 0.168,-0.269, 0.023, 0.065,0.266, 0.277, 0.405,-0.116, -0.004, -0.005,0.115, 0.005, 0.004,-0.097, -0.408, -0.089,0.103, -0.389, -0.076,-0.145, -0.730, -0.270,0.087, -0.719, -0.250
193240,9.316, -5.193,16,41,57,35,26,63,6,2,20,16,-0.190, 0.482, 0.074,0.148, 0.489, 0.092,-0.220, 0.247, 0.021,0.244, 0.291, 0.168,-0.270, 0.025, 0.074,0.266, 0.270, 0.403,-0.116, -0.004, -0.005,0.116, 0.005, 0.005,-0.097, -0.408, -0.089,0.105, -0.389, -0.076,-0.144, -0.730, -0.271,0.091, -0.719, -0.252
193240,9.271, -5.255,16,42,56,33,27,65,6,3,20,16,-0.189, 0.482, 0.076,0.150, 0.489, 0.094,-0.220, 0.247, 0.023,0.253, 0.290, 0.169,-0.270, 0.025, 0.081,0.265, 0.269, 0.403,-0.116, -0.004, -0.006,0.116, 0.005, 0.005,-0.097, -0.408, -0.088,0.107, -0.388, -0.076,-0.143, -0.730, -0.272,0.093, -0.719, -0.254
193240,9.257, -5.292,16,42,55,31,28,66,5,3,20,16,-0.188, 0.482, 0.078,0.152, 0.488, 0.097,-0.220, 0.248, 0.026,0.259, 0.289, 0.170,-0.270, 0.026, 0.088,0.265, 0.268, 0.403,-0.116, -0.004, -0.006,0.116, 0.005, 0.005,-0.097, -0.408, -0.088,0.108, -0.388, -0.077,-0.142, -0.729, -0.274,0.094, -0.719, -0.254
193240,9.191, -5.429,16,42,55,31,28,65,5,3,21,16,-0.187, 0.484, 0.078,0.153, 0.489, 0.096,-0.220, 0.248, 0.025,0.259, 0.290, 0.169,-0.270, 0.027, 0.087,0.263, 0.264, 0.403,-0.116, -0.004, -0.005,0.116, 0.005, 0.004,-0.096, -0.408, -0.087,0.108, -0.388, -0.080,-0.141, -0.729, -0.274,0.094, -0.719, -0.260
193240,9.147, -5.444,16,42,54,32,27,65,5,3,21,16,-0.186, 0.485, 0.078,0.154, 0.489, 0.095,-0.220, 0.249, 0.025,0.258, 0.290, 0.169,-0.270, 0.028, 0.086,0.263, 0.264, 0.403,-0.116, -0.004, -0.005,0.116, 0.005, 0.004,-0.095, -0.408, -0.087,0.108, -0.388, -0.081,-0.140, -0.728, -0.275,0.094, -0.718, -0.262
193240,9.189, -5.443,16,42,53,31,28,67,4,4,22,16,-0.184, 0.484, 0.082,0.157, 0.488, 0.098,-0.219, 0.249, 0.030,0.262, 0.285, 0.169,-0.270, 0.028, 0.096,0.263, 0.264, 0.401,-0.116, -0.004, -0.005,0.116, 0.005, 0.004,-0.095, -0.408, -0.082,0.112, -0.388, -0.081,-0.140, -0.728, -0.275,0.094, -0.719, -0.262
193240,9.226, -5.439,16,42,52,31,28,68,4,4,22,16,-0.183, 0.484, 0.084,0.158, 0.488, 0.099,-0.218, 0.249, 0.032,0.263, 0.283, 0.169,-0.270, 0.027, 0.099,0.264, 0.264, 0.400,-0.116, -0.004, -0.005,0.116, 0.005, 0.004,-0.095, -0.409, -0.081,0.114, -0.388, -0.081,-0.140, -0.729, -0.275,0.095, -0.719, -0.263
193240,9.204, -5.380,16,43,52,32,28,68,4,4,22,16,-0.183, 0.484, 0.084,0.158, 0.488, 0.099,-0.218, 0.249, 0.032,0.263, 0.284, 0.173,-0.270, 0.027, 0.098,0.264, 0.266, 0.406,-0.116, -0.004, -0.005,0.116, 0.005, 0.004,-0.095, -0.409, -0.081,0.113, -0.388, -0.083,-0.140, -0.728, -0.275,0.094, -0.719, -0.267
193240,9.187, -5.338,16,43,52,32,28,67,4,4,22,16,-0.183, 0.484, 0.084,0.158, 0.487, 0.100,-0.219, 0.249, 0.033,0.263, 0.285, 0.175,-0.270, 0.027, 0.098,0.263, 0.267, 0.408,-0.116, -0.004, -0.005,0.116, 0.005, 0.004,-0.095, -0.408, -0.081,0.113, -0.388, -0.084,-0.140, -0.728, -0.275,0.093, -0.718, -0.269
193240,9.171, -5.310,16,43,52,33,28,67,4,4,22,16,-0.183, 0.484, 0.084,0.158, 0.487, 0.100,-0.219, 0.249, 0.033,0.263, 0.285, 0.176,-0.270, 0.027, 0.097,0.263, 0.267, 0.410,-0.116, -0.004, -0.005,0.116, 0.005, 0.004,-0.096, -0.408, -0.081,0.112, -0.388, -0.085,-0.140, -0.728, -0.275,0.093, -0.718, -0.271
193240,9.106, -4.311,15,43,55,37,26,67,5,3,22,16,-0.186, 0.484, 0.084,0.150, 0.488, 0.097,-0.219, 0.249, 0.033,0.247, 0.294, 0.177,-0.270, 0.027, 0.089,0.262, 0.292, 0.416,-0.116, -0.004, -0.005,0.116, 0.005, 0.004,-0.096, -0.408, -0.081,0.111, -0.388, -0.088,-0.145, -0.727, -0.273,0.090, -0.719, -0.277
193240,9.072, -4.016,15,43,56,38,25,67,5,3,22,16,-0.188, 0.485, 0.084,0.147, 0.488, 0.095,-0.219, 0.249, 0.032,0.242, 0.298, 0.177,-0.269, 0.026, 0.084,0.261, 0.300, 0.417,-0.116, -0.004, -0.005,0.116, 0.005, 0.004,-0.096, -0.408, -0.082,0.110, -0.389, -0.088,-0.147, -0.727, -0.273,0.089, -0.720, -0.277
193241,9.073, -2.611,15,44,58,39,25,73,5,3,23,17,-0.188, 0.483, 0.091,0.147, 0.488, 0.096,-0.219, 0.248, 0.039,0.244, 0.302, 0.178,-0.269, 0.023, 0.092,0.261, 0.335, 0.417,-0.116, -0.004, -0.004,0.116, 0.005, 0.004,-0.095, -0.408, -0.081,0.110, -0.389, -0.091,-0.147, -0.725, -0.273,0.087, -0.719, -0.288
193241,9.074, -2.292,15,44,58,39,25,74,5,3,23,17,-0.188, 0.482, 0.094,0.147, 0.488, 0.096,-0.219, 0.248, 0.042,0.244, 0.304, 0.179,-0.269, 0.020, 0.096,0.261, 0.343, 0.417,-0.116, -0.004, -0.004,0.116, 0.005, 0.003,-0.095, -0.408, -0.080,0.110, -0.389, -0.092,-0.147, -0.724, -0.273,0.086, -0.718, -0.289
193241,9.396, -1.210,15,49,58,35,25,78,5,3,24,17,-0.187, 0.481, 0.096,0.147, 0.488, 0.098,-0.219, 0.248, 0.042,0.262, 0.315, 0.181,-0.270, 0.020, 0.095,0.267, 0.370, 0.414,-0.116, -0.004, -0.004,0.116, 0.005, 0.003,-0.095, -0.408, -0.082,0.109, -0.389, -0.092,-0.146, -0.722, -0.286,0.082, -0.717, -0.290
193241,9.561, -0.972,15,51,58,33,25,79,5,3,25,18,-0.186, 0.481, 0.097,0.147, 0.488, 0.099,-0.218, 0.248, 0.043,0.269, 0.320, 0.182,-0.270, 0.019, 0.095,0.270, 0.376, 0.412,-0.116, -0.004, -0.004,0.116, 0.005, 0.003,-0.095, -0.408, -0.082,0.109, -0.389, -0.092,-0.146, -0.721, -0.291,0.081, -0.717, -0.291
193241,9.651, -0.927,15,51,58,32,25,79,5,3,25,18,-0.185, 0.480, 0.098,0.147, 0.488, 0.100,-0.218, 0.248, 0.043,0.273, 0.322, 0.183,-0.270, 0.019, 0.095,0.272, 0.377, 0.411,-0.116, -0.004, -0.004,0.116, 0.005, 0.003,-0.094, -0.408, -0.083,0.108, -0.389, -0.091,-0.145, -0.720, -0.294,0.079, -0.716, -0.291
193241,10.024, 1.049,16,57,55,31,23,85,4,4,25,17,-0.182, 0.480, 0.105,0.150, 0.488, 0.102,-0.218, 0.248, 0.054,0.290, 0.340, 0.186,-0.270, 0.018, 0.098,0.278, 0.426, 0.407,-0.116, -0.004, -0.004,0.116, 0.005, 0.003,-0.094, -0.409, -0.082,0.110, -0.390, -0.098,-0.144, -0.721, -0.292,0.083, -0.716, -0.299
193241,10.172, 1.256,16,59,54,32,22,85,4,5,24,16,-0.181, 0.479, 0.110,0.152, 0.488, 0.104,-0.217, 0.248, 0.060,0.295, 0.345, 0.190,-0.270, 0.018, 0.101,0.281, 0.431, 0.407,-0.116, -0.004, -0.003,0.116, 0.005, 0.002,-0.094, -0.409, -0.082,0.111, -0.390, -0.107,-0.143, -0.721, -0.291,0.084, -0.715, -0.312
193241,10.147, 2.239,16,62,54,32,22,85,4,4,24,16,-0.180, 0.478, 0.110,0.153, 0.488, 0.104,-0.217, 0.247, 0.059,0.298, 0.359, 0.191,-0.270, 0.017, 0.099,0.280, 0.456, 0.405,-0.116, -0.004, -0.003,0.116, 0.005, 0.002,-0.094, -0.409, -0.082,0.110, -0.390, -0.108,-0.141, -0.721, -0.286,0.084, -0.715, -0.311
193241,10.124, 2.413,16,64,54,32,22,85,4,4,24,16,-0.179, 0.477, 0.111,0.153, 0.489, 0.104,-0.217, 0.246, 0.059,0.298, 0.364, 0.193,-0.270, 0.016, 0.098,0.280, 0.460, 0.405,-0.116, -0.004, -0.003,0.116, 0.005, 0.002,-0.094, -0.409, -0.081,0.109, -0.390, -0.108,-0.140, -0.721, -0.284,0.083, -0.715, -0.310
193241,10.103, 4.225,16,72,53,31,21,83,4,4,23,16,-0.179, 0.473, 0.110,0.152, 0.489, 0.104,-0.218, 0.244, 0.059,0.302, 0.397, 0.194,-0.273, 0.016, 0.094,0.280, 0.506, 0.399,-0.116, -0.004, -0.003,0.116, 0.005, 0.002,-0.094, -0.409, -0.084,0.108, -0.391, -0.107,-0.138, -0.723, -0.288,0.083, -0.716, -0.309
193241,10.084, 4.507,16,73,53,31,20,83,4,4,23,16,-0.179, 0.472, 0.110,0.152, 0.489, 0.104,-0.219, 0.243, 0.059,0.304, 0.403, 0.194,-0.274, 0.016, 0.091,0.279, 0.513, 0.395,-0.116, -0.004, -0.003,0.116, 0.005, 0.002,-0.094, -0.409, -0.085,0.107, -0.392, -0.107,-0.138, -0.724, -0.290,0.083, -0.716, -0.309
193241,9.753, 6.548,17,85,53,32,20,80,4,4,23,16,-0.180, 0.472, 0.110,0.151, 0.493, 0.101,-0.220, 0.243, 0.059,0.308, 0.446, 0.194,-0.276, 0.016, 0.092,0.273, 0.564, 0.386,-0.116, -0.004, -0.002,0.116, 0.005, 0.001,-0.094, -0.409, -0.084,0.107, -0.392, -0.108,-0.138, -0.723, -0.288,0.083, -0.716, -0.310
193241,9.573, 6.778,17,86,53,32,20,81,5,5,23,16,-0.181, 0.471, 0.110,0.151, 0.495, 0.099,-0.221, 0.243, 0.059,0.310, 0.452, 0.194,-0.277, 0.016, 0.092,0.270, 0.569, 0.382,-0.116, -0.004, -0.002,0.116, 0.005, 0.001,-0.094, -0.408, -0.083,0.107, -0.392, -0.108,-0.139, -0.723, -0.287,0.083, -0.716, -0.311
193241,9.470, 6.831,17,86,53,32,20,81,5,5,23,16,-0.181, 0.471, 0.109,0.150, 0.496, 0.097,-0.221, 0.243, 0.059,0.311, 0.454, 0.194,-0.277, 0.016, 0.092,0.268, 0.571, 0.380,-0.116, -0.004, -0.002,0.116, 0.005, 0.001,-0.095, -0.408, -0.082,0.107, -0.392, -0.109,-0.139, -0.722, -0.286,0.082, -0.716, -0.312
193241,9.415, 7.865,16,90,53,33,20,80,5,5,23,16,-0.181, 0.471, 0.112,0.150, 0.497, 0.098,-0.218, 0.242, 0.067,0.310, 0.466, 0.195,-0.277, 0.015, 0.103,0.267, 0.597, 0.380,-0.116, -0.004, -0.002,0.116, 0.005, 0.001,-0.094, -0.408, -0.083,0.107, -0.393, -0.110,-0.139, -0.722, -0.287,0.082, -0.716, -0.312
193241,9.386, 7.997,16,90,53,34,20,80,4,5,23,16,-0.181, 0.471, 0.113,0.150, 0.497, 0.098,-0.216, 0.242, 0.070,0.310, 0.469, 0.196,-0.276, 0.014, 0.107,0.267, 0.600, 0.379,-0.116, -0.004, -0.001,0.116, 0.004, 0.000,-0.094, -0.408, -0.084,0.108, -0.393, -0.111,-0.139, -0.722, -0.287,0.082, -0.716, -0.313
193241,9.244, 8.649,16,93,53,34,20,79,5,5,23,16,-0.182, 0.472, 0.112,0.150, 0.497, 0.097,-0.216, 0.241, 0.069,0.309, 0.480, 0.195,-0.276, 0.013, 0.108,0.264, 0.616, 0.378,-0.116, -0.004, -0.001,0.116, 0.004, 0.000,-0.094, -0.408, -0.084,0.108, -0.393, -0.109,-0.140, -0.723, -0.285,0.084, -0.716, -0.309
193241,9.166, 8.894,16,95,53,34,20,78,5,5,22,16,-0.182, 0.472, 0.111,0.149, 0.498, 0.097,-0.216, 0.241, 0.069,0.309, 0.484, 0.195,-0.275, 0.013, 0.109,0.263, 0.622, 0.376,-0.116, -0.003, -0.001,0.116, 0.004, 0.000,-0.094, -0.408, -0.084,0.108, -0.393, -0.109,-0.140, -0.723, -0.284,0.085, -0.716, -0.307
193241,9.024, 9.194,16,95,52,34,20,78,5,5,23,16,-0.182, 0.472, 0.108,0.148, 0.500, 0.090,-0.216, 0.240, 0.069,0.308, 0.490, 0.190,-0.275, 0.012, 0.109,0.260, 0.630, 0.367,-0.116, -0.003, -0.001,0.116, 0.004, 0.000,-0.094, -0.408, -0.083,0.107, -0.393, -0.110,-0.140, -0.722, -0.284,0.084, -0.715, -0.309
193241,8.958, 9.267,16,95,52,35,20,78,5,5,23,16,-0.183, 0.472, 0.107,0.148, 0.501, 0.088,-0.215, 0.239, 0.068,0.307, 0.491, 0.187,-0.275, 0.011, 0.110,0.259, 0.632, 0.364,-0.116, -0.003, 0.000,0.116, 0.004, -0.001,-0.094, -0.407, -0.083,0.107, -0.393, -0.110,-0.140, -0.721, -0.285,0.083, -0.714, -0.310
193241,8.917, 9.259,16,94,52,35,20,78,5,5,23,16,-0.183, 0.472, 0.106,0.147, 0.501, 0.086,-0.216, 0.238, 0.068,0.306, 0.490, 0.185,-0.275, 0.011, 0.112,0.259, 0.631, 0.362,-0.116, -0.003, 0.000,0.116, 0.004, -0.001,-0.094, -0.407, -0.083,0.107, -0.393, -0.110,-0.140, -0.720, -0.286,0.082, -0.714, -0.310
193241,8.747, 9.354,15,95,54,35,20,77,5,5,23,16,-0.185, 0.472, 0.102,0.146, 0.501, 0.086,-0.216, 0.237, 0.064,0.303, 0.494, 0.186,-0.274, 0.010, 0.105,0.256, 0.634, 0.363,-0.116, -0.003, 0.000,0.116, 0.004, -0.001,-0.095, -0.407, -0.084,0.107, -0.392, -0.110,-0.140, -0.721, -0.286,0.083, -0.713, -0.311
193241,8.676, 9.373,15,96,54,35,20,77,5,6,23,16,-0.185, 0.472, 0.100,0.145, 0.502, 0.085,-0.216, 0.237, 0.061,0.302, 0.495, 0.186,-0.274, 0.010, 0.101,0.254, 0.634, 0.363,-0.116, -0.003, 0.000,0.116, 0.004, -0.001,-0.095, -0.407, -0.084,0.107, -0.392, -0.110,-0.140, -0.720, -0.287,0.083, -0.713, -0.312
193242,8.564, 9.464,15,96,54,35,20,76,5,5,22,16,-0.186, 0.471, 0.099,0.145, 0.502, 0.085,-0.216, 0.236, 0.061,0.300, 0.497, 0.187,-0.274, 0.010, 0.101,0.252, 0.637, 0.367,-0.116, -0.003, 0.000,0.116, 0.004, -0.001,-0.095, -0.404, -0.085,0.104, -0.391, -0.105,-0.140, -0.719, -0.287,0.081, -0.713, -0.301
193242,8.492, 9.484,15,96,53,36,20,75,5,4,22,16,-0.186, 0.471, 0.098,0.144, 0.502, 0.085,-0.216, 0.236, 0.061,0.299, 0.497, 0.189,-0.274, 0.009, 0.102,0.251, 0.637, 0.370,-0.116, -0.003, 0.000,0.116, 0.004, -0.001,-0.096, -0.402, -0.087,0.103, -0.391, -0.103,-0.140, -0.718, -0.288,0.081, -0.713, -0.297
193242,8.486, 9.309,15,96,54,36,20,75,5,5,22,17,-0.186, 0.471, 0.100,0.143, 0.502, 0.087,-0.216, 0.236, 0.061,0.298, 0.495, 0.192,-0.274, 0.010, 0.102,0.251, 0.633, 0.373,-0.116, -0.003, 0.000,0.116, 0.004, -0.001,-0.095, -0.402, -0.086,0.103, -0.390, -0.108,-0.137, -0.717, -0.289,0.081, -0.710, -0.313
193242,8.484, 9.219,15,95,55,36,20,75,5,5,22,17,-0.187, 0.471, 0.101,0.143, 0.502, 0.088,-0.216, 0.236, 0.062,0.298, 0.494, 0.193,-0.275, 0.010, 0.102,0.251, 0.630, 0.374,-0.116, -0.003, 0.000,0.116, 0.004, -0.001,-0.094, -0.402, -0.086,0.104, -0.390, -0.111,-0.135, -0.716, -0.289,0.081, -0.708, -0.318
193242,8.528, 7.935,15,89,56,35,20,78,5,5,22,16,-0.187, 0.471, 0.102,0.143, 0.502, 0.092,-0.216, 0.236, 0.062,0.298, 0.474, 0.196,-0.275, 0.010, 0.102,0.252, 0.598, 0.383,-0.116, -0.003, 0.000,0.116, 0.004, -0.001,-0.094, -0.401, -0.089,0.104, -0.390, -0.115,-0.139, -0.715, -0.291,0.082, -0.708, -0.320
193242,8.570, 7.581,15,88,56,35,20,78,5,6,22,16,-0.188, 0.471, 0.103,0.143, 0.502, 0.092,-0.216, 0.236, 0.062,0.298, 0.467, 0.196,-0.275, 0.010, 0.102,0.252, 0.590, 0.386,-0.116, -0.003, 0.000,0.116, 0.004, -0.001,-0.094, -0.401, -0.090,0.104, -0.390, -0.117,-0.140, -0.715, -0.291,0.082, -0.709, -0.321
193242,8.601, 7.450,15,87,57,35,20,79,5,6,22,16,-0.188, 0.471, 0.103,0.142, 0.502, 0.093,-0.216, 0.236, 0.062,0.298, 0.465, 0.197,-0.275, 0.010, 0.102,0.253, 0.586, 0.387,-0.116, -0.003, 0.000,0.116, 0.004, -0.001,-0.094, -0.401, -0.091,0.104, -0.389, -0.118,-0.141, -0.715, -0.292,0.082, -0.709, -0.322
193242,8.831, 5.332,15,75,57,34,20,85,5,5,22,16,-0.188, 0.470, 0.105,0.142, 0.497, 0.095,-0.216, 0.236, 0.062,0.296, 0.417, 0.196,-0.274, 0.010, 0.100,0.257, 0.533, 0.387,-0.116, -0.003, 0.000,0.115, 0.004, 0.000,-0.095, -0.401, -0.091,0.104, -0.390, -0.117,-0.142, -0.715, -0.293,0.082, -0.709, -0.322
193242,8.954, 4.966,15,73,58,34,20,86,5,5,22,16,-0.188, 0.469, 0.106,0.142, 0.495, 0.097,-0.216, 0.235, 0.062,0.295, 0.407, 0.195,-0.273, 0.010, 0.098,0.259, 0.524, 0.387,-0.115, -0.003, -0.001,0.115, 0.004, 0.000,-0.096, -0.401, -0.092,0.103, -0.390, -0.117,-0.142, -0.715, -0.293,0.082, -0.709, -0.322
193242,9.528, 3.135,14,66,60,32,21,86,5,4,22,16,-0.187, 0.469, 0.108,0.143, 0.493, 0.102,-0.213, 0.235, 0.063,0.294, 0.376, 0.196,-0.269, 0.011, 0.103,0.269, 0.478, 0.394,-0.115, -0.003, -0.001,0.115, 0.004, 0.000,-0.096, -0.401, -0.091,0.104, -0.389, -0.113,-0.141, -0.715, -0.294,0.084, -0.709, -0.319
193242,9.802, 2.908,14,64,61,32,22,86,5,4,22,17,-0.185, 0.469, 0.108,0.143, 0.492, 0.104,-0.210, 0.236, 0.063,0.294, 0.371, 0.196,-0.266, 0.011, 0.104,0.274, 0.473, 0.396,-0.115, -0.003, -0.001,0.115, 0.004, 0.000,-0.096, -0.402, -0.091,0.105, -0.389, -0.110,-0.140, -0.715, -0.294,0.085, -0.708, -0.317
193242,9.772, 0.185,14,54,62,35,23,80,5,4,22,17,-0.185, 0.471, 0.107,0.143, 0.491, 0.105,-0.211, 0.238, 0.059,0.270, 0.333, 0.195,-0.266, 0.012, 0.103,0.274, 0.405, 0.406,-0.115, -0.004, -0.002,0.115, 0.004, 0.001,-0.095, -0.402, -0.092,0.105, -0.388, -0.112,-0.141, -0.714, -0.294,0.085, -0.708, -0.323
193242,9.743, -0.394,14,51,63,36,24,79,5,4,22,17,-0.185, 0.473, 0.107,0.143, 0.491, 0.106,-0.211, 0.240, 0.057,0.262, 0.323, 0.194,-0.266, 0.012, 0.102,0.273, 0.390, 0.411,-0.115, -0.004, -0.002,0.115, 0.004, 0.001,-0.095, -0.402, -0.092,0.105, -0.387, -0.114,-0.142, -0.714, -0.294,0.083, -0.707, -0.329
193242,9.744, -0.533,14,50,63,37,24,79,5,4,22,17,-0.185, 0.474, 0.107,0.144, 0.491, 0.107,-0.211, 0.241, 0.056,0.260, 0.319, 0.194,-0.266, 0.013, 0.102,0.273, 0.387, 0.413,-0.115, -0.004, -0.002,0.115, 0.004, 0.001,-0.095, -0.402, -0.092,0.106, -0.386, -0.116,-0.143, -0.714, -0.294,0.082, -0.706, -0.333
193242,9.798, -1.940,14,47,66,38,25,74,5,3,21,16,-0.187, 0.476, 0.102,0.143, 0.489, 0.107,-0.211, 0.243, 0.045,0.247, 0.308, 0.193,-0.265, 0.014, 0.088,0.274, 0.352, 0.419,-0.115, -0.004, -0.002,0.115, 0.004, 0.001,-0.095, -0.403, -0.090,0.106, -0.386, -0.105,-0.144, -0.717, -0.283,0.082, -0.708, -0.302
193242,9.826, -2.191,14,46,66,38,25,73,5,3,21,16,-0.188, 0.477, 0.100,0.143, 0.489, 0.106,-0.211, 0.243, 0.042,0.245, 0.306, 0.192,-0.265, 0.015, 0.086,0.275, 0.345, 0.423,-0.115, -0.004, -0.002,0.115, 0.004, 0.001,-0.095, -0.403, -0.089,0.106, -0.386, -0.104,-0.146, -0.718, -0.279,0.082, -0.708, -0.302
193242,10.226, -4.291,14,41,65,36,28,68,5,2,22,16,-0.188, 0.477, 0.099,0.144, 0.487, 0.105,-0.213, 0.243, 0.042,0.240, 0.288, 0.178,-0.265, 0.017, 0.098,0.282, 0.293, 0.415,-0.115, -0.004, -0.002,0.115, 0.005, 0.001,-0.096, -0.403, -0.080,0.106, -0.386, -0.094,-0.147, -0.720, -0.267,0.083, -0.712, -0.285
193242,10.419, -4.594,14,40,63,34,29,69,5,2,22,16,-0.188, 0.477, 0.099,0.145, 0.486, 0.104,-0.214, 0.242, 0.045,0.240, 0.281, 0.172,-0.265, 0.018, 0.109,0.285, 0.285, 0.410,-0.116, -0.004, -0.002,0.115, 0.005, 0.001,-0.097, -0.404, -0.075,0.106, -0.386, -0.090,-0.147, -0.721, -0.264,0.083, -0.714, -0.278
193242,10.868, -5.294,14,40,57,31,30,67,5,3,23,16,-0.188, 0.478, 0.101,0.153, 0.484, 0.110,-0.216, 0.242, 0.054,0.251, 0.279, 0.173,-0.266, 0.020, 0.131,0.293, 0.268, 0.410,-0.116, -0.004, -0.003,0.116, 0.005, 0.002,-0.097, -0.403, -0.079,0.107, -0.386, -0.091,-0.146, -0.721, -0.277,0.085, -0.713, -0.280
193242,10.972, -5.322,15,41,54,30,29,68,5,3,23,16,-0.187, 0.479, 0.102,0.156, 0.484, 0.112,-0.217, 0.243, 0.057,0.254, 0.278, 0.173,-0.266, 0.022, 0.133,0.295, 0.267, 0.411,-0.116, -0.004, -0.003,0.116, 0.004, 0.002,-0.097, -0.403, -0.083,0.107, -0.385, -0.092,-0.146, -0.721, -0.285,0.085, -0.713, -0.282
193242,10.920, -5.740,15,40,53,28,29,67,4,3,22,16,-0.185, 0.480, 0.102,0.158, 0.483, 0.119,-0.216, 0.243, 0.057,0.254, 0.277, 0.176,-0.266, 0.023, 0.130,0.294, 0.257, 0.413,-0.116, -0.004, -0.003,0.116, 0.004, 0.002,-0.094, -0.404, -0.090,0.108, -0.385, -0.092,-0.142, -0.721, -0.290,0.089, -0.712, -0.283
193242,10.894, -5.830,15,40,53,28,29,66,4,3,22,16,-0.185, 0.480, 0.102,0.158, 0.483, 0.121,-0.216, 0.243, 0.055,0.252, 0.277, 0.178,-0.266, 0.024, 0.129,0.294, 0.254, 0.414,-0.116, -0.004, -0.004,0.116, 0.004, 0.003,-0.093, -0.404, -0.093,0.109, -0.385, -0.093,-0.141, -0.722, -0.292,0.090, -0.712, -0.284
193242,10.877, -5.835,15,40,53,28,30,66,4,4,21,16,-0.184, 0.480, 0.102,0.159, 0.483, 0.122,-0.216, 0.243, 0.054,0.251, 0.277, 0.179,-0.267, 0.024, 0.129,0.293, 0.254, 0.414,-0.116, -0.004, -0.004,0.116, 0.004, 0.003,-0.092, -0.405, -0.095,0.109, -0.385, -0.093,-0.140, -0.722, -0.292,0.090, -0.712, -0.285
193243,10.906, -6.057,15,40,53,28,30,66,4,4,21,16,-0.182, 0.480, 0.104,0.162, 0.481, 0.125,-0.214, 0.242, 0.054,0.252, 0.274, 0.182,-0.266, 0.024, 0.127,0.294, 0.249, 0.417,-0.116, -0.004, -0.004,0.116, 0.004, 0.003,-0.092, -0.405, -0.094,0.110, -0.385, -0.094,-0.140, -0.723, -0.288,0.091, -0.712, -0.286
193243,10.933, -6.131,15,40,54,28,30,66,4,4,21,16,-0.180, 0.479, 0.106,0.163, 0.480, 0.127,-0.213, 0.241, 0.055,0.253, 0.272, 0.183,-0.265, 0.024, 0.126,0.294, 0.247, 0.417,-0.116, -0.004, -0.004,0.116, 0.004, 0.004,-0.092, -0.405, -0.094,0.110, -0.385, -0.094,-0.140, -0.723, -0.285,0.092, -0.712, -0.286
193243,10.941, -6.139,14,39,53,28,29,67,4,4,21,16,-0.180, 0.480, 0.106,0.163, 0.480, 0.126,-0.213, 0.242, 0.056,0.251, 0.269, 0.181,-0.265, 0.024, 0.126,0.295, 0.247, 0.410,-0.116, -0.004, -0.004,0.116, 0.004, 0.004,-0.093, -0.405, -0.094,0.110, -0.385, -0.094,-0.140, -0.725, -0.285,0.092, -0.713, -0.283
193243,10.952, -6.146,14,39,53,28,29,67,4,4,21,15,-0.180, 0.481, 0.107,0.163, 0.479, 0.126,-0.213, 0.242, 0.057,0.250, 0.268, 0.179,-0.264, 0.024, 0.126,0.295, 0.246, 0.407,-0.116, -0.004, -0.004,0.116, 0.004, 0.003,-0.093, -0.406, -0.094,0.111, -0.385, -0.094,-0.140, -0.725, -0.286,0.093, -0.713, -0.282
193243,10.948, -6.106,15,39,53,29,29,67,4,4,21,15,-0.181, 0.481, 0.106,0.162, 0.479, 0.124,-0.214, 0.242, 0.057,0.250, 0.269, 0.179,-0.265, 0.025, 0.126,0.295, 0.247, 0.407,-0.116, -0.004, -0.004,0.116, 0.004, 0.003,-0.093, -0.406, -0.094,0.111, -0.385, -0.094,-0.140, -0.726, -0.286,0.093, -0.714, -0.282
193243,10.943, -6.083,15,39,53,29,29,67,4,4,20,15,-0.181, 0.482, 0.106,0.162, 0.479, 0.122,-0.214, 0.242, 0.057,0.250, 0.269, 0.178,-0.266, 0.025, 0.126,0.295, 0.248, 0.406,-0.116, -0.004, -0.004,0.116, 0.004, 0.003,-0.093, -0.406, -0.094,0.111, -0.385, -0.094,-0.140, -0.726, -0.286,0.093, -0.715, -0.283
193243,10.734, -6.053,15,40,52,31,29,66,4,4,21,16,-0.182, 0.482, 0.105,0.162, 0.480, 0.122,-0.215, 0.242, 0.057,0.250, 0.272, 0.180,-0.267, 0.025, 0.126,0.291, 0.249, 0.414,-0.116, -0.004, -0.004,0.116, 0.004, 0.004,-0.093, -0.406, -0.095,0.110, -0.385, -0.095,-0.140, -0.725, -0.290,0.093, -0.714, -0.286
193243,10.614, -6.029,15,40,52,31,29,66,4,4,21,16,-0.182, 0.482, 0.105,0.162, 0.480, 0.122,-0.216, 0.242, 0.056,0.250, 0.274, 0.182,-0.268, 0.025, 0.126,0.289, 0.249, 0.418,-0.116, -0.004, -0.005,0.116, 0.004, 0.004,-0.093, -0.405, -0.095,0.110, -0.385, -0.095,-0.140, -0.725, -0.291,0.093, -0.714, -0.287
193243,10.547, -6.015,15,40,52,31,29,65,4,4,21,16,-0.183, 0.482, 0.105,0.161, 0.480, 0.121,-0.217, 0.242, 0.056,0.250, 0.275, 0.183,-0.268, 0.025, 0.126,0.288, 0.250, 0.420,-0.116, -0.004, -0.005,0.116, 0.004, 0.004,-0.093, -0.405, -0.095,0.110, -0.385, -0.095,-0.140, -0.724, -0.292,0.093, -0.714, -0.289
193243,10.668, -5.420,15,40,53,33,28,67,4,4,22,16,-0.183, 0.482, 0.104,0.160, 0.481, 0.114,-0.216, 0.243, 0.056,0.250, 0.277, 0.178,-0.268, 0.025, 0.123,0.290, 0.264, 0.411,-0.116, -0.004, -0.004,0.116, 0.004, 0.003,-0.094, -0.406, -0.083,0.110, -0.386, -0.092,-0.141, -0.726, -0.280,0.092, -0.715, -0.282
193243,10.745, -5.172,15,40,54,34,28,67,5,4,23,16,-0.183, 0.482, 0.103,0.159, 0.482, 0.110,-0.216, 0.243, 0.055,0.250, 0.279, 0.175,-0.267, 0.025, 0.121,0.291, 0.271, 0.406,-0.116, -0.004, -0.004,0.116, 0.004, 0.003,-0.095, -0.406, -0.078,0.110, -0.386, -0.091,-0.142, -0.726, -0.275,0.092, -0.716, -0.279
193243,10.656, -2.256,15,45,56,37,25,74,5,3,23,16,-0.185, 0.482, 0.098,0.152, 0.482, 0.100,-0.217, 0.243, 0.048,0.250, 0.302, 0.176,-0.269, 0.022, 0.100,0.289, 0.344, 0.409,-0.116, -0.004, -0.004,0.116, 0.004, 0.003,-0.095, -0.407, -0.079,0.109, -0.387, -0.091,-0.147, -0.726, -0.274,0.089, -0.717, -0.281
193243,10.615, -1.872,15,46,57,38,25,74,5,3,23,16,-0.186, 0.482, 0.098,0.150, 0.482, 0.098,-0.218, 0.243, 0.048,0.250, 0.307, 0.176,-0.269, 0.020, 0.100,0.289, 0.353, 0.411,-0.116, -0.004, -0.004,0.116, 0.004, 0.003,-0.095, -0.408, -0.079,0.109, -0.387, -0.092,-0.148, -0.726, -0.273,0.087, -0.717, -0.285
193243,10.616, -0.697,15,51,59,36,23,79,5,4,23,16,-0.182, 0.479, 0.114,0.152, 0.482, 0.108,-0.214, 0.243, 0.062,0.269, 0.313, 0.191,-0.268, 0.017, 0.104,0.289, 0.383, 0.417,-0.116, -0.004, -0.003,0.116, 0.004, 0.002,-0.094, -0.408, -0.080,0.111, -0.388, -0.105,-0.148, -0.726, -0.273,0.087, -0.717, -0.303
193243,10.616, -0.501,15,52,59,35,22,80,5,4,23,15,-0.180, 0.478, 0.119,0.152, 0.483, 0.111,-0.213, 0.243, 0.067,0.275, 0.316, 0.195,-0.268, 0.015, 0.108,0.289, 0.387, 0.419,-0.116, -0.004, -0.002,0.116, 0.004, 0.001,-0.094, -0.408, -0.081,0.112, -0.388, -0.111,-0.148, -0.726, -0.273,0.087, -0.717, -0.310
193243,10.602, 1.441,15,60,56,32,22,86,5,4,23,16,-0.177, 0.474, 0.123,0.154, 0.483, 0.111,-0.211, 0.241, 0.075,0.296, 0.340, 0.195,-0.266, 0.012, 0.119,0.288, 0.436, 0.409,-0.116, -0.004, -0.002,0.116, 0.004, 0.001,-0.092, -0.408, -0.081,0.112, -0.388, -0.110,-0.140, -0.724, -0.283,0.086, -0.715, -0.316
193243,10.592, 1.760,15,61,55,31,22,87,5,4,24,17,-0.176, 0.472, 0.123,0.154, 0.483, 0.111,-0.210, 0.240, 0.077,0.301, 0.347, 0.195,-0.265, 0.011, 0.122,0.288, 0.444, 0.406,-0.116, -0.004, -0.002,0.116, 0.004, 0.001,-0.092, -0.408, -0.081,0.113, -0.389, -0.110,-0.137, -0.723, -0.286,0.086, -0.714, -0.316
193243,10.401, 3.620,15,68,57,33,20,86,5,5,23,17,-0.176, 0.471, 0.122,0.154, 0.485, 0.107,-0.210, 0.239, 0.073,0.302, 0.377, 0.194,-0.265, 0.011, 0.107,0.285, 0.491, 0.395,-0.116, -0.004, -0.001,0.116, 0.004, 0.001,-0.092, -0.409, -0.079,0.112, -0.391, -0.109,-0.137, -0.725, -0.276,0.086, -0.716, -0.316
193243,10.242, 3.878,15,69,58,33,20,86,5,5,23,17,-0.176, 0.470, 0.120,0.154, 0.486, 0.103,-0.210, 0.237, 0.071,0.302, 0.383, 0.192,-0.265, 0.010, 0.102,0.282, 0.497, 0.389,-0.116, -0.004, -0.001,0.116, 0.005, 0.000,-0.093, -0.409, -0.077,0.112, -0.392, -0.109,-0.137, -0.726, -0.271,0.086, -0.717, -0.314
193243,10.185, 3.818,15,69,58,33,20,86,5,5,23,17,-0.176, 0.469, 0.119,0.154, 0.487, 0.101,-0.211, 0.237, 0.069,0.303, 0.384, 0.189,-0.265, 0.010, 0.101,0.281, 0.495, 0.386,-0.116, -0.004, -0.001,0.116, 0.005, 0.000,-0.093, -0.409, -0.077,0.111, -0.392, -0.109,-0.137, -0.726, -0.271,0.084, -0.717, -0.313
193243,9.742, 5.896,16,80,56,33,20,83,5,5,23,16,-0.177, 0.469, 0.119,0.154, 0.490, 0.100,-0.213, 0.237, 0.069,0.306, 0.426, 0.190,-0.268, 0.011, 0.101,0.273, 0.547, 0.384,-0.116, -0.004, -0.001,0.116, 0.005, 0.000,-0.093, -0.408, -0.077,0.111, -0.393, -0.111,-0.137, -0.725, -0.274,0.084, -0.717, -0.315
193243,9.499, 6.080,16,81,55,33,20,84,5,5,23,16,-0.177, 0.470, 0.119,0.154, 0.492, 0.099,-0.215, 0.238, 0.069,0.309, 0.433, 0.190,-0.269, 0.012, 0.101,0.269, 0.552, 0.383,-0.116, -0.004, -0.001,0.116, 0.004, 0.000,-0.093, -0.408, -0.078,0.110, -0.393, -0.113,-0.136, -0.725, -0.277,0.084, -0.717, -0.316
193244,9.423, 7.485,16,89,53,33,19,81,4,5,22,16,-0.178, 0.470, 0.114,0.153, 0.493, 0.098,-0.215, 0.238, 0.068,0.310, 0.460, 0.191,-0.270, 0.012, 0.101,0.268, 0.587, 0.376,-0.116, -0.004, -0.001,0.116, 0.004, 0.000,-0.093, -0.408, -0.084,0.110, -0.393, -0.112,-0.137, -0.725, -0.280,0.084, -0.717, -0.313
193244,9.378, 7.629,16,90,52,32,19,81,4,5,22,16,-0.178, 0.470, 0.112,0.152, 0.494, 0.098,-0.215, 0.238, 0.067,0.311, 0.464, 0.191,-0.270, 0.011, 0.102,0.267, 0.591, 0.375,-0.116, -0.004, -0.001,0.116, 0.004, 0.000,-0.093, -0.408, -0.085,0.110, -0.393, -0.112,-0.137, -0.725, -0.280,0.084, -0.717, -0.313
193244,9.308, 8.123,16,91,53,33,19,81,4,5,22,16,-0.180, 0.470, 0.111,0.151, 0.496, 0.095,-0.215, 0.238, 0.068,0.311, 0.469, 0.190,-0.271, 0.011, 0.103,0.265, 0.603, 0.370,-0.116, -0.004, 0.000,0.116, 0.004, -0.001,-0.093, -0.408, -0.084,0.109, -0.393, -0.112,-0.137, -0.724, -0.281,0.082, -0.717, -0.314
193244,9.248, 8.253,16,91,54,33,19,81,4,5,22,16,-0.181, 0.470, 0.111,0.149, 0.497, 0.093,-0.216, 0.238, 0.068,0.310, 0.471, 0.189,-0.271, 0.011, 0.104,0.264, 0.606, 0.368,-0.116, -0.004, 0.000,0.116, 0.004, -0.001,-0.093, -0.408, -0.084,0.109, -0.393, -0.112,-0.137, -0.723, -0.282,0.081, -0.716, -0.313
193244,9.166, 8.534,16,92,52,33,19,80,4,5,22,16,-0.182, 0.470, 0.108,0.149, 0.497, 0.093,-0.218, 0.238, 0.066,0.310, 0.476, 0.189,-0.274, 0.010, 0.104,0.263, 0.613, 0.369,-0.116, -0.004, 0.000,0.116, 0.004, -0.001,-0.092, -0.407, -0.084,0.106, -0.393, -0.112,-0.136, -0.722, -0.283,0.078, -0.715, -0.314
193244,9.130, 8.618,16,93,51,33,19,80,4,5,22,16,-0.183, 0.469, 0.107,0.149, 0.497, 0.093,-0.219, 0.237, 0.066,0.310, 0.479, 0.190,-0.275, 0.009, 0.104,0.262, 0.615, 0.370,-0.116, -0.004, 0.000,0.116, 0.004, -0.001,-0.092, -0.407, -0.084,0.105, -0.393, -0.112,-0.135, -0.721, -0.283,0.077, -0.715, -0.313
193244,9.102, 8.647,16,93,50,33,19,79,4,5,22,16,-0.183, 0.469, 0.106,0.149, 0.497, 0.093,-0.220, 0.237, 0.066,0.309, 0.480, 0.190,-0.276, 0.009, 0.105,0.262, 0.616, 0.371,-0.116, -0.003, 0.000,0.116, 0.004, -0.001,-0.091, -0.406, -0.084,0.104, -0.392, -0.111,-0.135, -0.721, -0.283,0.076, -0.714, -0.312
193244,8.951, 8.846,16,94,49,34,19,78,4,4,22,16,-0.183, 0.469, 0.104,0.149, 0.498, 0.093,-0.219, 0.237, 0.065,0.307, 0.484, 0.192,-0.276, 0.008, 0.105,0.259, 0.621, 0.372,-0.116, -0.003, 0.000,0.116, 0.004, -0.001,-0.092, -0.406, -0.083,0.105, -0.392, -0.105,-0.136, -0.722, -0.279,0.082, -0.715, -0.302
193244,8.857, 8.928,16,95,49,34,19,78,4,4,22,16,-0.183, 0.469, 0.103,0.149, 0.498, 0.092,-0.219, 0.237, 0.064,0.306, 0.487, 0.193,-0.276, 0.008, 0.104,0.257, 0.623, 0.373,-0.116, -0.003, 0.000,0.116, 0.004, -0.001,-0.092, -0.406, -0.082,0.105, -0.392, -0.103,-0.137, -0.722, -0.276,0.084, -0.715, -0.298
193244,8.846, 8.981,16,94,48,34,19,78,4,4,22,16,-0.183, 0.469, 0.104,0.148, 0.498, 0.093,-0.218, 0.236, 0.066,0.306, 0.485, 0.194,-0.276, 0.008, 0.108,0.257, 0.625, 0.374,-0.116, -0.003, 0.000,0.116, 0.004, -0.001,-0.092, -0.406, -0.083,0.105, -0.392, -0.103,-0.137, -0.722, -0.278,0.084, -0.714, -0.298
193244,8.834, 9.027,16,94,48,34,19,78,4,4,22,16,-0.183, 0.469, 0.105,0.148, 0.498, 0.093,-0.218, 0.236, 0.068,0.305, 0.485, 0.195,-0.276, 0.008, 0.110,0.257, 0.626, 0.374,-0.116, -0.003, 0.000,0.116, 0.004, -0.001,-0.092, -0.406, -0.084,0.105, -0.392, -0.103,-0.137, -0.722, -0.279,0.085, -0.714, -0.299
193244,8.682, 9.378,16,96,48,35,19,77,4,4,22,16,-0.184, 0.469, 0.105,0.147, 0.499, 0.093,-0.218, 0.236, 0.069,0.303, 0.492, 0.196,-0.275, 0.008, 0.111,0.254, 0.634, 0.375,-0.116, -0.003, 0.000,0.116, 0.004, -0.001,-0.092, -0.405, -0.089,0.105, -0.392, -0.107,-0.137, -0.722, -0.289,0.085, -0.714, -0.304
193244,8.603, 9.479,16,97,48,35,19,76,4,4,21,16,-0.185, 0.470, 0.105,0.146, 0.499, 0.093,-0.218, 0.236, 0.070,0.302, 0.494, 0.197,-0.275, 0.008, 0.112,0.253, 0.637, 0.377,-0.116, -0.003, 0.000,0.116, 0.004, -0.001,-0.092, -0.405, -0.092,0.105, -0.392, -0.109,-0.138, -0.722, -0.293,0.085, -0.713, -0.307
193244,8.551, 9.520,16,97,49,36,19,75,5,5,21,16,-0.186, 0.470, 0.105,0.146, 0.499, 0.093,-0.218, 0.236, 0.070,0.301, 0.495, 0.198,-0.274, 0.009, 0.113,0.252, 0.638, 0.377,-0.116, -0.003, 0.000,0.116, 0.004, -0.001,-0.092, -0.405, -0.094,0.105, -0.392, -0.110,-0.138, -0.722, -0.296,0.085, -0.713, -0.309
193244,8.547, 9.692,16,97,49,35,19,75,5,4,21,16,-0.186, 0.469, 0.103,0.145, 0.500, 0.089,-0.218, 0.232, 0.069,0.299, 0.498, 0.191,-0.274, 0.005, 0.112,0.252, 0.642, 0.370,-0.116, -0.003, 0.000,0.116, 0.004, -0.001,-0.092, -0.406, -0.088,0.105, -0.392, -0.103,-0.138, -0.724, -0.279,0.085, -0.714, -0.295
193244,8.546, 9.726,16,97,49,35,19,75,5,4,20,16,-0.186, 0.469, 0.103,0.144, 0.500, 0.087,-0.218, 0.230, 0.069,0.299, 0.499, 0.189,-0.274, 0.004, 0.113,0.252, 0.643, 0.368,-0.116, -0.003, 0.000,0.116, 0.004, -0.001,-0.092, -0.406, -0.087,0.105, -0.392, -0.101,-0.138, -0.726, -0.274,0.085, -0.715, -0.290
193244,8.547, 9.694,16,97,50,36,19,75,5,4,21,16,-0.186, 0.469, 0.102,0.144, 0.500, 0.084,-0.218, 0.231, 0.068,0.298, 0.498, 0.186,-0.274, 0.004, 0.110,0.252, 0.642, 0.366,-0.116, -0.003, 0.000,0.116, 0.003, -0.001,-0.093, -0.406, -0.087,0.105, -0.392, -0.100,-0.138, -0.725, -0.275,0.085, -0.715, -0.289
193244,8.548, 9.668,16,97,51,36,19,75,5,4,21,16,-0.186, 0.469, 0.102,0.143, 0.500, 0.083,-0.218, 0.231, 0.067,0.298, 0.498, 0.185,-0.273, 0.004, 0.109,0.252, 0.642, 0.365,-0.116, -0.003, 0.000,0.115, 0.003, -0.001,-0.093, -0.406, -0.087,0.106, -0.392, -0.100,-0.138, -0.724, -0.276,0.086, -0.715, -0.289
193244,8.667, 9.782,16,97,51,36,19,74,5,4,21,16,-0.186, 0.469, 0.102,0.143, 0.500, 0.083,-0.217, 0.231, 0.067,0.298, 0.500, 0.185,-0.273, 0.004, 0.110,0.254, 0.645, 0.365,-0.116, -0.003, 0.000,0.115, 0.003, -0.001,-0.093, -0.406, -0.086,0.106, -0.392, -0.101,-0.137, -0.724, -0.277,0.086, -0.715, -0.293
193244,8.734, 9.843,16,98,51,36,19,74,5,4,21,16,-0.186, 0.469, 0.102,0.143, 0.500, 0.083,-0.217, 0.231, 0.067,0.298, 0.501, 0.185,-0.273, 0.004, 0.110,0.255, 0.646, 0.365,-0.116, -0.003, 0.000,0.115, 0.003, -0.001,-0.093, -0.405, -0.085,0.106, -0.392, -0.101,-0.136, -0.724, -0.277,0.086, -0.715, -0.295
193244,8.949, 10.230,16,98,47,36,19,73,5,5,21,16,-0.186, 0.469, 0.105,0.143, 0.500, 0.084,-0.217, 0.230, 0.076,0.298, 0.502, 0.185,-0.273, 0.004, 0.123,0.259, 0.656, 0.363,-0.115, -0.003, 0.001,0.115, 0.003, -0.002,-0.093, -0.406, -0.085,0.106, -0.392, -0.104,-0.136, -0.724, -0.277,0.084, -0.715, -0.299
193244,9.063, 10.358,16,98,46,37,19,73,5,5,21,16,-0.186, 0.469, 0.108,0.143, 0.499, 0.084,-0.217, 0.229, 0.080,0.298, 0.502, 0.185,-0.273, 0.004, 0.128,0.261, 0.659, 0.362,-0.115, -0.003, 0.001,0.115, 0.003, -0.002,-0.093, -0.406, -0.084,0.106, -0.392, -0.106,-0.136, -0.725, -0.277,0.082, -0.715, -0.302
193244,9.121, 10.397,16,99,46,37,19,73,5,5,21,16,-0.186, 0.469, 0.109,0.143, 0.499, 0.085,-0.217, 0.229, 0.082,0.298, 0.502, 0.185,-0.273, 0.004, 0.130,0.262, 0.660, 0.361,-0.115, -0.003, 0.001,0.115, 0.003, -0.002,-0.093, -0.406, -0.084,0.106, -0.392, -0.107,-0.135, -0.725, -0.276,0.082, -0.715, -0.302
193245,9.199, 10.794,17,101,45,37,19,72,5,4,22,16,-0.187, 0.467, 0.112,0.142, 0.499, 0.086,-0.218, 0.227, 0.085,0.298, 0.509, 0.185,-0.273, 0.004, 0.137,0.264, 0.670, 0.360,-0.115, -0.003, 0.001,0.115, 0.003, -0.002,-0.093, -0.406, -0.081,0.107, -0.392, -0.104,-0.136, -0.725, -0.276,0.083, -0.716, -0.299
193245,9.228, 10.934,17,102,45,36,20,71,5,4,22,16,-0.187, 0.466, 0.113,0.142, 0.499, 0.087,-0.218, 0.226, 0.087,0.298, 0.513, 0.185,-0.273, 0.003, 0.138,0.264, 0.673, 0.360,-0.115, -0.003, 0.002,0.115, 0.003, -0.003,-0.093, -0.406, -0.080,0.107, -0.392, -0.103,-0.136, -0.725, -0.277,0.084, -0.716, -0.297
193245,9.350, 10.896,17,102,46,36,20,71,5,4,23,17,-0.187, 0.466, 0.113,0.143, 0.499, 0.088,-0.217, 0.226, 0.086,0.300, 0.513, 0.186,-0.273, 0.004, 0.138,0.266, 0.672, 0.360,-0.115, -0.003, 0.002,0.115, 0.003, -0.003,-0.092, -0.407, -0.083,0.108, -0.392, -0.106,-0.136, -0.723, -0.291,0.087, -0.714, -0.307
193245,9.419, 10.869,16,102,47,36,20,71,5,5,24,17,-0.187, 0.467, 0.113,0.143, 0.500, 0.089,-0.216, 0.226, 0.086,0.301, 0.513, 0.187,-0.273, 0.004, 0.137,0.267, 0.672, 0.361,-0.115, -0.003, 0.002,0.115, 0.003, -0.003,-0.092, -0.407, -0.085,0.109, -0.392, -0.108,-0.136, -0.721, -0.298,0.089, -0.713, -0.311
193245,9.345, 10.180,16,99,47,35,20,73,5,4,23,17,-0.187, 0.467, 0.115,0.143, 0.499, 0.097,-0.216, 0.227, 0.086,0.301, 0.503, 0.196,-0.271, 0.006, 0.137,0.266, 0.654, 0.371,-0.115, -0.003, 0.001,0.115, 0.003, -0.002,-0.093, -0.406, -0.087,0.108, -0.392, -0.108,-0.136, -0.721, -0.297,0.089, -0.713, -0.311
193245,9.304, 9.894,16,98,47,34,20,74,5,3,23,17,-0.187, 0.467, 0.115,0.143, 0.498, 0.101,-0.215, 0.228, 0.087,0.301, 0.498, 0.200,-0.270, 0.006, 0.137,0.265, 0.647, 0.376,-0.115, -0.002, 0.001,0.115, 0.003, -0.002,-0.093, -0.406, -0.088,0.107, -0.392, -0.108,-0.136, -0.721, -0.296,0.089, -0.713, -0.310
193245,9.273, 9.793,16,98,48,34,20,74,5,3,22,17,-0.187, 0.467, 0.116,0.143, 0.498, 0.103,-0.215, 0.228, 0.087,0.301, 0.496, 0.202,-0.270, 0.007, 0.137,0.265, 0.645, 0.378,-0.115, -0.002, 0.001,0.115, 0.003, -0.002,-0.093, -0.406, -0.089,0.107, -0.392, -0.108,-0.136, -0.721, -0.295,0.089, -0.713, -0.310
193245,9.391, 8.716,16,93,50,33,19,78,5,4,23,17,-0.186, 0.467, 0.116,0.143, 0.498, 0.102,-0.215, 0.231, 0.084,0.305, 0.480, 0.199,-0.270, 0.008, 0.127,0.267, 0.618, 0.375,-0.115, -0.003, 0.001,0.115, 0.003, -0.002,-0.093, -0.406, -0.089,0.108, -0.392, -0.111,-0.136, -0.720, -0.298,0.089, -0.711, -0.317
193245,9.463, 8.445,16,91,51,33,19,80,5,4,23,17,-0.186, 0.468, 0.116,0.144, 0.498, 0.101,-0.214, 0.233, 0.082,0.308, 0.475, 0.197,-0.270, 0.009, 0.123,0.268, 0.611, 0.374,-0.115, -0.003, 0.001,0.115, 0.003, -0.002,-0.092, -0.406, -0.089,0.109, -0.392, -0.113,-0.136, -0.719, -0.300,0.088, -0.710, -0.321
193245,9.566, 6.114,16,79,53,33,18,86,5,4,22,17,-0.185, 0.468, 0.116,0.144, 0.495, 0.101,-0.215, 0.233, 0.081,0.307, 0.427, 0.197,-0.270, 0.009, 0.117,0.270, 0.553, 0.379,-0.115, -0.003, 0.001,0.115, 0.003, -0.002,-0.095, -0.404, -0.089,0.107, -0.392, -0.113,-0.139, -0.719, -0.299,0.086, -0.710, -0.320
193245,9.621, 5.779,16,77,53,33,18,86,5,4,22,17,-0.185, 0.467, 0.116,0.144, 0.494, 0.101,-0.215, 0.233, 0.080,0.306, 0.418, 0.197,-0.270, 0.009, 0.114,0.271, 0.544, 0.381,-0.115, -0.003, 0.001,0.115, 0.003, -0.002,-0.097, -0.403, -0.090,0.106, -0.391, -0.113,-0.140, -0.719, -0.299,0.084, -0.710, -0.319
193245,9.784, 2.806,15,66,56,32,19,87,5,4,23,18,-0.183, 0.468, 0.116,0.145, 0.492, 0.105,-0.212, 0.236, 0.075,0.302, 0.372, 0.198,-0.268, 0.010, 0.111,0.274, 0.470, 0.397,-0.115, -0.003, 0.000,0.115, 0.003, -0.001,-0.097, -0.403, -0.090,0.107, -0.390, -0.115,-0.140, -0.713, -0.301,0.085, -0.706, -0.330
193245,9.916, 2.490,15,64,57,32,20,86,5,4,23,18,-0.182, 0.469, 0.116,0.147, 0.492, 0.106,-0.211, 0.238, 0.073,0.299, 0.365, 0.198,-0.266, 0.011, 0.110,0.276, 0.462, 0.401,-0.115, -0.003, 0.000,0.115, 0.004, -0.001,-0.097, -0.402, -0.090,0.107, -0.388, -0.115,-0.140, -0.710, -0.303,0.086, -0.705, -0.333
193245,9.961, 2.442,14,63,59,33,21,86,5,4,23,18,-0.181, 0.470, 0.116,0.147, 0.491, 0.106,-0.210, 0.239, 0.071,0.295, 0.362, 0.198,-0.265, 0.012, 0.108,0.277, 0.461, 0.403,-0.115, -0.003, 0.000,0.115, 0.004, -0.001,-0.097, -0.402, -0.089,0.108, -0.388, -0.115,-0.139, -0.709, -0.303,0.087, -0.703, -0.333
193245,9.972, 0.173,14,53,60,37,22,82,5,4,23,17,-0.181, 0.472, 0.114,0.147, 0.489, 0.106,-0.210, 0.241, 0.066,0.269, 0.324, 0.195,-0.265, 0.012, 0.107,0.277, 0.404, 0.406,-0.115, -0.003, 0.000,0.115, 0.004, -0.001,-0.096, -0.402, -0.091,0.107, -0.387, -0.114,-0.141, -0.710, -0.303,0.086, -0.705, -0.323
193245,9.981, -0.181,14,51,60,37,23,82,5,4,23,16,-0.181, 0.474, 0.112,0.147, 0.489, 0.106,-0.211, 0.242, 0.062,0.263, 0.318, 0.193,-0.265, 0.012, 0.106,0.277, 0.395, 0.407,-0.115, -0.003, 0.000,0.115, 0.004, -0.001,-0.096, -0.402, -0.093,0.106, -0.387, -0.112,-0.143, -0.711, -0.302,0.085, -0.705, -0.317
193245,10.436, -2.334,14,46,62,40,24,75,5,2,22,16,-0.184, 0.474, 0.112,0.147, 0.483, 0.109,-0.212, 0.241, 0.061,0.248, 0.294, 0.192,-0.265, 0.013, 0.107,0.286, 0.342, 0.419,-0.115, -0.003, -0.001,0.115, 0.004, 0.000,-0.097, -0.402, -0.093,0.106, -0.387, -0.101,-0.144, -0.714, -0.295,0.085, -0.710, -0.294
193245,10.672, -2.635,14,44,62,40,25,74,5,2,22,16,-0.185, 0.474, 0.111,0.147, 0.481, 0.109,-0.212, 0.241, 0.059,0.244, 0.289, 0.191,-0.265, 0.014, 0.108,0.290, 0.334, 0.422,-0.115, -0.003, -0.001,0.115, 0.004, 0.000,-0.097, -0.402, -0.091,0.106, -0.387, -0.099,-0.145, -0.715, -0.290,0.084, -0.711, -0.293
193245,10.782, -3.609,14,43,62,40,26,71,5,2,21,16,-0.185, 0.475, 0.109,0.149, 0.481, 0.111,-0.212, 0.241, 0.056,0.241, 0.283, 0.190,-0.265, 0.015, 0.108,0.292, 0.310, 0.422,-0.115, -0.003, -0.002,0.115, 0.004, 0.001,-0.097, -0.402, -0.088,0.107, -0.386, -0.094,-0.145, -0.717, -0.278,0.084, -0.712, -0.284
193245,10.832, -3.732,14,43,62,39,26,71,5,2,21,16,-0.185, 0.476, 0.108,0.149, 0.480, 0.112,-0.212, 0.241, 0.055,0.241, 0.282, 0.189,-0.265, 0.016, 0.109,0.293, 0.307, 0.423,-0.116, -0.003, -0.002,0.115, 0.004, 0.001,-0.097, -0.402, -0.086,0.107, -0.386, -0.093,-0.146, -0.719, -0.274,0.084, -0.713, -0.283
193245,10.885, -3.775,14,42,62,39,26,71,5,2,21,16,-0.185, 0.476, 0.107,0.150, 0.480, 0.113,-0.212, 0.241, 0.054,0.241, 0.280, 0.189,-0.265, 0.016, 0.110,0.294, 0.306, 0.424,-0.116, -0.003, -0.002,0.116, 0.004, 0.002,-0.097, -0.402, -0.086,0.107, -0.386, -0.093,-0.146, -0.719, -0.274,0.084, -0.713, -0.285
193245,11.153, -4.500,14,41,61,38,28,70,5,3,21,16,-0.184, 0.476, 0.108,0.154, 0.478, 0.116,-0.211, 0.240, 0.056,0.242, 0.271, 0.189,-0.265, 0.018, 0.118,0.298, 0.287, 0.423,-0.116, -0.003, -0.003,0.116, 0.004, 0.002,-0.097, -0.404, -0.085,0.108, -0.386, -0.091,-0.144, -0.724, -0.272,0.084, -0.715, -0.276
193245,11.262, -4.673,14,41,60,37,29,71,5,3,21,16,-0.183, 0.476, 0.109,0.156, 0.477, 0.118,-0.211, 0.240, 0.057,0.243, 0.269, 0.187,-0.265, 0.019, 0.122,0.300, 0.283, 0.423,-0.116, -0.003, -0.003,0.116, 0.004, 0.002,-0.096, -0.404, -0.084,0.109, -0.386, -0.090,-0.143, -0.726, -0.270,0.085, -0.716, -0.276
193246,11.754, -5.314,14,39,56,34,29,70,5,4,21,16,-0.182, 0.476, 0.118,0.159, 0.475, 0.124,-0.212, 0.239, 0.073,0.243, 0.262, 0.184,-0.266, 0.019, 0.148,0.309, 0.267, 0.414,-0.116, -0.003, -0.002,0.116, 0.004, 0.001,-0.094, -0.405, -0.081,0.110, -0.387, -0.090,-0.142, -0.728, -0.269,0.086, -0.716, -0.276
193246,11.965, -5.470,15,38,54,33,29,71,5,4,21,16,-0.182, 0.476, 0.122,0.160, 0.474, 0.127,-0.212, 0.239, 0.078,0.243, 0.260, 0.183,-0.266, 0.020, 0.154,0.313, 0.263, 0.411,-0.116, -0.003, -0.002,0.116, 0.004, 0.001,-0.093, -0.406, -0.081,0.111, -0.387, -0.090,-0.140, -0.729, -0.268,0.088, -0.717, -0.275
193246,12.347, -5.555,15,38,53,31,29,71,5,5,21,16,-0.181, 0.476, 0.129,0.162, 0.473, 0.131,-0.212, 0.238, 0.087,0.243, 0.261, 0.183,-0.267, 0.020, 0.161,0.320, 0.261, 0.410,-0.116, -0.003, -0.002,0.116, 0.004, 0.001,-0.093, -0.407, -0.081,0.111, -0.387, -0.091,-0.140, -0.731, -0.268,0.090, -0.717, -0.275
193246,12.504, -5.569,15,38,53,31,28,71,6,5,21,16,-0.180, 0.476, 0.131,0.163, 0.473, 0.134,-0.212, 0.237, 0.088,0.243, 0.262, 0.183,-0.267, 0.020, 0.161,0.322, 0.261, 0.411,-0.116, -0.003, -0.002,0.116, 0.004, 0.001,-0.093, -0.408, -0.081,0.111, -0.387, -0.091,-0.140, -0.732, -0.268,0.090, -0.718, -0.275
193246,12.662, -5.731,15,38,51,31,28,70,5,5,21,15,-0.180, 0.477, 0.130,0.163, 0.473, 0.133,-0.212, 0.238, 0.089,0.243, 0.262, 0.183,-0.267, 0.021, 0.163,0.325, 0.257, 0.410,-0.116, -0.003, -0.002,0.116, 0.004, 0.001,-0.090, -0.409, -0.082,0.112, -0.387, -0.091,-0.136, -0.733, -0.269,0.092, -0.718, -0.275
193246,12.702, -5.805,15,38,51,31,28,69,5,5,21,15,-0.180, 0.478, 0.130,0.163, 0.473, 0.133,-0.212, 0.238, 0.089,0.242, 0.263, 0.182,-0.267, 0.021, 0.163,0.326, 0.255, 0.409,-0.116, -0.003, -0.002,0.116, 0.004, 0.001,-0.088, -0.410, -0.082,0.112, -0.387, -0.091,-0.133, -0.734, -0.270,0.094, -0.718, -0.275
193246,12.748, -5.823,15,38,50,31,28,69,5,5,21,15,-0.180, 0.478, 0.130,0.164, 0.473, 0.133,-0.212, 0.238, 0.090,0.242, 0.263, 0.182,-0.266, 0.022, 0.165,0.327, 0.254, 0.408,-0.116, -0.003, -0.002,0.116, 0.004, 0.001,-0.087, -0.410, -0.083,0.113, -0.387, -0.091,-0.132, -0.734, -0.271,0.094, -0.718, -0.276
193246,13.015, -5.980,15,37,50,32,28,66,4,5,21,14,-0.180, 0.480, 0.129,0.163, 0.475, 0.132,-0.211, 0.238, 0.091,0.237, 0.270, 0.181,-0.265, 0.023, 0.164,0.331, 0.251, 0.407,-0.116, -0.003, -0.002,0.116, 0.004, 0.001,-0.087, -0.411, -0.085,0.113, -0.387, -0.090,-0.132, -0.735, -0.271,0.094, -0.720, -0.264
193246,13.139, -6.040,15,37,50,33,27,64,4,5,20,14,-0.180, 0.481, 0.129,0.162, 0.476, 0.132,-0.211, 0.239, 0.091,0.234, 0.274, 0.180,-0.265, 0.024, 0.163,0.334, 0.249, 0.406,-0.116, -0.003, -0.002,0.116, 0.004, 0.001,-0.087, -0.411, -0.087,0.113, -0.387, -0.089,-0.132, -0.735, -0.271,0.095, -0.721, -0.258
193246,13.270, -6.475,15,34,50,31,27,63,4,5,21,15,-0.180, 0.482, 0.129,0.162, 0.477, 0.129,-0.211, 0.239, 0.093,0.228, 0.276, 0.169,-0.264, 0.024, 0.167,0.336, 0.238, 0.387,-0.116, -0.003, -0.002,0.116, 0.004, 0.001,-0.087, -0.411, -0.086,0.113, -0.387, -0.094,-0.133, -0.735, -0.270,0.094, -0.721, -0.278
193246,13.361, -6.630,15,33,49,30,27,63,4,5,21,15,-0.180, 0.482, 0.130,0.162, 0.478, 0.127,-0.210, 0.239, 0.094,0.226, 0.278, 0.164,-0.264, 0.024, 0.169,0.338, 0.234, 0.380,-0.116, -0.003, -0.001,0.116, 0.004, 0.000,-0.087, -0.411, -0.084,0.114, -0.387, -0.096,-0.134, -0.735, -0.269,0.094, -0.721, -0.285
193246,13.502, -6.883,16,34,48,30,27,61,4,5,21,15,-0.180, 0.483, 0.130,0.162, 0.478, 0.127,-0.210, 0.239, 0.096,0.227, 0.278, 0.164,-0.264, 0.024, 0.171,0.340, 0.228, 0.380,-0.116, -0.003, -0.001,0.116, 0.004, 0.000,-0.087, -0.411, -0.084,0.114, -0.387, -0.095,-0.133, -0.736, -0.269,0.094, -0.722, -0.281
193246,13.557, -6.976,16,34,47,30,27,60,4,5,21,15,-0.179, 0.483, 0.130,0.162, 0.478, 0.127,-0.210, 0.239, 0.097,0.227, 0.278, 0.165,-0.264, 0.025, 0.173,0.341, 0.226, 0.381,-0.116, -0.003, -0.001,0.116, 0.004, 0.000,-0.086, -0.411, -0.084,0.113, -0.387, -0.095,-0.131, -0.736, -0.269,0.094, -0.723, -0.279
193246,13.864, -6.247,17,35,41,33,26,64,5,5,21,14,-0.179, 0.483, 0.138,0.162, 0.478, 0.130,-0.210, 0.238, 0.112,0.228, 0.278, 0.170,-0.264, 0.024, 0.193,0.346, 0.244, 0.389,-0.116, -0.003, -0.001,0.116, 0.004, 0.000,-0.086, -0.412, -0.084,0.113, -0.388, -0.089,-0.131, -0.736, -0.269,0.094, -0.724, -0.263
193246,14.016, -5.956,17,35,39,33,26,65,5,5,21,14,-0.179, 0.482, 0.142,0.163, 0.477, 0.132,-0.210, 0.238, 0.118,0.229, 0.278, 0.173,-0.264, 0.024, 0.199,0.349, 0.251, 0.393,-0.116, -0.003, -0.001,0.116, 0.004, 0.000,-0.086, -0.412, -0.084,0.113, -0.388, -0.087,-0.131, -0.736, -0.270,0.094, -0.724, -0.257
193246,14.093, -5.811,18,36,39,34,26,66,5,6,21,14,-0.179, 0.482, 0.144,0.163, 0.477, 0.133,-0.210, 0.238, 0.120,0.229, 0.278, 0.175,-0.264, 0.024, 0.202,0.351, 0.255, 0.395,-0.116, -0.003, -0.001,0.116, 0.004, 0.000,-0.086, -0.412, -0.084,0.113, -0.388, -0.085,-0.131, -0.736, -0.270,0.094, -0.724, -0.254
193246,14.319, -4.831,18,39,38,35,26,68,6,5,20,14,-0.179, 0.479, 0.145,0.163, 0.472, 0.134,-0.214, 0.237, 0.119,0.239, 0.277, 0.184,-0.270, 0.023, 0.197,0.355, 0.279, 0.408,-0.116, -0.003, -0.001,0.116, 0.004, 0.000,-0.087, -0.411, -0.086,0.110, -0.388, -0.089,-0.135, -0.736, -0.271,0.091, -0.724, -0.263
193246,14.415, -4.548,18,40,37,35,25,69,5,5,20,14,-0.179, 0.477, 0.144,0.164, 0.470, 0.134,-0.215, 0.237, 0.118,0.243, 0.276, 0.187,-0.273, 0.022, 0.193,0.356, 0.286, 0.412,-0.116, -0.003, -0.001,0.116, 0.003, 0.000,-0.088, -0.411, -0.088,0.108, -0.388, -0.092,-0.136, -0.736, -0.271,0.090, -0.724, -0.267
193246,14.697, -2.461,18,45,45,34,24,74,5,4,22,16,-0.181, 0.477, 0.138,0.163, 0.470, 0.126,-0.221, 0.237, 0.100,0.259, 0.289, 0.187,-0.278, 0.020, 0.159,0.361, 0.338, 0.414,-0.116, -0.003, -0.001,0.116, 0.003, 0.000,-0.090, -0.411, -0.087,0.108, -0.388, -0.098,-0.139, -0.731, -0.283,0.083, -0.722, -0.291
193246,14.826, -2.125,18,47,47,34,23,73,5,4,22,16,-0.181, 0.477, 0.135,0.163, 0.471, 0.123,-0.223, 0.237, 0.093,0.264, 0.294, 0.187,-0.281, 0.019, 0.148,0.364, 0.347, 0.416,-0.116, -0.003, -0.001,0.116, 0.003, 0.000,-0.091, -0.411, -0.087,0.107, -0.388, -0.101,-0.140, -0.729, -0.287,0.080, -0.721, -0.299
193246,15.152, -0.177,18,55,44,32,22,74,5,4,23,16,-0.181, 0.476, 0.131,0.163, 0.474, 0.110,-0.224, 0.236, 0.094,0.291, 0.318, 0.182,-0.281, 0.013, 0.151,0.369, 0.396, 0.405,-0.116, -0.003, 0.000,0.116, 0.003, 0.000,-0.091, -0.411, -0.082,0.109, -0.390, -0.098,-0.140, -0.729, -0.280,0.083, -0.725, -0.294
193246,15.269, 0.082,18,56,42,32,22,74,5,4,23,17,-0.181, 0.476, 0.128,0.163, 0.476, 0.106,-0.224, 0.235, 0.094,0.297, 0.325, 0.179,-0.281, 0.010, 0.154,0.371, 0.402, 0.400,-0.116, -0.003, 0.000,0.116, 0.003, -0.001,-0.092, -0.412, -0.079,0.110, -0.392, -0.096,-0.140, -0.729, -0.276,0.085, -0.726, -0.293
193247,15.310, 0.134,18,56,41,32,23,73,5,4,23,17,-0.181, 0.476, 0.126,0.163, 0.478, 0.103,-0.224, 0.235, 0.093,0.298, 0.327, 0.177,-0.280, 0.009, 0.155,0.372, 0.403, 0.398,-0.116, -0.003, 0.000,0.116, 0.003, -0.001,-0.092, -0.412, -0.078,0.110, -0.393, -0.095,-0.140, -0.729, -0.275,0.086, -0.727, -0.292
193247,15.214, 1.532,19,62,40,31,23,74,5,5,24,18,-0.181, 0.475, 0.126,0.162, 0.479, 0.103,-0.225, 0.235, 0.093,0.309, 0.347, 0.180,-0.280, 0.009, 0.156,0.370, 0.438, 0.398,-0.116, -0.003, 0.000,0.116, 0.003, -0.001,-0.092, -0.412, -0.078,0.110, -0.393, -0.107,-0.138, -0.727, -0.284,0.087, -0.722, -0.319
193247,15.150, 1.750,19,63,40,31,23,74,5,5,24,17,-0.181, 0.475, 0.126,0.162, 0.480, 0.104,-0.225, 0.235, 0.094,0.312, 0.352, 0.181,-0.280, 0.008, 0.157,0.369, 0.444, 0.398,-0.116, -0.003, 0.001,0.116, 0.004, -0.002,-0.092, -0.412, -0.079,0.110, -0.393, -0.112,-0.137, -0.726, -0.289,0.087, -0.719, -0.326
193247,14.784, 3.438,19,69,39,33,22,73,5,5,24,17,-0.182, 0.472, 0.126,0.161, 0.482, 0.104,-0.227, 0.233, 0.093,0.311, 0.375, 0.189,-0.280, 0.006, 0.152,0.363, 0.486, 0.404,-0.116, -0.003, 0.001,0.116, 0.004, -0.002,-0.092, -0.412, -0.083,0.108, -0.393, -0.117,-0.135, -0.726, -0.296,0.086, -0.717, -0.335
193247,14.583, 3.664,19,70,39,34,21,72,5,5,24,17,-0.182, 0.470, 0.125,0.160, 0.483, 0.104,-0.228, 0.232, 0.092,0.311, 0.380, 0.194,-0.280, 0.005, 0.150,0.359, 0.492, 0.409,-0.116, -0.003, 0.001,0.116, 0.004, -0.002,-0.092, -0.412, -0.085,0.106, -0.393, -0.119,-0.134, -0.725, -0.298,0.085, -0.715, -0.337
193247,14.617, 5.429,19,79,38,32,21,70,5,5,24,17,-0.182, 0.469, 0.125,0.160, 0.486, 0.105,-0.228, 0.231, 0.093,0.321, 0.412, 0.197,-0.280, 0.003, 0.150,0.360, 0.536, 0.404,-0.116, -0.003, 0.001,0.116, 0.004, -0.002,-0.092, -0.412, -0.086,0.104, -0.393, -0.120,-0.133, -0.724, -0.303,0.083, -0.714, -0.341
193247,14.641, 5.670,19,80,38,32,21,70,5,5,24,18,-0.182, 0.468, 0.125,0.160, 0.487, 0.106,-0.228, 0.230, 0.093,0.325, 0.418, 0.199,-0.281, 0.002, 0.151,0.360, 0.542, 0.402,-0.116, -0.003, 0.001,0.116, 0.004, -0.001,-0.092, -0.412, -0.086,0.103, -0.393, -0.120,-0.132, -0.723, -0.305,0.082, -0.713, -0.341
193247,14.655, 6.772,20,85,34,31,20,69,5,5,24,17,-0.183, 0.468, 0.125,0.159, 0.491, 0.106,-0.229, 0.230, 0.098,0.330, 0.439, 0.199,-0.281, 0.002, 0.156,0.361, 0.569, 0.395,-0.116, -0.003, 0.001,0.116, 0.004, -0.002,-0.090, -0.412, -0.086,0.103, -0.393, -0.121,-0.130, -0.723, -0.304,0.082, -0.712, -0.340
193247,14.658, 6.959,20,86,31,31,19,69,5,5,24,17,-0.184, 0.469, 0.125,0.158, 0.493, 0.106,-0.229, 0.230, 0.101,0.332, 0.444, 0.200,-0.281, 0.002, 0.160,0.361, 0.574, 0.393,-0.116, -0.003, 0.001,0.116, 0.004, -0.002,-0.089, -0.411, -0.086,0.103, -0.393, -0.122,-0.129, -0.723, -0.304,0.082, -0.712, -0.339
193247,14.659, 6.953,20,86,30,31,19,69,5,5,24,17,-0.185, 0.469, 0.126,0.157, 0.494, 0.107,-0.229, 0.230, 0.103,0.333, 0.445, 0.200,-0.281, 0.002, 0.162,0.361, 0.574, 0.392,-0.116, -0.003, 0.001,0.116, 0.004, -0.002,-0.089, -0.410, -0.086,0.103, -0.393, -0.122,-0.129, -0.723, -0.303,0.082, -0.712, -0.338
193247,14.617, 7.835,20,90,28,30,19,68,5,5,24,17,-0.185, 0.469, 0.123,0.157, 0.496, 0.106,-0.229, 0.230, 0.102,0.335, 0.461, 0.200,-0.281, 0.002, 0.162,0.360, 0.596, 0.388,-0.116, -0.003, 0.001,0.116, 0.004, -0.002,-0.090, -0.410, -0.085,0.103, -0.393, -0.120,-0.129, -0.722, -0.303,0.082, -0.712, -0.336
193247,14.588, 7.915,20,90,26,30,19,68,5,5,24,17,-0.185, 0.469, 0.121,0.157, 0.498, 0.104,-0.229, 0.230, 0.101,0.335, 0.464, 0.199,-0.281, 0.002, 0.162,0.359, 0.598, 0.385,-0.116, -0.003, 0.001,0.116, 0.004, -0.002,-0.091, -0.410, -0.084,0.104, -0.393, -0.120,-0.130, -0.721, -0.303,0.083, -0.712, -0.335
193247,14.220, 8.687,20,93,29,30,19,69,5,4,24,17,-0.185, 0.468, 0.123,0.157, 0.497, 0.108,-0.228, 0.227, 0.102,0.336, 0.475, 0.203,-0.281, 0.000, 0.162,0.353, 0.617, 0.385,-0.116, -0.003, 0.001,0.116, 0.004, -0.002,-0.091, -0.409, -0.085,0.104, -0.392, -0.120,-0.129, -0.719, -0.304,0.083, -0.709, -0.336
193247,14.002, 8.864,20,94,30,30,19,69,5,4,25,17,-0.185, 0.467, 0.124,0.157, 0.497, 0.108,-0.228, 0.226, 0.102,0.338, 0.478, 0.203,-0.282, -0.001, 0.161,0.349, 0.622, 0.383,-0.116, -0.003, 0.001,0.116, 0.004, -0.002,-0.091, -0.409, -0.085,0.105, -0.392, -0.119,-0.129, -0.718, -0.304,0.084, -0.708, -0.335
193247,13.668, 9.604,20,97,30,30,19,69,5,4,24,18,-0.185, 0.466, 0.124,0.157, 0.497, 0.109,-0.226, 0.224, 0.102,0.338, 0.489, 0.204,-0.282, -0.001, 0.161,0.343, 0.640, 0.381,-0.116, -0.003, 0.001,0.116, 0.003, -0.002,-0.092, -0.408, -0.085,0.104, -0.392, -0.113,-0.130, -0.718, -0.303,0.082, -0.708, -0.324
193247,13.582, 9.840,20,98,30,30,19,69,5,4,24,18,-0.185, 0.466, 0.123,0.156, 0.498, 0.109,-0.226, 0.223, 0.101,0.338, 0.494, 0.204,-0.282, -0.002, 0.161,0.341, 0.646, 0.376,-0.116, -0.003, 0.001,0.116, 0.003, -0.002,-0.092, -0.408, -0.085,0.104, -0.392, -0.111,-0.130, -0.718, -0.303,0.081, -0.707, -0.320
193247,13.308, 10.212,19,100,30,30,20,69,5,3,24,18,-0.186, 0.466, 0.123,0.155, 0.498, 0.108,-0.226, 0.222, 0.102,0.336, 0.500, 0.204,-0.281, -0.002, 0.162,0.337, 0.655, 0.376,-0.116, -0.003, 0.001,0.116, 0.003, -0.002,-0.092, -0.408, -0.087,0.104, -0.391, -0.111,-0.131, -0.718, -0.303,0.082, -0.707, -0.319
193247,13.171, 10.237,19,100,30,30,20,69,5,3,23,18,-0.186, 0.465, 0.123,0.155, 0.498, 0.108,-0.226, 0.222, 0.102,0.334, 0.501, 0.204,-0.281, -0.002, 0.162,0.334, 0.656, 0.376,-0.116, -0.003, 0.001,0.116, 0.003, -0.002,-0.092, -0.408, -0.089,0.104, -0.391, -0.111,-0.131, -0.718, -0.303,0.082, -0.706, -0.319
193247,13.115, 10.232,19,100,30,30,20,68,5,3,23,18,-0.187, 0.465, 0.123,0.154, 0.498, 0.108,-0.226, 0.221, 0.102,0.334, 0.501, 0.204,-0.281, -0.002, 0.162,0.333, 0.656, 0.376,-0.116, -0.003, 0.001,0.116, 0.003, -0.002,-0.093, -0.407, -0.089,0.104, -0.391, -0.111,-0.131, -0.719, -0.303,0.082, -0.706, -0.319
193247,12.951, 10.585,19,101,31,31,19,67,5,4,23,18,-0.187, 0.465, 0.121,0.153, 0.499, 0.103,-0.226, 0.221, 0.100,0.331, 0.507, 0.202,-0.281, -0.002, 0.159,0.330, 0.665, 0.375,-0.116, -0.003, 0.001,0.116, 0.003, -0.002,-0.093, -0.407, -0.089,0.104, -0.390, -0.111,-0.133, -0.717, -0.302,0.082, -0.705, -0.321
193247,12.880, 10.678,19,102,31,32,19,66,5,4,23,18,-0.188, 0.465, 0.120,0.152, 0.500, 0.102,-0.226, 0.221, 0.100,0.330, 0.510, 0.202,-0.281, -0.002, 0.158,0.329, 0.667, 0.375,-0.116, -0.003, 0.001,0.116, 0.003, -0.002,-0.094, -0.406, -0.088,0.104, -0.389, -0.112,-0.135, -0.717, -0.299,0.082, -0.704, -0.321
193247,12.592, 10.717,19,102,32,32,19,67,5,4,23,18,-0.188, 0.464, 0.120,0.152, 0.500, 0.104,-0.225, 0.220, 0.099,0.329, 0.510, 0.204,-0.281, -0.002, 0.158,0.324, 0.668, 0.376,-0.116, -0.002, 0.001,0.116, 0.003, -0.002,-0.094, -0.406, -0.092,0.104, -0.389, -0.111,-0.136, -0.715, -0.306,0.083, -0.704, -0.320
193247,12.469, 10.707,19,102,32,32,20,68,5,4,23,18,-0.188, 0.464, 0.120,0.151, 0.499, 0.105,-0.224, 0.219, 0.099,0.328, 0.509, 0.205,-0.281, -0.003, 0.157,0.322, 0.668, 0.376,-0.116, -0.002, 0.001,0.116, 0.003, -0.002,-0.095, -0.405, -0.094,0.104, -0.389, -0.111,-0.136, -0.714, -0.311,0.084, -0.704, -0.320
193248,12.352, 10.689,19,102,34,32,20,68,5,4,23,18,-0.188, 0.464, 0.121,0.151, 0.499, 0.105,-0.223, 0.219, 0.099,0.327, 0.509, 0.205,-0.280, -0.003, 0.156,0.320, 0.667, 0.377,-0.116, -0.002, 0.001,0.116, 0.003, -0.002,-0.095, -0.405, -0.092,0.104, -0.389, -0.113,-0.136, -0.714, -0.308,0.083, -0.704, -0.329
193248,12.267, 10.666,18,101,35,32,20,68,5,4,23,18,-0.188, 0.463, 0.121,0.151, 0.499, 0.105,-0.221, 0.219, 0.098,0.326, 0.508, 0.205,-0.279, -0.003, 0.154,0.318, 0.667, 0.377,-0.116, -0.002, 0.001,0.116, 0.003, -0.002,-0.095, -0.405, -0.091,0.103, -0.389, -0.115,-0.136, -0.714, -0.306,0.082, -0.703, -0.334
193248,12.219, 10.651,18,101,36,32,19,68,5,4,23,18,-0.187, 0.463, 0.121,0.151, 0.499, 0.105,-0.221, 0.219, 0.098,0.325, 0.508, 0.205,-0.279, -0.003, 0.153,0.317, 0.666, 0.378,-0.116, -0.002, 0.001,0.116, 0.003, -0.002,-0.095, -0.405, -0.090,0.103, -0.389, -0.116,-0.136, -0.714, -0.305,0.082, -0.703, -0.336
193248,12.233, 10.674,18,101,37,32,20,68,5,4,25,18,-0.187, 0.462, 0.121,0.151, 0.499, 0.103,-0.221, 0.218, 0.098,0.325, 0.508, 0.202,-0.279, -0.003, 0.153,0.317, 0.667, 0.375,-0.116, -0.002, 0.001,0.116, 0.003, -0.002,-0.095, -0.405, -0.085,0.104, -0.389, -0.116,-0.136, -0.711, -0.305,0.080, -0.702, -0.336
193248,12.244, 10.684,18,101,37,32,20,68,6,4,25,19,-0.187, 0.462, 0.121,0.151, 0.499, 0.102,-0.221, 0.218, 0.098,0.325, 0.509, 0.200,-0.279, -0.003, 0.153,0.318, 0.667, 0.374,-0.116, -0.002, 0.001,0.116, 0.003, -0.002,-0.095, -0.405, -0.083,0.104, -0.389, -0.116,-0.136, -0.710, -0.305,0.079, -0.701, -0.337
193248,12.307, 10.591,18,101,36,32,19,68,6,5,25,19,-0.187, 0.462, 0.120,0.151, 0.500, 0.101,-0.221, 0.218, 0.098,0.326, 0.508, 0.199,-0.279, -0.003, 0.153,0.319, 0.665, 0.373,-0.116, -0.002, 0.001,0.116, 0.003, -0.002,-0.095, -0.405, -0.083,0.104, -0.389, -0.116,-0.136, -0.710, -0.305,0.079, -0.701, -0.336
193248,12.346, 10.527,18,101,36,32,19,68,6,5,25,18,-0.187, 0.462, 0.120,0.151, 0.500, 0.100,-0.221, 0.218, 0.098,0.326, 0.508, 0.198,-0.279, -0.003, 0.152,0.319, 0.663, 0.372,-0.116, -0.002, 0.001,0.116, 0.003, -0.002,-0.095, -0.405, -0.083,0.104, -0.388, -0.116,-0.136, -0.710, -0.305,0.079, -0.701, -0.336
193248,12.355, 10.507,18,101,35,32,19,68,5,4,24,18,-0.187, 0.462, 0.122,0.151, 0.500, 0.103,-0.221, 0.218, 0.100,0.326, 0.508, 0.200,-0.279, -0.003, 0.154,0.320, 0.663, 0.373,-0.116, -0.002, 0.001,0.116, 0.003, -0.002,-0.095, -0.405, -0.088,0.104, -0.388, -0.117,-0.137, -0.710, -0.305,0.080, -0.701, -0.335
193248,12.361, 10.495,18,101,35,32,19,68,5,4,24,18,-0.187, 0.462, 0.123,0.151, 0.500, 0.105,-0.221, 0.219, 0.102,0.326, 0.508, 0.202,-0.279, -0.003, 0.156,0.320, 0.662, 0.373,-0.116, -0.002, 0.001,0.116, 0.003, -0.002,-0.094, -0.405, -0.090,0.105, -0.388, -0.117,-0.137, -0.710, -0.306,0.080, -0.701, -0.335
193248,12.366, 10.119,18,100,36,32,19,69,5,4,24,18,-0.187, 0.462, 0.122,0.152, 0.500, 0.105,-0.221, 0.220, 0.099,0.327, 0.504, 0.203,-0.279, -0.002, 0.152,0.320, 0.653, 0.375,-0.116, -0.002, 0.001,0.116, 0.003, -0.002,-0.094, -0.405, -0.091,0.105, -0.388, -0.117,-0.136, -0.710, -0.311,0.081, -0.700, -0.336
193248,12.373, 9.985,18,99,37,31,19,69,5,5,24,18,-0.187, 0.463, 0.120,0.152, 0.500, 0.105,-0.221, 0.221, 0.096,0.327, 0.502, 0.203,-0.279, -0.002, 0.150,0.320, 0.650, 0.376,-0.116, -0.002, 0.001,0.116, 0.003, -0.002,-0.094, -0.404, -0.091,0.105, -0.388, -0.117,-0.136, -0.709, -0.313,0.081, -0.699, -0.336
193248,12.376, 9.934,18,99,37,31,19,69,5,5,25,18,-0.187, 0.463, 0.119,0.151, 0.500, 0.104,-0.221, 0.221, 0.094,0.327, 0.501, 0.203,-0.279, -0.002, 0.148,0.320, 0.648, 0.376,-0.116, -0.002, 0.001,0.116, 0.003, -0.001,-0.094, -0.404, -0.091,0.105, -0.388, -0.117,-0.136, -0.709, -0.313,0.081, -0.698, -0.337
193248,12.183, 8.324,18,92,39,32,19,72,5,5,24,18,-0.187, 0.463, 0.122,0.151, 0.499, 0.106,-0.222, 0.225, 0.096,0.323, 0.475, 0.204,-0.278, 0.001, 0.148,0.317, 0.608, 0.384,-0.116, -0.002, 0.001,0.116, 0.003, -0.002,-0.094, -0.403, -0.091,0.105, -0.387, -0.121,-0.136, -0.708, -0.314,0.081, -0.698, -0.339
193248,12.078, 7.951,18,90,40,32,19,73,5,5,24,17,-0.187, 0.464, 0.124,0.151, 0.499, 0.108,-0.222, 0.228, 0.097,0.321, 0.467, 0.205,-0.278, 0.002, 0.148,0.315, 0.599, 0.388,-0.116, -0.002, 0.001,0.116, 0.003, -0.002,-0.094, -0.402, -0.092,0.105, -0.387, -0.123,-0.136, -0.708, -0.315,0.081, -0.698, -0.341
193248,11.990, 5.197,18,75,45,33,20,78,5,4,24,17,-0.187, 0.463, 0.131,0.148, 0.495, 0.114,-0.222, 0.228, 0.099,0.307, 0.412, 0.207,-0.276, 0.002, 0.149,0.313, 0.530, 0.403,-0.116, -0.002, 0.001,0.116, 0.003, -0.002,-0.095, -0.402, -0.093,0.103, -0.388, -0.122,-0.137, -0.709, -0.315,0.081, -0.700, -0.341
193248,11.944, 4.774,18,73,47,32,20,78,6,3,24,17,-0.187, 0.462, 0.134,0.146, 0.492, 0.119,-0.222, 0.228, 0.100,0.302, 0.402, 0.210,-0.276, 0.002, 0.149,0.312, 0.519, 0.410,-0.116, -0.003, 0.000,0.116, 0.003, -0.001,-0.096, -0.402, -0.093,0.102, -0.388, -0.122,-0.138, -0.710, -0.315,0.081, -0.701, -0.341
193248,11.773, 0.677,15,59,56,36,22,71,5,4,23,17,-0.187, 0.466, 0.118,0.146, 0.488, 0.117,-0.215, 0.228, 0.076,0.272, 0.348, 0.210,-0.271, 0.003, 0.123,0.309, 0.417, 0.424,-0.116, -0.003, -0.001,0.116, 0.003, 0.000,-0.095, -0.403, -0.096,0.102, -0.387, -0.124,-0.142, -0.709, -0.311,0.079, -0.701, -0.349
193248,11.760, 0.045,14,57,58,37,23,69,5,4,23,17,-0.186, 0.467, 0.113,0.146, 0.485, 0.117,-0.211, 0.229, 0.072,0.267, 0.340, 0.210,-0.269, 0.003, 0.121,0.309, 0.401, 0.430,-0.116, -0.003, -0.002,0.116, 0.003, 0.001,-0.095, -0.403, -0.098,0.102, -0.386, -0.125,-0.144, -0.708, -0.310,0.078, -0.702, -0.352
193248,11.109, -9.424,14,45,55,27,26,36,5,3,23,16,-0.187, 0.472, 0.118,0.146, 0.483, 0.129,-0.208, 0.234, 0.086,0.253, 0.297, 0.190,-0.260, 0.008, 0.157,0.297, 0.164, 0.362,-0.116, -0.003, -0.005,0.115, 0.003, 0.004,-0.096, -0.403, -0.100,0.102, -0.386, -0.119,-0.149, -0.711, -0.306,0.079, -0.707, -0.336
193248,10.764, -9.848,14,41,56,23,26,36,6,2,22,16,-0.188, 0.474, 0.121,0.146, 0.482, 0.136,-0.206, 0.235, 0.092,0.246, 0.293, 0.184,-0.255, 0.010, 0.166,0.291, 0.154, 0.348,-0.115, -0.002, -0.006,0.115, 0.003, 0.005,-0.098, -0.404, -0.102,0.101, -0.386, -0.118,-0.153, -0.712, -0.302,0.079, -0.710, -0.333
193248,11.098, -12.000,15,25,56,32,30,32,6,3,22,15,-0.191, 0.480, 0.122,0.146, 0.487, 0.128,-0.206, 0.241, 0.097,0.235, 0.268, 0.073,-0.252, 0.013, 0.198,0.297, 0.054, 0.150,-0.115, -0.003, -0.005,0.115, 0.004, 0.004,-0.094, -0.404, -0.094,0.101, -0.385, -0.118,-0.151, -0.717, -0.289,0.078, -0.710, -0.330
193248,11.242, -12.000,15,23,55,36,30,32,5,3,22,15,-0.191, 0.482, 0.123,0.147, 0.489, 0.127,-0.206, 0.243, 0.100,0.233, 0.261, 0.064,-0.251, 0.014, 0.204,0.300, 0.045, 0.139,-0.115, -0.004, -0.005,0.115, 0.004, 0.004,-0.092, -0.405, -0.092,0.101, -0.384, -0.118,-0.148, -0.719, -0.289,0.077, -0.709, -0.329
193249,11.285, -12.000,15,23,56,34,30,32,6,3,23,15,-0.191, 0.483, 0.129,0.148, 0.489, 0.127,-0.206, 0.244, 0.106,0.232, 0.257, 0.068,-0.250, 0.014, 0.210,0.301, 0.043, 0.142,-0.115, -0.004, -0.004,0.115, 0.004, 0.003,-0.091, -0.405, -0.091,0.101, -0.384, -0.118,-0.146, -0.720, -0.288,0.077, -0.709, -0.329
193249,10.768, -12.000,17,22,45,33,29,29,6,2,23,15,-0.186, 0.483, 0.144,0.154, 0.487, 0.142,-0.205, 0.246, 0.126,0.234, 0.239, 0.088,-0.251, 0.017, 0.233,0.291, -0.003, 0.167,-0.115, -0.004, -0.004,0.115, 0.004, 0.003,-0.090, -0.404, -0.091,0.101, -0.384, -0.118,-0.146, -0.720, -0.288,0.078, -0.709, -0.326
193249,10.535, -12.000,18,21,41,33,29,28,6,2,23,15,-0.183, 0.483, 0.150,0.158, 0.486, 0.146,-0.205, 0.247, 0.132,0.234, 0.234, 0.094,-0.251, 0.018, 0.238,0.287, -0.008, 0.169,-0.115, -0.004, -0.004,0.115, 0.004, 0.003,-0.090, -0.404, -0.092,0.101, -0.385, -0.118,-0.145, -0.720, -0.291,0.078, -0.709, -0.324
193249,10.445, -12.000,18,21,37,36,29,29,6,3,23,14,-0.181, 0.483, 0.149,0.163, 0.485, 0.144,-0.205, 0.248, 0.131,0.236, 0.234, 0.089,-0.253, 0.021, 0.239,0.286, 0.004, 0.163,-0.115, -0.004, -0.004,0.115, 0.004, 0.002,-0.086, -0.404, -0.091,0.101, -0.385, -0.117,-0.141, -0.720, -0.291,0.078, -0.709, -0.320
193249,10.365, -12.000,18,21,35,36,30,30,5,3,23,14,-0.180, 0.484, 0.150,0.165, 0.484, 0.143,-0.206, 0.249, 0.132,0.236, 0.233, 0.088,-0.254, 0.022, 0.242,0.284, 0.004, 0.163,-0.115, -0.004, -0.003,0.115, 0.004, 0.002,-0.084, -0.404, -0.091,0.100, -0.385, -0.117,-0.138, -0.720, -0.290,0.078, -0.709, -0.319
193249,10.429, -12.000,19,21,33,40,29,30,6,4,23,14,-0.172, 0.484, 0.155,0.175, 0.479, 0.147,-0.205, 0.249, 0.134,0.238, 0.227, 0.091,-0.254, 0.022, 0.239,0.285, 0.000, 0.168,-0.115, -0.003, -0.002,0.115, 0.004, 0.001,-0.083, -0.404, -0.087,0.102, -0.385, -0.116,-0.137, -0.722, -0.282,0.081, -0.710, -0.314
193249,10.552, -12.000,19,20,35,42,29,31,6,5,23,14,-0.169, 0.483, 0.160,0.178, 0.476, 0.151,-0.204, 0.249, 0.136,0.238, 0.225, 0.093,-0.255, 0.022, 0.239,0.288, -0.001, 0.170,-0.115, -0.003, -0.001,0.115, 0.004, 0.000,-0.080, -0.404, -0.085,0.103, -0.387, -0.113,-0.132, -0.724, -0.283,0.084, -0.713, -0.307
193249,10.647, -12.000,19,20,36,44,29,32,7,6,23,14,-0.167, 0.483, 0.164,0.181, 0.474, 0.156,-0.204, 0.248, 0.138,0.239, 0.223, 0.095,-0.255, 0.022, 0.240,0.289, -0.002, 0.174,-0.115, -0.003, -0.001,0.115, 0.004, 0.000,-0.080, -0.405, -0.084,0.104, -0.388, -0.111,-0.131, -0.724, -0.283,0.086, -0.714, -0.305
193249,10.770, -12.000,19,20,32,47,30,32,6,7,24,15,-0.164, 0.484, 0.163,0.185, 0.474, 0.154,-0.203, 0.250, 0.139,0.240, 0.224, 0.091,-0.254, 0.024, 0.246,0.291, 0.001, 0.170,-0.116, -0.003, 0.000,0.116, 0.004, -0.001,-0.079, -0.405, -0.084,0.107, -0.387, -0.111,-0.128, -0.723, -0.287,0.090, -0.714, -0.305
193249,10.785, -12.000,19,20,33,47,30,32,6,7,24,15,-0.163, 0.486, 0.162,0.186, 0.473, 0.153,-0.202, 0.251, 0.139,0.240, 0.223, 0.092,-0.253, 0.025, 0.244,0.292, 0.001, 0.172,-0.116, -0.003, 0.000,0.116, 0.003, -0.001,-0.078, -0.405, -0.085,0.109, -0.387, -0.111,-0.125, -0.723, -0.293,0.094, -0.713, -0.306
193249,10.775, -12.000,19,20,31,45,30,32,6,7,24,15,-0.162, 0.487, 0.162,0.187, 0.473, 0.153,-0.202, 0.253, 0.138,0.240, 0.223, 0.096,-0.253, 0.026, 0.244,0.292, 0.001, 0.176,-0.116, -0.003, 0.000,0.116, 0.003, -0.001,-0.077, -0.405, -0.085,0.109, -0.387, -0.117,-0.125, -0.723, -0.294,0.094, -0.713, -0.324
193249,10.779, -12.000,19,20,30,45,29,31,6,7,24,15,-0.162, 0.488, 0.161,0.187, 0.473, 0.153,-0.203, 0.255, 0.139,0.240, 0.223, 0.097,-0.253, 0.027, 0.245,0.292, 0.001, 0.177,-0.116, -0.003, 0.000,0.116, 0.003, -0.001,-0.077, -0.405, -0.085,0.109, -0.387, -0.119,-0.126, -0.723, -0.293,0.094, -0.713, -0.327
193249,10.533, -12.000,19,20,28,44,29,31,6,6,24,15,-0.162, 0.491, 0.161,0.187, 0.473, 0.152,-0.203, 0.258, 0.140,0.239, 0.224, 0.097,-0.253, 0.030, 0.245,0.287, 0.001, 0.178,-0.116, -0.002, 0.000,0.116, 0.003, -0.001,-0.077, -0.405, -0.085,0.107, -0.388, -0.121,-0.128, -0.723, -0.291,0.089, -0.714, -0.327
193249,10.425, -12.000,19,20,27,43,29,31,6,6,24,14,-0.162, 0.492, 0.161,0.186, 0.473, 0.151,-0.204, 0.260, 0.141,0.239, 0.224, 0.097,-0.253, 0.031, 0.246,0.285, 0.000, 0.178,-0.116, -0.002, 0.000,0.116, 0.003, -0.001,-0.078, -0.405, -0.085,0.106, -0.388, -0.122,-0.131, -0.723, -0.289,0.087, -0.715, -0.326
193249,9.975, -12.000,20,20,25,42,29,30,6,6,24,14,-0.164, 0.493, 0.160,0.183, 0.474, 0.148,-0.205, 0.261, 0.142,0.236, 0.224, 0.095,-0.253, 0.032, 0.250,0.277, -0.003, 0.174,-0.116, -0.002, 0.001,0.116, 0.003, -0.002,-0.079, -0.406, -0.081,0.105, -0.388, -0.126,-0.133, -0.723, -0.281,0.086, -0.715, -0.335
193249,9.801, -12.000,20,20,24,41,29,30,6,6,24,14,-0.164, 0.494, 0.159,0.181, 0.474, 0.146,-0.206, 0.262, 0.143,0.235, 0.224, 0.093,-0.252, 0.033, 0.251,0.274, -0.004, 0.172,-0.116, -0.002, 0.001,0.116, 0.003, -0.002,-0.079, -0.406, -0.080,0.105, -0.388, -0.127,-0.134, -0.723, -0.277,0.086, -0.715, -0.337
193249,9.727, -12.000,20,20,23,41,28,30,6,5,24,14,-0.165, 0.494, 0.159,0.180, 0.474, 0.145,-0.206, 0.262, 0.144,0.234, 0.225, 0.093,-0.252, 0.033, 0.253,0.273, -0.006, 0.171,-0.116, -0.002, 0.001,0.116, 0.003, -0.002,-0.080, -0.406, -0.078,0.104, -0.388, -0.128,-0.135, -0.723, -0.275,0.086, -0.714, -0.339
193249,9.632, -12.000,20,20,23,40,27,30,7,5,24,14,-0.165, 0.494, 0.158,0.179, 0.474, 0.139,-0.207, 0.262, 0.143,0.233, 0.225, 0.087,-0.252, 0.033, 0.245,0.271, -0.004, 0.165,-0.115, -0.002, 0.001,0.116, 0.003, -0.002,-0.082, -0.407, -0.073,0.104, -0.389, -0.117,-0.135, -0.724, -0.263,0.086, -0.717, -0.310
193249,9.560, -12.000,20,19,23,40,26,30,7,5,23,14,-0.165, 0.493, 0.157,0.178, 0.474, 0.136,-0.207, 0.261, 0.142,0.232, 0.226, 0.084,-0.251, 0.032, 0.242,0.270, -0.002, 0.163,-0.115, -0.002, 0.001,0.116, 0.003, -0.002,-0.083, -0.407, -0.071,0.103, -0.389, -0.113,-0.135, -0.725, -0.259,0.085, -0.719, -0.303
193249,9.472, -12.000,20,19,28,39,26,30,7,5,25,14,-0.165, 0.493, 0.163,0.176, 0.474, 0.136,-0.209, 0.259, 0.143,0.231, 0.226, 0.084,-0.252, 0.032, 0.237,0.268, -0.002, 0.163,-0.115, -0.003, 0.002,0.116, 0.003, -0.003,-0.085, -0.407, -0.071,0.104, -0.389, -0.116,-0.135, -0.722, -0.271,0.086, -0.718, -0.312
193249,9.413, -12.000,20,19,29,39,26,31,7,5,25,15,-0.166, 0.493, 0.164,0.175, 0.475, 0.136,-0.209, 0.259, 0.144,0.230, 0.227, 0.082,-0.252, 0.032, 0.234,0.267, -0.002, 0.162,-0.115, -0.003, 0.003,0.116, 0.004, -0.004,-0.086, -0.407, -0.071,0.104, -0.389, -0.117,-0.136, -0.720, -0.275,0.086, -0.717, -0.315
193249,9.395, -12.000,20,18,32,42,22,30,9,4,25,15,-0.168, 0.492, 0.164,0.167, 0.475, 0.135,-0.211, 0.255, 0.142,0.224, 0.228, 0.073,-0.255, 0.030, 0.213,0.267, -0.003, 0.142,-0.115, -0.004, 0.003,0.115, 0.005, -0.004,-0.087, -0.408, -0.062,0.103, -0.388, -0.107,-0.138, -0.723, -0.255,0.084, -0.717, -0.300
193249,9.393, -12.000,20,18,33,43,21,30,9,4,25,16,-0.168, 0.491, 0.165,0.164, 0.475, 0.134,-0.211, 0.253, 0.142,0.221, 0.228, 0.069,-0.257, 0.028, 0.208,0.267, -0.003, 0.137,-0.115, -0.005, 0.003,0.115, 0.005, -0.004,-0.087, -0.409, -0.058,0.102, -0.388, -0.105,-0.140, -0.724, -0.250,0.083, -0.717, -0.299
193250,9.452, -12.000,19,17,39,42,20,29,10,3,25,16,-0.173, 0.491, 0.168,0.154, 0.474, 0.133,-0.212, 0.253, 0.142,0.212, 0.225, 0.067,-0.257, 0.029, 0.201,0.268, -0.004, 0.128,-0.114, -0.005, 0.003,0.114, 0.006, -0.004,-0.088, -0.408, -0.059,0.100, -0.388, -0.105,-0.141, -0.724, -0.251,0.076, -0.716, -0.298
193250,9.455, -12.000,19,17,43,40,19,27,10,2,25,16,-0.177, 0.491, 0.168,0.149, 0.473, 0.130,-0.212, 0.253, 0.141,0.209, 0.224, 0.065,-0.257, 0.029, 0.195,0.268, -0.005, 0.123,-0.114, -0.006, 0.003,0.114, 0.006, -0.004,-0.088, -0.408, -0.058,0.099, -0.387, -0.101,-0.141, -0.723, -0.253,0.071, -0.714, -0.294
193250,9.492, -12.000,19,16,47,43,19,27,10,3,25,16,-0.180, 0.487, 0.169,0.146, 0.473, 0.126,-0.213, 0.248, 0.141,0.203, 0.223, 0.056,-0.259, 0.027, 0.193,0.269, -0.005, 0.107,-0.113, -0.007, 0.003,0.113, 0.007, -0.004,-0.087, -0.408, -0.054,0.098, -0.385, -0.092,-0.138, -0.724, -0.245,0.071, -0.713, -0.274
193250,9.494, -12.000,19,16,46,42,19,27,11,4,24,15,-0.183, 0.483, 0.169,0.143, 0.472, 0.125,-0.217, 0.245, 0.141,0.201, 0.222, 0.056,-0.263, 0.024, 0.193,0.269, -0.005, 0.108,-0.113, -0.007, 0.003,0.113, 0.008, -0.005,-0.087, -0.408, -0.051,0.097, -0.385, -0.084,-0.137, -0.729, -0.228,0.071, -0.714, -0.254
193250,9.496, -12.000,20,16,46,41,19,27,11,5,23,16,-0.184, 0.482, 0.169,0.142, 0.471, 0.124,-0.219, 0.244, 0.141,0.200, 0.220, 0.055,-0.266, 0.024, 0.191,0.269, -0.006, 0.106,-0.112, -0.008, 0.003,0.113, 0.008, -0.005,-0.086, -0.408, -0.049,0.095, -0.385, -0.078,-0.136, -0.730, -0.226,0.070, -0.715, -0.245
193250,9.480, -12.000,20,15,50,37,19,27,12,5,23,16,-0.193, 0.479, 0.168,0.131, 0.471, 0.120,-0.225, 0.241, 0.140,0.194, 0.220, 0.055,-0.271, 0.022, 0.189,0.269, -0.002, 0.109,-0.112, -0.008, 0.003,0.113, 0.009, -0.005,-0.087, -0.408, -0.048,0.100, -0.384, -0.073,-0.139, -0.730, -0.220,0.071, -0.715, -0.239
193250,9.482, -12.000,20,14,48,38,19,28,13,4,24,16,-0.195, 0.478, 0.168,0.130, 0.472, 0.117,-0.229, 0.240, 0.139,0.189, 0.220, 0.053,-0.276, 0.021, 0.189,0.269, -0.001, 0.110,-0.112, -0.009, 0.004,0.113, 0.009, -0.005,-0.089, -0.407, -0.040,0.101, -0.384, -0.075,-0.144, -0.728, -0.211,0.070, -0.715, -0.243
193250,9.472, -12.000,21,13,49,38,18,29,15,4,25,17,-0.207, 0.477, 0.159,0.113, 0.474, 0.097,-0.238, 0.237, 0.134,0.173, 0.223, 0.027,-0.278, 0.014, 0.183,0.268, 0.010, 0.079,-0.112, -0.010, 0.004,0.113, 0.010, -0.006,-0.090, -0.410, -0.023,0.113, -0.381, -0.058,-0.148, -0.730, -0.184,0.088, -0.715, -0.212
193250,9.466, -12.000,21,13,48,37,17,30,15,3,25,18,-0.209, 0.477, 0.156,0.109, 0.477, 0.085,-0.241, 0.237, 0.133,0.171, 0.225, 0.012,-0.279, 0.011, 0.182,0.268, 0.014, 0.062,-0.112, -0.011, 0.007,0.112, 0.011, -0.008,-0.089, -0.410, -0.015,0.115, -0.380, -0.061,-0.148, -0.733, -0.169,0.088, -0.715, -0.223
193250,9.420, -12.000,21,12,45,39,17,30,14,5,24,15,-0.208, 0.477, 0.156,0.110, 0.477, 0.089,-0.242, 0.235, 0.134,0.168, 0.225, 0.018,-0.282, 0.006, 0.183,0.267, 0.018, 0.069,-0.112, -0.011, 0.007,0.112, 0.012, -0.009,-0.092, -0.411, -0.022,0.132, -0.380, -0.059,-0.154, -0.737, -0.177,0.144, -0.718, -0.199
193250,9.381, -12.000,22,12,43,41,16,32,14,5,23,15,-0.209, 0.476, 0.157,0.111, 0.477, 0.091,-0.243, 0.235, 0.135,0.166, 0.225, 0.019,-0.284, 0.003, 0.183,0.267, 0.020, 0.073,-0.112, -0.012, 0.008,0.112, 0.012, -0.009,-0.094, -0.411, -0.027,0.138, -0.380, -0.061,-0.156, -0.740, -0.180,0.154, -0.719, -0.201
193250,9.384, -12.000,22,11,43,43,16,32,13,6,21,14,-0.207, 0.477, 0.158,0.112, 0.477, 0.095,-0.243, 0.240, 0.136,0.164, 0.225, 0.022,-0.280, 0.003, 0.183,0.267, 0.021, 0.077,-0.112, -0.012, 0.007,0.112, 0.012, -0.009,-0.101, -0.412, -0.040,0.142, -0.378, -0.058,-0.165, -0.741, -0.194,0.174, -0.719, -0.196
193250,9.384, -12.000,22,11,44,44,16,33,13,7,20,15,-0.206, 0.478, 0.159,0.112, 0.477, 0.099,-0.242, 0.241, 0.136,0.164, 0.227, 0.023,-0.280, 0.004, 0.183,0.267, 0.022, 0.079,-0.112, -0.012, 0.007,0.112, 0.012, -0.008,-0.104, -0.412, -0.047,0.143, -0.377, -0.059,-0.168, -0.742, -0.205,0.177, -0.718, -0.199
193250,9.432, -12.000,22,11,44,44,16,32,13,7,20,15,-0.205, 0.478, 0.161,0.113, 0.478, 0.099,-0.241, 0.242, 0.137,0.164, 0.230, 0.025,-0.279, 0.004, 0.183,0.268, 0.024, 0.078,-0.112, -0.012, 0.007,0.112, 0.013, -0.008,-0.105, -0.412, -0.049,0.145, -0.377, -0.059,-0.168, -0.742, -0.206,0.179, -0.718, -0.202
193250,9.607, -12.000,23,11,35,50,15,32,13,9,20,14,-0.189, 0.477, 0.175,0.130, 0.473, 0.112,-0.234, 0.243, 0.155,0.170, 0.226, 0.038,-0.257, 0.004, 0.196,0.271, 0.022, 0.085,-0.112, -0.012, 0.008,0.112, 0.012, -0.009,-0.115, -0.412, -0.052,0.142, -0.378, -0.063,-0.186, -0.742, -0.211,0.174, -0.719, -0.204
193250,9.613, -12.000,23,10,36,54,15,33,14,9,19,14,-0.184, 0.478, 0.175,0.135, 0.472, 0.112,-0.229, 0.243, 0.154,0.170, 0.226, 0.036,-0.254, 0.003, 0.194,0.271, 0.022, 0.081,-0.112, -0.012, 0.008,0.112, 0.012, -0.009,-0.123, -0.412, -0.049,0.139, -0.378, -0.064,-0.196, -0.742, -0.207,0.168, -0.719, -0.205
193250,10.112, -12.000,22,12,33,46,15,33,13,8,20,15,-0.159, 0.482, 0.172,0.148, 0.466, 0.100,-0.208, 0.254, 0.154,0.185, 0.216, 0.038,-0.240, 0.019, 0.196,0.280, 0.015, 0.099,-0.111, -0.010, 0.008,0.112, 0.011, -0.010,-0.138, -0.409, -0.047,0.132, -0.379, -0.073,-0.224, -0.735, -0.207,0.136, -0.719, -0.230
193250,10.199, -12.000,21,11,34,51,15,35,14,7,22,15,-0.154, 0.491, 0.171,0.156, 0.467, 0.092,-0.203, 0.262, 0.154,0.184, 0.216, 0.031,-0.233, 0.025, 0.196,0.281, 0.014, 0.095,-0.111, -0.010, 0.011,0.112, 0.010, -0.012,-0.139, -0.408, -0.033,0.126, -0.379, -0.088,-0.227, -0.731, -0.195,0.126, -0.718, -0.258
193250,10.588, -12.000,22,12,25,53,15,34,14,6,23,15,-0.131, 0.492, 0.172,0.165, 0.461, 0.072,-0.186, 0.261, 0.166,0.189, 0.208, -0.003,-0.201, 0.023, 0.210,0.288, 0.007, 0.044,-0.110, -0.008, 0.016,0.111, 0.009, -0.017,-0.149, -0.404, -0.017,0.109, -0.379, -0.097,-0.246, -0.721, -0.176,0.094, -0.718, -0.267
193250,10.648, -12.000,21,13,26,55,13,34,15,5,23,16,-0.125, 0.492, 0.172,0.169, 0.459, 0.070,-0.182, 0.260, 0.165,0.190, 0.206, -0.007,-0.206, 0.022, 0.206,0.289, 0.001, 0.036,-0.110, -0.007, 0.016,0.110, 0.007, -0.017,-0.155, -0.404, -0.011,0.097, -0.380, -0.083,-0.253, -0.722, -0.164,0.089, -0.718, -0.245
193250,10.844, -12.000,20,14,25,57,14,36,12,4,24,14,-0.109, 0.499, 0.173,0.179, 0.459, 0.058,-0.167, 0.265, 0.170,0.194, 0.207, -0.024,-0.186, 0.021, 0.216,0.293, 0.001, 0.021,-0.109, -0.006, 0.025,0.109, 0.006, -0.026,-0.152, -0.401, -0.010,0.080, -0.383, -0.095,-0.250, -0.708, -0.175,0.068, -0.725, -0.253
193250,10.811, -12.000,20,15,25,54,15,35,12,4,25,14,-0.108, 0.502, 0.174,0.184, 0.459, 0.056,-0.170, 0.269, 0.170,0.203, 0.207, -0.027,-0.190, 0.022, 0.218,0.292, 0.002, 0.020,-0.108, -0.005, 0.028,0.109, 0.006, -0.029,-0.149, -0.401, -0.010,0.073, -0.384, -0.102,-0.247, -0.705, -0.181,0.058, -0.726, -0.261
193251,10.793, -12.000,20,16,27,51,14,34,10,4,26,14,-0.106, 0.505, 0.174,0.182, 0.459, 0.045,-0.165, 0.270, 0.171,0.204, 0.210, -0.037,-0.188, 0.023, 0.219,0.292, 0.003, 0.006,-0.108, -0.005, 0.032,0.108, 0.005, -0.033,-0.146, -0.400, -0.011,0.070, -0.384, -0.116,-0.244, -0.702, -0.193,0.052, -0.726, -0.281
193251,10.752, -12.000,21,17,24,48,16,36,10,3,27,14,-0.101, 0.505, 0.177,0.182, 0.458, 0.029,-0.165, 0.270, 0.180,0.204, 0.209, -0.059,-0.177, 0.023, 0.229,0.291, 0.004, -0.012,-0.106, -0.005, 0.040,0.107, 0.005, -0.041,-0.118, -0.400, 0.005,0.063, -0.385, -0.115,-0.187, -0.703, -0.174,0.040, -0.726, -0.276
193251,10.740, -12.000,22,17,22,47,16,36,9,3,26,14,-0.095, 0.504, 0.179,0.183, 0.458, 0.021,-0.161, 0.269, 0.187,0.203, 0.209, -0.067,-0.170, 0.023, 0.235,0.291, 0.006, -0.018,-0.105, -0.004, 0.045,0.105, 0.005, -0.046,-0.109, -0.399, 0.009,0.062, -0.385, -0.118,-0.174, -0.704, -0.167,0.035, -0.726, -0.273
193251,10.692, -12.000,22,17,20,43,17,38,9,3,27,14,-0.099, 0.504, 0.181,0.175, 0.459, 0.014,-0.163, 0.266, 0.193,0.198, 0.209, -0.074,-0.160, 0.023, 0.243,0.290, 0.018, -0.021,-0.104, -0.004, 0.048,0.104, 0.005, -0.049,-0.096, -0.400, 0.010,0.058, -0.387, -0.123,-0.150, -0.704, -0.175,0.026, -0.727, -0.284
193251,10.677, -12.000,22,18,18,41,17,39,8,3,25,13,-0.100, 0.504, 0.184,0.173, 0.460, 0.009,-0.161, 0.264, 0.199,0.198, 0.210, -0.078,-0.156, 0.023, 0.251,0.290, 0.024, -0.024,-0.102, -0.004, 0.052,0.102, 0.005, -0.053,-0.089, -0.399, 0.010,0.058, -0.387, -0.127,-0.145, -0.704, -0.165,0.026, -0.731, -0.282
193251,10.109, -12.000,23,16,15,34,16,39,8,4,25,12,-0.104, 0.503, 0.191,0.150, 0.463, 0.003,-0.159, 0.261, 0.212,0.179, 0.212, -0.083,-0.147, 0.023, 0.257,0.280, 0.031, -0.030,-0.100, -0.004, 0.057,0.100, 0.005, -0.058,-0.089, -0.399, 0.009,0.056, -0.387, -0.144,-0.149, -0.703, -0.167,0.004, -0.726, -0.299
193251,9.962, -12.000,23,16,16,34,16,40,7,5,27,12,-0.107, 0.503, 0.193,0.144, 0.464, 0.002,-0.159, 0.260, 0.213,0.173, 0.212, -0.085,-0.144, 0.023, 0.257,0.277, 0.037, -0.033,-0.099, -0.004, 0.057,0.099, 0.005, -0.058,-0.088, -0.399, 0.007,0.053, -0.387, -0.147,-0.147, -0.700, -0.185,0.001, -0.726, -0.309
193251,9.869, -12.000,22,16,16,35,16,41,7,5,27,12,-0.108, 0.503, 0.193,0.141, 0.465, 0.001,-0.157, 0.258, 0.212,0.168, 0.213, -0.086,-0.142, 0.023, 0.255,0.275, 0.037, -0.035,-0.099, -0.005, 0.056,0.099, 0.005, -0.057,-0.088, -0.399, 0.006,0.053, -0.388, -0.146,-0.144, -0.701, -0.190,0.003, -0.725, -0.309
193251,9.394, -12.000,22,14,7,37,12,46,8,6,31,16,-0.119, 0.503, 0.196,0.122, 0.472, -0.001,-0.154, 0.253, 0.217,0.143, 0.223, -0.091,-0.140, 0.019, 0.257,0.267, 0.058, -0.040,-0.099, -0.005, 0.056,0.099, 0.005, -0.057,-0.089, -0.398, 0.004,0.067, -0.386, -0.144,-0.143, -0.692, -0.220,0.005, -0.712, -0.317
193251,9.310, -12.000,22,15,5,35,11,45,7,6,31,16,-0.125, 0.503, 0.195,0.120, 0.475, -0.003,-0.155, 0.251, 0.215,0.144, 0.226, -0.093,-0.140, 0.017, 0.256,0.266, 0.064, -0.041,-0.099, -0.005, 0.055,0.099, 0.006, -0.056,-0.088, -0.398, 0.003,0.070, -0.386, -0.143,-0.142, -0.693, -0.219,0.009, -0.711, -0.316
193251,8.867, -12.000,23,14,12,34,8,46,7,7,27,17,-0.137, 0.499, 0.204,0.106, 0.480, -0.001,-0.155, 0.243, 0.228,0.131, 0.233, -0.091,-0.141, 0.004, 0.264,0.258, 0.071, -0.040,-0.099, -0.006, 0.055,0.099, 0.007, -0.056,-0.086, -0.394, -0.011,0.103, -0.370, -0.150,-0.144, -0.691, -0.218,0.037, -0.696, -0.324
193251,8.749, -12.000,24,14,13,31,7,45,7,8,25,15,-0.143, 0.494, 0.211,0.102, 0.482, 0.001,-0.160, 0.236, 0.235,0.132, 0.237, -0.090,-0.145, -0.003, 0.266,0.256, 0.073, -0.038,-0.099, -0.007, 0.055,0.099, 0.008, -0.057,-0.085, -0.394, -0.018,0.107, -0.370, -0.158,-0.144, -0.694, -0.216,0.045, -0.698, -0.324
193251,8.792, -12.000,24,14,11,29,6,46,7,9,21,9,-0.148, 0.493, 0.212,0.097, 0.484, 0.002,-0.167, 0.236, 0.237,0.129, 0.241, -0.088,-0.156, -0.007, 0.267,0.256, 0.082, -0.037,-0.098, -0.009, 0.057,0.098, 0.009, -0.058,-0.084, -0.393, -0.014,0.116, -0.366, -0.172,-0.148, -0.698, -0.177,0.102, -0.699, -0.327
193251,8.838, -12.000,24,14,10,31,6,46,7,9,21,8,-0.153, 0.490, 0.213,0.094, 0.485, 0.006,-0.172, 0.233, 0.236,0.125, 0.242, -0.087,-0.163, -0.013, 0.266,0.257, 0.082, -0.036,-0.098, -0.010, 0.057,0.098, 0.011, -0.058,-0.084, -0.393, -0.014,0.116, -0.367, -0.174,-0.149, -0.703, -0.178,0.108, -0.700, -0.330
193251,10.795, -12.000,25,11,5,29,7,48,13,6,25,15,-0.156, 0.488, 0.213,0.096, 0.484, 0.027,-0.182, 0.233, 0.235,0.134, 0.239, -0.057,-0.177, -0.013, 0.272,0.292, 0.079, 0.001,-0.099, -0.010, 0.056,0.099, 0.011, -0.058,-0.091, -0.388, 0.021,0.139, -0.358, -0.138,-0.162, -0.703, -0.147,0.127, -0.697, -0.305
193251,11.398, -12.000,25,12,3,28,7,47,13,7,25,16,-0.155, 0.485, 0.212,0.100, 0.483, 0.031,-0.183, 0.232, 0.234,0.143, 0.239, -0.055,-0.180, -0.015, 0.273,0.303, 0.078, 0.002,-0.099, -0.011, 0.056,0.100, 0.011, -0.057,-0.091, -0.387, 0.023,0.145, -0.356, -0.137,-0.165, -0.703, -0.137,0.130, -0.698, -0.302
193251,11.727, -12.000,25,13,1,28,7,47,13,7,24,15,-0.154, 0.484, 0.212,0.105, 0.483, 0.033,-0.182, 0.232, 0.232,0.150, 0.239, -0.054,-0.182, -0.016, 0.272,0.308, 0.078, 0.002,-0.100, -0.011, 0.056,0.100, 0.011, -0.057,-0.091, -0.384, 0.022,0.142, -0.356, -0.138,-0.165, -0.703, -0.135,0.130, -0.698, -0.303
193251,12.762, -12.000,24,14,15,26,9,46,14,6,26,18,-0.156, 0.484, 0.206,0.109, 0.478, 0.038,-0.194, 0.235, 0.217,0.161, 0.231, -0.046,-0.212, -0.015, 0.264,0.327, 0.075, 0.009,-0.101, -0.011, 0.054,0.101, 0.012, -0.055,-0.100, -0.385, 0.031,0.138, -0.356, -0.116,-0.177, -0.705, -0.132,0.129, -0.698, -0.285
193251,13.244, -12.000,24,14,14,28,10,47,15,10,27,22,-0.155, 0.485, 0.201,0.121, 0.477, 0.040,-0.198, 0.240, 0.212,0.170, 0.230, -0.042,-0.214, -0.009, 0.264,0.335, 0.075, 0.015,-0.102, -0.011, 0.052,0.102, 0.012, -0.053,-0.102, -0.384, 0.037,0.136, -0.350, -0.081,-0.178, -0.705, -0.130,0.126, -0.691, -0.245
193251,13.823, -12.000,23,15,17,27,10,46,16,13,28,27,-0.156, 0.485, 0.184,0.123, 0.466, 0.040,-0.202, 0.240, 0.192,0.178, 0.216, -0.039,-0.236, -0.009, 0.243,0.346, 0.065, 0.015,-0.103, -0.011, 0.048,0.104, 0.012, -0.049,-0.126, -0.383, 0.039,0.116, -0.343, -0.040,-0.218, -0.704, -0.131,0.085, -0.679, -0.199
193251,14.138, -12.000,24,16,19,27,10,46,16,12,29,30,-0.157, 0.486, 0.186,0.126, 0.467, 0.042,-0.208, 0.243, 0.192,0.183, 0.217, -0.040,-0.240, -0.007, 0.242,0.351, 0.065, 0.014,-0.104, -0.011, 0.048,0.104, 0.012, -0.049,-0.130, -0.383, 0.036,0.108, -0.347, -0.044,-0.221, -0.702, -0.148,0.070, -0.681, -0.230
193251,14.609, -12.000,24,19,20,21,8,39,15,2,25,15,-0.145, 0.487, 0.188,0.134, 0.467, 0.048,-0.202, 0.244, 0.194,0.201, 0.227, -0.027,-0.241, -0.007, 0.233,0.360, 0.065, 0.017,-0.104, -0.011, 0.048,0.104, 0.011, -0.049,-0.148, -0.386, 0.016,0.061, -0.376, -0.133,-0.265, -0.705, -0.153,0.017, -0.712, -0.307
193251,14.810, -12.000,24,18,23,24,9,41,15,3,23,12,-0.143, 0.489, 0.192,0.139, 0.467, 0.053,-0.202, 0.246, 0.195,0.202, 0.226, -0.024,-0.240, 0.000, 0.235,0.363, 0.065, 0.022,-0.104, -0.010, 0.049,0.104, 0.010, -0.050,-0.151, -0.392, 0.012,0.053, -0.388, -0.157,-0.265, -0.710, -0.151,0.009, -0.722, -0.333
193252,14.597, -12.000,24,18,24,28,10,43,15,4,22,11,-0.141, 0.491, 0.194,0.143, 0.467, 0.054,-0.201, 0.247, 0.196,0.200, 0.227, -0.025,-0.237, 0.005, 0.236,0.359, 0.068, 0.022,-0.104, -0.009, 0.049,0.104, 0.010, -0.050,-0.151, -0.392, 0.008,0.051, -0.386, -0.168,-0.262, -0.710, -0.153,0.009, -0.720, -0.349
193252,14.865, -12.000,22,18,27,25,9,42,13,5,20,11,-0.114, 0.493, 0.194,0.154, 0.467, 0.038,-0.176, 0.249, 0.197,0.206, 0.227, -0.035,-0.217, 0.006, 0.236,0.364, 0.064, 0.009,-0.103, -0.009, 0.049,0.103, 0.009, -0.050,-0.153, -0.396, 0.011,0.040, -0.390, -0.162,-0.265, -0.717, -0.131,-0.011, -0.722, -0.337
193252,15.284, -12.000,22,20,26,27,9,43,13,5,20,11,-0.106, 0.497, 0.193,0.166, 0.467, 0.034,-0.171, 0.255, 0.197,0.215, 0.229, -0.044,-0.214, 0.014, 0.236,0.372, 0.065, 0.001,-0.103, -0.007, 0.049,0.103, 0.008, -0.050,-0.155, -0.398, 0.011,0.037, -0.391, -0.161,-0.270, -0.717, -0.132,-0.021, -0.723, -0.332
193252,15.134, -12.000,21,20,26,32,11,44,12,6,18,10,-0.090, 0.501, 0.191,0.180, 0.465, 0.023,-0.158, 0.258, 0.197,0.218, 0.227, -0.056,-0.186, 0.016, 0.236,0.369, 0.061, -0.006,-0.103, -0.006, 0.050,0.103, 0.006, -0.051,-0.157, -0.398, 0.015,0.025, -0.393, -0.162,-0.277, -0.719, -0.106,-0.045, -0.728, -0.330
193252,15.047, -12.000,21,19,26,40,12,46,11,6,19,11,-0.084, 0.506, 0.185,0.192, 0.464, 0.025,-0.154, 0.260, 0.189,0.220, 0.226, -0.055,-0.183, 0.020, 0.232,0.367, 0.062, -0.003,-0.103, -0.004, 0.049,0.103, 0.005, -0.050,-0.156, -0.398, 0.016,0.025, -0.393, -0.161,-0.274, -0.720, -0.107,-0.045, -0.727, -0.330
193252,14.990, -12.000,20,20,25,39,14,46,10,6,19,11,-0.080, 0.510, 0.179,0.195, 0.463, 0.020,-0.152, 0.267, 0.184,0.225, 0.224, -0.063,-0.177, 0.026, 0.233,0.366, 0.052, -0.004,-0.103, -0.003, 0.049,0.103, 0.004, -0.050,-0.157, -0.398, 0.016,0.020, -0.395, -0.160,-0.274, -0.719, -0.110,-0.051, -0.730, -0.329
193252,14.811, -12.000,19,20,26,47,16,47,9,7,20,10,-0.070, 0.519, 0.168,0.205, 0.463, 0.018,-0.144, 0.277, 0.171,0.226, 0.224, -0.065,-0.171, 0.037, 0.227,0.363, 0.052, -0.003,-0.103, -0.001, 0.048,0.103, 0.002, -0.049,-0.155, -0.398, 0.016,0.021, -0.395, -0.160,-0.271, -0.719, -0.112,-0.052, -0.729, -0.328
193252,14.047, -12.000,19,19,23,48,18,49,8,5,18,10,-0.075, 0.522, 0.157,0.203, 0.463, 0.018,-0.151, 0.281, 0.161,0.225, 0.221, -0.064,-0.175, 0.044, 0.225,0.350, 0.046, 0.016,-0.103, 0.000, 0.047,0.103, 0.001, -0.048,-0.156, -0.401, 0.012,0.001, -0.399, -0.148,-0.273, -0.725, -0.113,-0.082, -0.735, -0.303
193252,13.699, -12.000,18,19,24,49,18,49,7,5,18,10,-0.076, 0.524, 0.153,0.203, 0.463, 0.016,-0.153, 0.283, 0.155,0.224, 0.218, -0.063,-0.177, 0.047, 0.221,0.344, 0.043, 0.025,-0.103, 0.000, 0.047,0.103, 0.000, -0.048,-0.156, -0.402, 0.012,-0.002, -0.399, -0.145,-0.274, -0.729, -0.108,-0.088, -0.734, -0.298
193252,13.320, -12.000,18,18,22,52,18,50,7,6,18,10,-0.076, 0.526, 0.151,0.204, 0.463, 0.017,-0.153, 0.284, 0.155,0.221, 0.217, -0.063,-0.179, 0.049, 0.222,0.337, 0.040, 0.031,-0.103, 0.001, 0.047,0.103, 0.000, -0.048,-0.156, -0.403, 0.011,-0.008, -0.400, -0.144,-0.274, -0.734, -0.108,-0.100, -0.734, -0.299
193252,13.194, -12.000,18,18,23,52,19,50,7,6,17,11,-0.076, 0.529, 0.151,0.204, 0.465, 0.017,-0.154, 0.286, 0.154,0.221, 0.217, -0.061,-0.179, 0.050, 0.222,0.335, 0.039, 0.035,-0.103, 0.001, 0.047,0.103, -0.001, -0.048,-0.155, -0.403, 0.011,-0.005, -0.400, -0.143,-0.273, -0.736, -0.105,-0.093, -0.733, -0.298
193252,13.232, -12.000,19,17,23,53,20,50,7,5,18,10,-0.077, 0.529, 0.153,0.205, 0.465, 0.025,-0.155, 0.285, 0.154,0.220, 0.217, -0.051,-0.180, 0.050, 0.225,0.335, 0.039, 0.047,-0.103, 0.001, 0.047,0.103, -0.001, -0.048,-0.154, -0.403, 0.011,-0.004, -0.399, -0.144,-0.271, -0.735, -0.107,-0.092, -0.733, -0.299
193252,12.836, -12.000,18,17,22,54,20,49,8,5,17,11,-0.078, 0.528, 0.154,0.204, 0.465, 0.030,-0.156, 0.283, 0.155,0.220, 0.217, -0.046,-0.180, 0.049, 0.227,0.328, 0.036, 0.052,-0.103, 0.002, 0.046,0.103, -0.001, -0.047,-0.154, -0.404, 0.012,-0.008, -0.399, -0.142,-0.271, -0.738, -0.100,-0.105, -0.729, -0.296
193252,12.887, -12.000,19,16,21,56,21,49,9,4,18,11,-0.079, 0.526, 0.160,0.205, 0.464, 0.039,-0.156, 0.281, 0.162,0.220, 0.215, -0.040,-0.180, 0.049, 0.239,0.329, 0.033, 0.057,-0.103, 0.002, 0.046,0.103, -0.002, -0.047,-0.152, -0.404, 0.017,-0.009, -0.397, -0.140,-0.265, -0.738, -0.101,-0.107, -0.721, -0.296
193252,12.713, -12.000,20,16,16,55,21,49,9,5,20,13,-0.080, 0.526, 0.160,0.203, 0.467, 0.035,-0.157, 0.281, 0.171,0.218, 0.217, -0.043,-0.180, 0.050, 0.256,0.326, 0.033, 0.055,-0.103, 0.002, 0.046,0.103, -0.002, -0.047,-0.153, -0.402, 0.017,-0.010, -0.394, -0.142,-0.266, -0.731, -0.116,-0.111, -0.712, -0.309
193252,12.604, -12.000,20,16,16,55,20,49,9,5,20,13,-0.081, 0.526, 0.160,0.202, 0.467, 0.032,-0.157, 0.281, 0.171,0.215, 0.217, -0.044,-0.182, 0.050, 0.255,0.324, 0.033, 0.053,-0.103, 0.002, 0.046,0.103, -0.002, -0.047,-0.153, -0.402, 0.018,-0.014, -0.393, -0.134,-0.265, -0.730, -0.116,-0.118, -0.711, -0.296
193252,12.084, -12.000,21,16,15,52,19,48,10,8,21,13,-0.091, 0.524, 0.158,0.190, 0.468, 0.024,-0.164, 0.280, 0.171,0.206, 0.217, -0.053,-0.191, 0.049, 0.254,0.315, 0.032, 0.042,-0.103, 0.003, 0.046,0.103, -0.002, -0.047,-0.157, -0.402, 0.020,-0.026, -0.393, -0.133,-0.280, -0.725, -0.113,-0.136, -0.712, -0.295
193252,11.721, -12.000,21,15,15,52,19,47,11,8,20,13,-0.099, 0.522, 0.158,0.185, 0.469, 0.024,-0.171, 0.277, 0.169,0.202, 0.217, -0.053,-0.203, 0.047, 0.254,0.308, 0.029, 0.040,-0.103, 0.003, 0.047,0.103, -0.002, -0.048,-0.159, -0.401, 0.025,-0.027, -0.393, -0.133,-0.283, -0.725, -0.094,-0.143, -0.712, -0.296
193252,11.101, -12.000,21,14,16,55,19,47,12,9,20,13,-0.104, 0.517, 0.159,0.182, 0.469, 0.029,-0.175, 0.271, 0.169,0.196, 0.216, -0.044,-0.207, 0.042, 0.253,0.297, 0.029, 0.054,-0.103, 0.003, 0.047,0.103, -0.003, -0.048,-0.159, -0.401, 0.027,-0.027, -0.394, -0.138,-0.285, -0.725, -0.090,-0.145, -0.714, -0.304
193252,11.087, -12.000,21,14,16,54,19,47,13,9,20,13,-0.106, 0.516, 0.160,0.180, 0.471, 0.030,-0.176, 0.269, 0.170,0.195, 0.216, -0.044,-0.209, 0.039, 0.255,0.297, 0.028, 0.053,-0.103, 0.003, 0.047,0.103, -0.003, -0.048,-0.160, -0.401, 0.031,-0.026, -0.394, -0.139,-0.285, -0.724, -0.085,-0.142, -0.714, -0.307
193252,11.111, -12.000,21,14,16,52,19,46,13,10,20,13,-0.109, 0.516, 0.159,0.177, 0.473, 0.028,-0.179, 0.269, 0.168,0.194, 0.217, -0.046,-0.212, 0.039, 0.254,0.298, 0.028, 0.050,-0.103, 0.003, 0.047,0.103, -0.003, -0.048,-0.160, -0.401, 0.030,-0.027, -0.395, -0.143,-0.284, -0.722, -0.088,-0.144, -0.715, -0.312
193252,11.180, -12.000,21,14,18,50,20,46,13,10,20,13,-0.114, 0.514, 0.157,0.173, 0.473, 0.028,-0.183, 0.267, 0.164,0.194, 0.218, -0.046,-0.215, 0.037, 0.249,0.299, 0.028, 0.046,-0.103, 0.003, 0.047,0.103, -0.003, -0.048,-0.162, -0.401, 0.030,-0.030, -0.396, -0.134,-0.284, -0.722, -0.089,-0.150, -0.719, -0.295
193252,11.222, -12.000,21,14,20,50,19,45,12,10,21,13,-0.115, 0.514, 0.155,0.172, 0.474, 0.028,-0.183, 0.267, 0.159,0.193, 0.219, -0.047,-0.218, 0.036, 0.240,0.299, 0.028, 0.044,-0.103, 0.003, 0.046,0.103, -0.003, -0.047,-0.163, -0.401, 0.021,-0.029, -0.397, -0.132,-0.283, -0.722, -0.117,-0.149, -0.721, -0.295
193253,10.707, -12.000,21,13,21,51,19,45,13,11,22,13,-0.117, 0.514, 0.158,0.167, 0.475, 0.029,-0.185, 0.266, 0.161,0.187, 0.219, -0.046,-0.217, 0.030, 0.240,0.290, 0.028, 0.044,-0.103, 0.003, 0.046,0.103, -0.003, -0.047,-0.166, -0.400, 0.021,-0.034, -0.397, -0.133,-0.291, -0.717, -0.117,-0.156, -0.722, -0.298
193253,10.540, -12.000,21,13,22,50,18,45,13,12,21,13,-0.119, 0.513, 0.157,0.164, 0.475, 0.025,-0.186, 0.265, 0.160,0.183, 0.219, -0.049,-0.217, 0.028, 0.237,0.287, 0.028, 0.040,-0.103, 0.003, 0.047,0.103, -0.003, -0.048,-0.167, -0.399, 0.021,-0.037, -0.397, -0.134,-0.295, -0.716, -0.114,-0.158, -0.724, -0.299
193253,10.366, -12.000,20,13,21,51,18,44,13,12,22,14,-0.119, 0.513, 0.151,0.163, 0.477, 0.019,-0.186, 0.264, 0.155,0.181, 0.219, -0.055,-0.216, 0.028, 0.233,0.284, 0.028, 0.032,-0.103, 0.003, 0.047,0.103, -0.002, -0.048,-0.169, -0.399, 0.018,-0.036, -0.398, -0.135,-0.296, -0.714, -0.121,-0.157, -0.724, -0.307
193253,10.315, -12.000,20,13,22,51,18,44,13,12,22,14,-0.119, 0.513, 0.148,0.163, 0.477, 0.018,-0.186, 0.264, 0.151,0.180, 0.219, -0.055,-0.216, 0.027, 0.229,0.283, 0.028, 0.031,-0.103, 0.003, 0.047,0.103, -0.002, -0.048,-0.169, -0.399, 0.017,-0.036, -0.399, -0.134,-0.296, -0.713, -0.123,-0.156, -0.727, -0.305
193253,10.234, -12.000,20,13,22,51,18,44,12,12,22,14,-0.120, 0.513, 0.147,0.162, 0.478, 0.016,-0.186, 0.263, 0.150,0.180, 0.219, -0.057,-0.216, 0.027, 0.227,0.282, 0.029, 0.028,-0.103, 0.003, 0.047,0.103, -0.002, -0.048,-0.169, -0.399, 0.017,-0.035, -0.399, -0.134,-0.296, -0.712, -0.125,-0.156, -0.729, -0.303
193253,10.224, -12.000,20,13,22,51,18,44,13,12,22,14,-0.119, 0.513, 0.147,0.163, 0.478, 0.016,-0.185, 0.264, 0.150,0.180, 0.219, -0.056,-0.215, 0.027, 0.227,0.282, 0.029, 0.030,-0.103, 0.003, 0.047,0.103, -0.002, -0.048,-0.171, -0.398, 0.017,-0.034, -0.399, -0.134,-0.296, -0.710, -0.130,-0.157, -0.729, -0.306
193253,10.189, -12.000,20,13,22,51,18,44,13,12,22,14,-0.119, 0.512, 0.147,0.162, 0.478, 0.016,-0.185, 0.264, 0.150,0.179, 0.219, -0.056,-0.215, 0.028, 0.228,0.281, 0.029, 0.030,-0.103, 0.003, 0.047,0.103, -0.002, -0.048,-0.173, -0.398, 0.017,-0.034, -0.400, -0.134,-0.298, -0.709, -0.130,-0.157, -0.729, -0.306
193253,10.219, -12.000,20,13,21,51,18,44,13,12,21,14,-0.118, 0.513, 0.144,0.162, 0.479, 0.011,-0.185, 0.265, 0.149,0.179, 0.219, -0.059,-0.215, 0.028, 0.226,0.282, 0.030, 0.028,-0.103, 0.003, 0.047,0.103, -0.002, -0.048,-0.174, -0.397, 0.017,-0.034, -0.400, -0.135,-0.298, -0.709, -0.126,-0.155, -0.729, -0.307
193253,10.232, -12.000,20,13,21,50,18,44,13,13,21,14,-0.117, 0.514, 0.141,0.163, 0.479, 0.007,-0.185, 0.265, 0.147,0.179, 0.219, -0.061,-0.215, 0.029, 0.225,0.282, 0.031, 0.027,-0.103, 0.003, 0.047,0.103, -0.002, -0.048,-0.175, -0.397, 0.016,-0.034, -0.400, -0.136,-0.298, -0.710, -0.124,-0.155, -0.729, -0.308
193253,10.173, -12.000,20,13,20,50,18,44,13,13,20,13,-0.116, 0.514, 0.141,0.164, 0.479, 0.005,-0.185, 0.265, 0.147,0.179, 0.219, -0.061,-0.214, 0.029, 0.225,0.281, 0.033, 0.028,-0.103, 0.003, 0.047,0.103, -0.002, -0.048,-0.175, -0.397, 0.016,-0.033, -0.400, -0.138,-0.299, -0.711, -0.114,-0.152, -0.731, -0.308
193253,10.130, -12.000,20,13,20,51,18,44,12,12,19,13,-0.115, 0.514, 0.140,0.164, 0.479, 0.005,-0.185, 0.265, 0.147,0.179, 0.220, -0.061,-0.213, 0.029, 0.225,0.280, 0.035, 0.029,-0.103, 0.003, 0.047,0.103, -0.002, -0.048,-0.175, -0.397, 0.016,-0.033, -0.400, -0.139,-0.300, -0.711, -0.110,-0.151, -0.731, -0.308
193253,10.024, -12.000,21,12,20,52,19,44,13,13,20,13,-0.115, 0.514, 0.143,0.163, 0.479, 0.008,-0.186, 0.266, 0.149,0.177, 0.219, -0.060,-0.216, 0.029, 0.228,0.278, 0.033, 0.029,-0.103, 0.003, 0.047,0.103, -0.002, -0.048,-0.176, -0.397, 0.015,-0.035, -0.400, -0.139,-0.302, -0.711, -0.115,-0.157, -0.731, -0.310
193253,10.011, -12.000,21,12,21,52,18,44,13,13,20,13,-0.114, 0.513, 0.144,0.163, 0.479, 0.009,-0.187, 0.266, 0.150,0.177, 0.219, -0.060,-0.217, 0.029, 0.228,0.278, 0.033, 0.029,-0.103, 0.003, 0.047,0.103, -0.002, -0.048,-0.177, -0.397, 0.014,-0.037, -0.400, -0.140,-0.303, -0.711, -0.118,-0.158, -0.732, -0.310
193253,10.052, -12.000,20,12,20,54,18,46,12,12,20,13,-0.112, 0.514, 0.144,0.167, 0.479, 0.009,-0.184, 0.266, 0.150,0.178, 0.218, -0.056,-0.217, 0.029, 0.229,0.279, 0.033, 0.044,-0.103, 0.003, 0.047,0.103, -0.003, -0.048,-0.176, -0.396, 0.013,-0.034, -0.401, -0.144,-0.303, -0.709, -0.122,-0.155, -0.731, -0.319
193253,10.103, -12.000,20,11,20,55,18,47,12,12,20,13,-0.110, 0.514, 0.144,0.169, 0.479, 0.009,-0.182, 0.266, 0.150,0.179, 0.218, -0.055,-0.217, 0.030, 0.231,0.280, 0.033, 0.047,-0.103, 0.003, 0.047,0.103, -0.003, -0.048,-0.176, -0.396, 0.012,-0.032, -0.401, -0.147,-0.302, -0.708, -0.125,-0.153, -0.731, -0.324
193253,10.134, -12.000,20,11,20,56,18,47,12,12,20,13,-0.108, 0.514, 0.144,0.170, 0.479, 0.009,-0.181, 0.266, 0.150,0.179, 0.217, -0.054,-0.217, 0.030, 0.232,0.280, 0.033, 0.047,-0.103, 0.003, 0.047,0.103, -0.003, -0.048,-0.175, -0.395, 0.012,-0.030, -0.401, -0.148,-0.302, -0.707, -0.126,-0.151, -0.731, -0.325
193253,10.092, -12.000,20,11,19,57,19,47,11,12,20,12,-0.109, 0.514, 0.140,0.170, 0.479, 0.007,-0.181, 0.266, 0.147,0.178, 0.216, -0.054,-0.219, 0.032, 0.231,0.279, 0.033, 0.046,-0.103, 0.003, 0.047,0.103, -0.003, -0.048,-0.175, -0.396, 0.012,-0.031, -0.401, -0.144,-0.302, -0.708, -0.125,-0.151, -0.732, -0.314
193253,10.072, -12.000,20,11,19,58,19,47,11,12,20,12,-0.109, 0.514, 0.139,0.170, 0.478, 0.006,-0.181, 0.267, 0.146,0.177, 0.215, -0.055,-0.220, 0.033, 0.231,0.279, 0.032, 0.046,-0.103, 0.003, 0.047,0.103, -0.003, -0.048,-0.175, -0.396, 0.012,-0.032, -0.402, -0.143,-0.302, -0.710, -0.125,-0.152, -0.733, -0.310
193253,10.018, -12.000,20,11,20,57,19,47,12,12,20,13,-0.110, 0.513, 0.140,0.169, 0.477, 0.007,-0.181, 0.265, 0.147,0.176, 0.213, -0.052,-0.222, 0.032, 0.231,0.278, 0.030, 0.050,-0.103, 0.003, 0.048,0.103, -0.003, -0.049,-0.175, -0.396, 0.015,-0.032, -0.402, -0.142,-0.304, -0.709, -0.121,-0.152, -0.733, -0.309
193253,9.987, -12.000,20,10,21,58,19,47,12,12,20,13,-0.111, 0.513, 0.143,0.168, 0.477, 0.009,-0.181, 0.265, 0.148,0.175, 0.213, -0.051,-0.222, 0.031, 0.232,0.278, 0.030, 0.053,-0.103, 0.003, 0.048,0.103, -0.003, -0.049,-0.175, -0.396, 0.015,-0.032, -0.402, -0.142,-0.305, -0.708, -0.121,-0.152, -0.733, -0.310
193253,9.750, -12.000,20,10,20,60,19,47,12,12,20,13,-0.112, 0.514, 0.141,0.167, 0.477, 0.008,-0.181, 0.265, 0.148,0.171, 0.213, -0.051,-0.222, 0.033, 0.232,0.273, 0.030, 0.053,-0.103, 0.003, 0.049,0.103, -0.003, -0.050,-0.175, -0.395, 0.014,-0.033, -0.402, -0.143,-0.306, -0.707, -0.121,-0.154, -0.733, -0.312
193253,9.607, -12.000,20,9,19,62,19,47,12,12,21,13,-0.112, 0.514, 0.140,0.167, 0.477, 0.007,-0.181, 0.265, 0.147,0.170, 0.212, -0.051,-0.222, 0.033, 0.231,0.271, 0.030, 0.053,-0.103, 0.003, 0.049,0.103, -0.003, -0.050,-0.175, -0.395, 0.012,-0.034, -0.402, -0.144,-0.306, -0.705, -0.126,-0.155, -0.733, -0.314
193254,9.516, -12.000,20,9,19,63,19,47,12,12,21,13,-0.113, 0.514, 0.139,0.167, 0.477, 0.007,-0.181, 0.266, 0.146,0.169, 0.212, -0.051,-0.221, 0.034, 0.231,0.269, 0.030, 0.053,-0.103, 0.003, 0.049,0.103, -0.003, -0.050,-0.175, -0.395, 0.010,-0.034, -0.402, -0.144,-0.307, -0.703, -0.133,-0.155, -0.732, -0.317
193254,9.396, -12.000,20,9,20,63,19,47,12,12,20,13,-0.113, 0.514, 0.140,0.167, 0.476, 0.007,-0.181, 0.265, 0.147,0.167, 0.211, -0.050,-0.220, 0.033, 0.231,0.267, 0.029, 0.055,-0.103, 0.004, 0.050,0.102, -0.003, -0.051,-0.176, -0.394, 0.014,-0.036, -0.402, -0.144,-0.308, -0.703, -0.119,-0.159, -0.733, -0.317
193254,9.339, -12.000,20,9,20,64,19,47,12,12,20,13,-0.113, 0.513, 0.141,0.166, 0.476, 0.008,-0.181, 0.264, 0.147,0.167, 0.209, -0.049,-0.219, 0.032, 0.232,0.266, 0.028, 0.056,-0.102, 0.004, 0.050,0.102, -0.003, -0.051,-0.177, -0.394, 0.016,-0.037, -0.402, -0.144,-0.309, -0.703, -0.113,-0.160, -0.733, -0.317
193254,9.404, -12.000,20,9,21,64,19,46,13,12,20,13,-0.113, 0.513, 0.145,0.166, 0.476, 0.013,-0.181, 0.264, 0.150,0.167, 0.210, -0.049,-0.218, 0.032, 0.234,0.267, 0.028, 0.045,-0.102, 0.004, 0.050,0.102, -0.003, -0.051,-0.177, -0.394, 0.016,-0.036, -0.402, -0.145,-0.309, -0.704, -0.114,-0.158, -0.732, -0.317
193254,9.446, -12.000,20,9,22,64,19,46,13,12,20,13,-0.113, 0.513, 0.148,0.166, 0.477, 0.016,-0.180, 0.264, 0.152,0.167, 0.211, -0.050,-0.217, 0.032, 0.235,0.268, 0.027, 0.041,-0.102, 0.004, 0.050,0.102, -0.003, -0.051,-0.177, -0.394, 0.016,-0.034, -0.402, -0.146,-0.310, -0.704, -0.114,-0.155, -0.732, -0.318
193254,9.447, -12.000,19,9,21,64,19,47,12,12,19,13,-0.111, 0.513, 0.144,0.168, 0.477, 0.010,-0.179, 0.264, 0.150,0.167, 0.211, -0.054,-0.213, 0.032, 0.232,0.268, 0.028, 0.040,-0.102, 0.004, 0.050,0.102, -0.003, -0.051,-0.176, -0.394, 0.013,-0.034, -0.402, -0.146,-0.307, -0.705, -0.115,-0.152, -0.733, -0.316
193254,9.444, -12.000,19,9,20,64,19,47,12,12,19,13,-0.110, 0.514, 0.143,0.168, 0.477, 0.007,-0.178, 0.265, 0.149,0.168, 0.211, -0.056,-0.210, 0.032, 0.231,0.268, 0.029, 0.040,-0.102, 0.004, 0.050,0.102, -0.003, -0.051,-0.175, -0.394, 0.012,-0.034, -0.402, -0.146,-0.306, -0.706, -0.115,-0.150, -0.734, -0.316
193254,9.455, -12.000,20,10,20,64,19,46,11,11,19,13,-0.107, 0.514, 0.143,0.170, 0.478, 0.007,-0.178, 0.265, 0.149,0.169, 0.212, -0.058,-0.210, 0.032, 0.230,0.268, 0.029, 0.033,-0.102, 0.004, 0.050,0.102, -0.003, -0.051,-0.175, -0.394, 0.012,-0.031, -0.402, -0.146,-0.303, -0.706, -0.115,-0.146, -0.733, -0.316
193254,9.468, -12.000,20,10,21,64,19,46,11,11,19,13,-0.106, 0.514, 0.143,0.171, 0.478, 0.007,-0.178, 0.266, 0.149,0.170, 0.213, -0.060,-0.209, 0.032, 0.229,0.268, 0.029, 0.030,-0.102, 0.004, 0.050,0.102, -0.003, -0.051,-0.174, -0.394, 0.012,-0.029, -0.401, -0.146,-0.302, -0.707, -0.114,-0.143, -0.733, -0.316
193254,9.483, -12.000,20,10,21,64,19,46,11,11,18,12,-0.105, 0.514, 0.143,0.172, 0.478, 0.007,-0.177, 0.266, 0.149,0.171, 0.213, -0.061,-0.208, 0.032, 0.229,0.269, 0.029, 0.027,-0.102, 0.004, 0.050,0.102, -0.003, -0.051,-0.174, -0.394, 0.013,-0.027, -0.401, -0.146,-0.301, -0.707, -0.113,-0.142, -0.733, -0.316
193254,9.422, -12.000,20,11,21,63,19,46,11,11,18,12,-0.105, 0.514, 0.143,0.171, 0.479, 0.006,-0.177, 0.266, 0.149,0.171, 0.214, -0.061,-0.208, 0.031, 0.227,0.267, 0.031, 0.027,-0.102, 0.004, 0.050,0.102, -0.003, -0.051,-0.174, -0.393, 0.015,-0.030, -0.401, -0.145,-0.301, -0.708, -0.105,-0.144, -0.733, -0.310
193254,9.398, -12.000,20,11,22,62,18,46,11,11,18,12,-0.104, 0.514, 0.143,0.170, 0.479, 0.006,-0.177, 0.266, 0.149,0.171, 0.215, -0.061,-0.208, 0.030, 0.227,0.267, 0.032, 0.028,-0.102, 0.004, 0.051,0.102, -0.003, -0.052,-0.174, -0.393, 0.017,-0.031, -0.401, -0.144,-0.301, -0.708, -0.101,-0.146, -0.734, -0.308
193254,9.441, -12.000,20,11,22,62,18,46,11,11,19,13,-0.104, 0.514, 0.143,0.170, 0.479, 0.004,-0.177, 0.266, 0.149,0.171, 0.215, -0.067,-0.208, 0.031, 0.227,0.268, 0.032, 0.018,-0.102, 0.004, 0.051,0.102, -0.003, -0.052,-0.174, -0.394, 0.016,-0.031, -0.401, -0.144,-0.302, -0.708, -0.108,-0.146, -0.733, -0.312
193254,9.465, -12.000,20,12,22,61,19,46,11,11,19,13,-0.104, 0.514, 0.143,0.170, 0.479, 0.003,-0.177, 0.266, 0.149,0.171, 0.215, -0.070,-0.208, 0.031, 0.227,0.268, 0.033, 0.015,-0.102, 0.004, 0.051,0.102, -0.003, -0.052,-0.174, -0.394, 0.016,-0.031, -0.401, -0.145,-0.302, -0.707, -0.111,-0.146, -0.733, -0.315
193254,9.414, -12.000,20,12,23,61,18,46,11,12,18,13,-0.104, 0.514, 0.145,0.169, 0.479, 0.003,-0.176, 0.266, 0.150,0.171, 0.215, -0.069,-0.208, 0.031, 0.227,0.267, 0.033, 0.018,-0.102, 0.004, 0.051,0.102, -0.003, -0.052,-0.174, -0.394, 0.016,-0.031, -0.400, -0.153,-0.303, -0.707, -0.106,-0.147, -0.729, -0.328
193254,9.384, -12.000,19,11,24,61,18,46,12,12,18,12,-0.104, 0.513, 0.147,0.169, 0.479, 0.004,-0.176, 0.265, 0.151,0.171, 0.215, -0.068,-0.207, 0.030, 0.227,0.267, 0.033, 0.019,-0.101, 0.004, 0.051,0.101, -0.003, -0.052,-0.174, -0.393, 0.017,-0.031, -0.399, -0.156,-0.303, -0.707, -0.103,-0.148, -0.728, -0.332
193254,9.376, -12.000,19,10,24,62,18,47,12,11,18,12,-0.103, 0.513, 0.150,0.171, 0.479, 0.010,-0.175, 0.265, 0.153,0.172, 0.215, -0.057,-0.207, 0.029, 0.227,0.267, 0.034, 0.040,-0.101, 0.004, 0.051,0.101, -0.003, -0.052,-0.174, -0.393, 0.017,-0.030, -0.399, -0.156,-0.303, -0.707, -0.102,-0.147, -0.728, -0.331
193254,9.372, -12.000,19,10,25,62,18,47,12,11,18,12,-0.102, 0.512, 0.153,0.172, 0.479, 0.013,-0.174, 0.264, 0.155,0.173, 0.216, -0.052,-0.206, 0.028, 0.228,0.267, 0.035, 0.047,-0.101, 0.004, 0.051,0.101, -0.003, -0.052,-0.174, -0.393, 0.017,-0.029, -0.399, -0.156,-0.303, -0.707, -0.101,-0.146, -0.728, -0.331
193254,9.361, -12.000,19,10,25,63,18,48,12,11,18,12,-0.102, 0.512, 0.154,0.173, 0.479, 0.014,-0.174, 0.264, 0.156,0.173, 0.216, -0.050,-0.206, 0.028, 0.229,0.266, 0.036, 0.050,-0.101, 0.004, 0.051,0.101, -0.003, -0.052,-0.174, -0.393, 0.018,-0.029, -0.399, -0.156,-0.303, -0.707, -0.101,-0.146, -0.728, -0.331
193254,9.306, -12.000,19,10,24,64,18,48,12,11,18,12,-0.103, 0.512, 0.154,0.173, 0.478, 0.016,-0.174, 0.264, 0.156,0.172, 0.215, -0.049,-0.206, 0.028, 0.230,0.265, 0.036, 0.051,-0.101, 0.004, 0.051,0.101, -0.003, -0.052,-0.174, -0.393, 0.018,-0.029, -0.399, -0.153,-0.303, -0.707, -0.101,-0.147, -0.728, -0.323
193254,9.270, -12.000,19,9,24,64,18,48,12,11,18,12,-0.104, 0.512, 0.154,0.173, 0.478, 0.017,-0.174, 0.264, 0.156,0.172, 0.215, -0.049,-0.206, 0.028, 0.230,0.265, 0.035, 0.050,-0.101, 0.004, 0.051,0.101, -0.003, -0.052,-0.174, -0.393, 0.017,-0.030, -0.400, -0.151,-0.303, -0.707, -0.102,-0.148, -0.729, -0.319
193254,9.147, -12.000,19,10,25,63,17,47,12,11,17,11,-0.105, 0.510, 0.154,0.171, 0.478, 0.015,-0.175, 0.262, 0.155,0.171, 0.214, -0.051,-0.208, 0.025, 0.225,0.263, 0.033, 0.048,-0.101, 0.004, 0.052,0.101, -0.003, -0.053,-0.175, -0.393, 0.022,-0.033, -0.400, -0.149,-0.308, -0.707, -0.085,-0.155, -0.730, -0.310
193255,9.071, -12.000,19,10,26,62,17,47,13,11,17,11,-0.106, 0.508, 0.153,0.169, 0.477, 0.014,-0.176, 0.258, 0.155,0.170, 0.212, -0.053,-0.209, 0.022, 0.223,0.261, 0.029, 0.043,-0.101, 0.004, 0.053,0.101, -0.003, -0.054,-0.176, -0.392, 0.027,-0.038, -0.400, -0.145,-0.311, -0.707, -0.073,-0.161, -0.731, -0.299
193255,9.167, -12.000,19,10,26,62,17,46,13,11,17,12,-0.105, 0.509, 0.153,0.171, 0.477, 0.014,-0.176, 0.259, 0.153,0.172, 0.213, -0.052,-0.209, 0.023, 0.223,0.263, 0.029, 0.044,-0.101, 0.004, 0.052,0.101, -0.003, -0.053,-0.176, -0.392, 0.027,-0.036, -0.400, -0.146,-0.308, -0.709, -0.076,-0.160, -0.731, -0.307
193255,9.226, -12.000,19,10,26,62,17,46,13,11,17,12,-0.104, 0.509, 0.153,0.171, 0.477, 0.014,-0.176, 0.259, 0.153,0.173, 0.213, -0.052,-0.209, 0.023, 0.222,0.264, 0.029, 0.044,-0.101, 0.004, 0.052,0.101, -0.003, -0.053,-0.176, -0.393, 0.026,-0.035, -0.400, -0.146,-0.306, -0.711, -0.077,-0.160, -0.731, -0.311
193255,9.281, -12.000,19,10,26,61,18,46,13,11,17,12,-0.104, 0.509, 0.153,0.172, 0.477, 0.014,-0.176, 0.260, 0.153,0.173, 0.213, -0.052,-0.209, 0.023, 0.222,0.265, 0.030, 0.044,-0.101, 0.004, 0.052,0.101, -0.003, -0.053,-0.175, -0.393, 0.026,-0.035, -0.400, -0.146,-0.304, -0.712, -0.079,-0.159, -0.731, -0.313
193255,9.311, -12.000,19,10,26,62,17,46,13,11,17,12,-0.102, 0.508, 0.153,0.173, 0.476, 0.014,-0.174, 0.259, 0.153,0.174, 0.212, -0.052,-0.209, 0.023, 0.222,0.266, 0.028, 0.044,-0.101, 0.004, 0.052,0.101, -0.003, -0.053,-0.175, -0.393, 0.026,-0.035, -0.400, -0.145,-0.304, -0.711, -0.081,-0.159, -0.731, -0.310
193255,9.332, -12.000,19,10,26,63,17,46,13,11,17,12,-0.102, 0.508, 0.153,0.174, 0.476, 0.014,-0.173, 0.259, 0.153,0.174, 0.211, -0.051,-0.209, 0.023, 0.223,0.266, 0.028, 0.044,-0.101, 0.004, 0.052,0.101, -0.003, -0.053,-0.175, -0.393, 0.026,-0.035, -0.400, -0.144,-0.304, -0.711, -0.082,-0.158, -0.731, -0.307
193255,9.457, -12.000,20,11,25,61,17,45,13,11,18,12,-0.102, 0.508, 0.154,0.171, 0.476, 0.013,-0.173, 0.260, 0.156,0.173, 0.211, -0.058,-0.209, 0.024, 0.229,0.268, 0.026, 0.028,-0.101, 0.004, 0.052,0.101, -0.003, -0.053,-0.175, -0.393, 0.026,-0.035, -0.400, -0.145,-0.304, -0.709, -0.088,-0.158, -0.731, -0.309
193255,9.544, -12.000,20,11,24,60,17,45,13,11,18,12,-0.101, 0.508, 0.154,0.170, 0.476, 0.011,-0.174, 0.260, 0.158,0.172, 0.210, -0.062,-0.209, 0.024, 0.232,0.270, 0.025, 0.021,-0.101, 0.004, 0.053,0.101, -0.004, -0.054,-0.175, -0.393, 0.026,-0.036, -0.400, -0.145,-0.304, -0.709, -0.090,-0.159, -0.731, -0.309
